filepath,label,split
C:\Users\Admin\Desktop\dataset train\Dataset\Pneumonia-Viral\Pneumonia-Viral (1166).jpg,Pneumonia-Viral,train
C:\Users\Admin\Desktop\dataset train\Dataset\Normal\Normal (1956).jpg,Normal,train
C:\Users\Admin\Desktop\dataset train\Dataset\Normal\Normal (1307).jpg,Normal,train
C:\Users\Admin\Desktop\dataset train\Dataset\Pneumonia-Bacterial\Pneumonia-Bacterial (2793).jpg,Pneumonia-Bacterial,train
C:\Users\Admin\Desktop\dataset train\Dataset\COVID\COVID-19 (21).jpg,COVID,train
C:\Users\Admin\Desktop\dataset train\Dataset\Pneumonia-Bacterial\Pneumonia-Bacterial (1895).jpg,Pneumonia-Bacterial,train
C:\Users\Admin\Desktop\dataset train\Dataset\Normal\Normal (2900).jpg,Normal,train
C:\Users\Admin\Desktop\dataset train\Dataset\Pneumonia-Bacterial\Pneumonia-Bacterial (227).jpg,Pneumonia-Bacterial,train
C:\Users\Admin\Desktop\dataset train\Dataset\Normal\Normal (2379).jpg,Normal,train
C:\Users\Admin\Desktop\dataset train\Dataset\COVID\COVID-19 (371).jpg,COVID,train
C:\Users\Admin\Desktop\dataset train\Dataset\Pneumonia-Bacterial\Pneumonia-Bacterial (1361).jpg,Pneumonia-Bacterial,train
C:\Users\Admin\Desktop\dataset train\Dataset\Normal\Normal (236).jpg,Normal,train
C:\Users\Admin\Desktop\dataset train\Dataset\Pneumonia-Bacterial\Pneumonia-Bacterial (2445).jpg,Pneumonia-Bacterial,train
C:\Users\Admin\Desktop\dataset train\Dataset\Normal\Normal (1729).jpg,Normal,train
C:\Users\Admin\Desktop\dataset train\Dataset\COVID\COVID-19 (96).jpg,COVID,train
C:\Users\Admin\Desktop\dataset train\Dataset\Pneumonia-Viral\Pneumonia-Viral (1653).jpg,Pneumonia-Viral,train
C:\Users\Admin\Desktop\dataset train\Dataset\Normal\Normal (2963).jpg,Normal,train
C:\Users\Admin\Desktop\dataset train\Dataset\Normal\Normal (1081).jpg,Normal,train
C:\Users\Admin\Desktop\dataset train\Dataset\Normal\Normal (1894).jpg,Normal,train
C:\Users\Admin\Desktop\dataset train\Dataset\Pneumonia-Bacterial\Pneumonia-Bacterial (2265).jpg,Pneumonia-Bacterial,train
C:\Users\Admin\Desktop\dataset train\Dataset\Pneumonia-Bacterial\Pneumonia-Bacterial (1256).jpg,Pneumonia-Bacterial,train
C:\Users\Admin\Desktop\dataset train\Dataset\Pneumonia-Viral\Pneumonia-Viral (1416).jpg,Pneumonia-Viral,train
C:\Users\Admin\Desktop\dataset train\Dataset\COVID\COVID-19 (74).jpg,COVID,train
C:\Users\Admin\Desktop\dataset train\Dataset\Pneumonia-Bacterial\Pneumonia-Bacterial (2060).jpg,Pneumonia-Bacterial,train
C:\Users\Admin\Desktop\dataset train\Dataset\Normal\Normal (1018).jpg,Normal,train
C:\Users\Admin\Desktop\dataset train\Dataset\Pneumonia-Bacterial\Pneumonia-Bacterial (2879).jpg,Pneumonia-Bacterial,train
C:\Users\Admin\Desktop\dataset train\Dataset\Normal\Normal (616).jpg,Normal,train
C:\Users\Admin\Desktop\dataset train\Dataset\Normal\Normal (783).jpg,Normal,train
C:\Users\Admin\Desktop\dataset train\Dataset\Pneumonia-Bacterial\Pneumonia-Bacterial (758).jpg,Pneumonia-Bacterial,train
C:\Users\Admin\Desktop\dataset train\Dataset\Normal\Normal (2090).jpg,Normal,train
C:\Users\Admin\Desktop\dataset train\Dataset\COVID\COVID-19 (232).jpg,COVID,train
C:\Users\Admin\Desktop\dataset train\Dataset\Pneumonia-Bacterial\Pneumonia-Bacterial (127).jpg,Pneumonia-Bacterial,train
C:\Users\Admin\Desktop\dataset train\Dataset\Pneumonia-Bacterial\Pneumonia-Bacterial (344).jpg,Pneumonia-Bacterial,train
C:\Users\Admin\Desktop\dataset train\Dataset\Normal\Normal (1214).jpg,Normal,train
C:\Users\Admin\Desktop\dataset train\Dataset\Pneumonia-Bacterial\Pneumonia-Bacterial (2926).jpg,Pneumonia-Bacterial,train
C:\Users\Admin\Desktop\dataset train\Dataset\Pneumonia-Bacterial\Pneumonia-Bacterial (2058).jpg,Pneumonia-Bacterial,train
C:\Users\Admin\Desktop\dataset train\Dataset\Normal\Normal (2882).jpg,Normal,train
C:\Users\Admin\Desktop\dataset train\Dataset\Pneumonia-Bacterial\Pneumonia-Bacterial (665).jpg,Pneumonia-Bacterial,train
C:\Users\Admin\Desktop\dataset train\Dataset\Pneumonia-Bacterial\Pneumonia-Bacterial (1791).jpg,Pneumonia-Bacterial,train
C:\Users\Admin\Desktop\dataset train\Dataset\Pneumonia-Viral\Pneumonia-Viral (215).jpg,Pneumonia-Viral,train
C:\Users\Admin\Desktop\dataset train\Dataset\Pneumonia-Viral\Pneumonia-Viral (1334).jpg,Pneumonia-Viral,train
C:\Users\Admin\Desktop\dataset train\Dataset\Pneumonia-Bacterial\Pneumonia-Bacterial (2897).jpg,Pneumonia-Bacterial,train
C:\Users\Admin\Desktop\dataset train\Dataset\Pneumonia-Viral\Pneumonia-Viral (566).jpg,Pneumonia-Viral,train
C:\Users\Admin\Desktop\dataset train\Dataset\Normal\Normal (1290).jpg,Normal,train
C:\Users\Admin\Desktop\dataset train\Dataset\Pneumonia-Viral\Pneumonia-Viral (160).jpg,Pneumonia-Viral,train
C:\Users\Admin\Desktop\dataset train\Dataset\COVID\COVID-19 (540).jpg,COVID,train
C:\Users\Admin\Desktop\dataset train\Dataset\Pneumonia-Bacterial\Pneumonia-Bacterial (2357).jpg,Pneumonia-Bacterial,train
C:\Users\Admin\Desktop\dataset train\Dataset\Pneumonia-Bacterial\Pneumonia-Bacterial (2241).jpg,Pneumonia-Bacterial,train
C:\Users\Admin\Desktop\dataset train\Dataset\Pneumonia-Bacterial\Pneumonia-Bacterial (1870).jpg,Pneumonia-Bacterial,train
C:\Users\Admin\Desktop\dataset train\Dataset\Normal\Normal (1966).jpg,Normal,train
C:\Users\Admin\Desktop\dataset train\Dataset\Pneumonia-Bacterial\Pneumonia-Bacterial (2658).jpg,Pneumonia-Bacterial,train
C:\Users\Admin\Desktop\dataset train\Dataset\Pneumonia-Viral\Pneumonia-Viral (1525).jpg,Pneumonia-Viral,train
C:\Users\Admin\Desktop\dataset train\Dataset\Pneumonia-Bacterial\Pneumonia-Bacterial (1036).jpg,Pneumonia-Bacterial,train
C:\Users\Admin\Desktop\dataset train\Dataset\Normal\Normal (2599).jpg,Normal,train
C:\Users\Admin\Desktop\dataset train\Dataset\COVID\COVID-19 (1037).jpg,COVID,train
C:\Users\Admin\Desktop\dataset train\Dataset\Pneumonia-Bacterial\Pneumonia-Bacterial (2374).jpg,Pneumonia-Bacterial,train
C:\Users\Admin\Desktop\dataset train\Dataset\Pneumonia-Bacterial\Pneumonia-Bacterial (1963).jpg,Pneumonia-Bacterial,train
C:\Users\Admin\Desktop\dataset train\Dataset\Normal\Normal (1669).jpg,Normal,train
C:\Users\Admin\Desktop\dataset train\Dataset\Normal\Normal (3229).jpg,Normal,train
C:\Users\Admin\Desktop\dataset train\Dataset\Pneumonia-Bacterial\Pneumonia-Bacterial (690).jpg,Pneumonia-Bacterial,train
C:\Users\Admin\Desktop\dataset train\Dataset\Normal\Normal (475).jpg,Normal,train
C:\Users\Admin\Desktop\dataset train\Dataset\Pneumonia-Viral\Pneumonia-Viral (1368).jpg,Pneumonia-Viral,train
C:\Users\Admin\Desktop\dataset train\Dataset\Normal\Normal (684).jpg,Normal,train
C:\Users\Admin\Desktop\dataset train\Dataset\Normal\Normal (2495).jpg,Normal,train
C:\Users\Admin\Desktop\dataset train\Dataset\Pneumonia-Bacterial\Pneumonia-Bacterial (2602).jpg,Pneumonia-Bacterial,train
C:\Users\Admin\Desktop\dataset train\Dataset\Pneumonia-Viral\Pneumonia-Viral (1456).jpg,Pneumonia-Viral,train
C:\Users\Admin\Desktop\dataset train\Dataset\COVID\COVID-19 (1256).jpg,COVID,train
C:\Users\Admin\Desktop\dataset train\Dataset\COVID\COVID-19 (1103).jpg,COVID,train
C:\Users\Admin\Desktop\dataset train\Dataset\Normal\Normal (1538).jpg,Normal,train
C:\Users\Admin\Desktop\dataset train\Dataset\Normal\Normal (2970).jpg,Normal,train
C:\Users\Admin\Desktop\dataset train\Dataset\Normal\Normal (1339).jpg,Normal,train
C:\Users\Admin\Desktop\dataset train\Dataset\COVID\COVID-19 (237).jpg,COVID,train
C:\Users\Admin\Desktop\dataset train\Dataset\COVID\COVID-19 (691).jpg,COVID,train
C:\Users\Admin\Desktop\dataset train\Dataset\Pneumonia-Viral\Pneumonia-Viral (344).jpg,Pneumonia-Viral,train
C:\Users\Admin\Desktop\dataset train\Dataset\Pneumonia-Bacterial\Pneumonia-Bacterial (334).jpg,Pneumonia-Bacterial,train
C:\Users\Admin\Desktop\dataset train\Dataset\Normal\Normal (189).jpg,Normal,train
C:\Users\Admin\Desktop\dataset train\Dataset\Pneumonia-Viral\Pneumonia-Viral (1118).jpg,Pneumonia-Viral,train
C:\Users\Admin\Desktop\dataset train\Dataset\Normal\Normal (3248).jpg,Normal,train
C:\Users\Admin\Desktop\dataset train\Dataset\Pneumonia-Bacterial\Pneumonia-Bacterial (647).jpg,Pneumonia-Bacterial,train
C:\Users\Admin\Desktop\dataset train\Dataset\Pneumonia-Bacterial\Pneumonia-Bacterial (1681).jpg,Pneumonia-Bacterial,train
C:\Users\Admin\Desktop\dataset train\Dataset\Normal\Normal (2139).jpg,Normal,train
C:\Users\Admin\Desktop\dataset train\Dataset\Pneumonia-Bacterial\Pneumonia-Bacterial (2754).jpg,Pneumonia-Bacterial,train
C:\Users\Admin\Desktop\dataset train\Dataset\Normal\Normal (2476).jpg,Normal,train
C:\Users\Admin\Desktop\dataset train\Dataset\Normal\Normal (415).jpg,Normal,train
C:\Users\Admin\Desktop\dataset train\Dataset\Pneumonia-Bacterial\Pneumonia-Bacterial (1973).jpg,Pneumonia-Bacterial,train
C:\Users\Admin\Desktop\dataset train\Dataset\Pneumonia-Bacterial\Pneumonia-Bacterial (586).jpg,Pneumonia-Bacterial,train
C:\Users\Admin\Desktop\dataset train\Dataset\Normal\Normal (919).jpg,Normal,train
C:\Users\Admin\Desktop\dataset train\Dataset\Pneumonia-Bacterial\Pneumonia-Bacterial (246).jpg,Pneumonia-Bacterial,train
C:\Users\Admin\Desktop\dataset train\Dataset\Normal\Normal (305).jpg,Normal,train
C:\Users\Admin\Desktop\dataset train\Dataset\Pneumonia-Bacterial\Pneumonia-Bacterial (219).jpg,Pneumonia-Bacterial,train
C:\Users\Admin\Desktop\dataset train\Dataset\Pneumonia-Bacterial\Pneumonia-Bacterial (2206).jpg,Pneumonia-Bacterial,train
C:\Users\Admin\Desktop\dataset train\Dataset\Pneumonia-Bacterial\Pneumonia-Bacterial (562).jpg,Pneumonia-Bacterial,train
C:\Users\Admin\Desktop\dataset train\Dataset\Pneumonia-Bacterial\Pneumonia-Bacterial (581).jpg,Pneumonia-Bacterial,train
C:\Users\Admin\Desktop\dataset train\Dataset\Pneumonia-Viral\Pneumonia-Viral (1541).jpg,Pneumonia-Viral,train
C:\Users\Admin\Desktop\dataset train\Dataset\Normal\Normal (2744).jpg,Normal,train
C:\Users\Admin\Desktop\dataset train\Dataset\Normal\Normal (2428).jpg,Normal,train
C:\Users\Admin\Desktop\dataset train\Dataset\Pneumonia-Viral\Pneumonia-Viral (1614).jpg,Pneumonia-Viral,train
C:\Users\Admin\Desktop\dataset train\Dataset\Pneumonia-Viral\Pneumonia-Viral (169).jpg,Pneumonia-Viral,train
C:\Users\Admin\Desktop\dataset train\Dataset\Normal\Normal (463).jpg,Normal,train
C:\Users\Admin\Desktop\dataset train\Dataset\COVID\COVID-19 (996).jpg,COVID,train
C:\Users\Admin\Desktop\dataset train\Dataset\Pneumonia-Viral\Pneumonia-Viral (1514).jpg,Pneumonia-Viral,train
C:\Users\Admin\Desktop\dataset train\Dataset\Pneumonia-Bacterial\Pneumonia-Bacterial (1211).jpg,Pneumonia-Bacterial,train
C:\Users\Admin\Desktop\dataset train\Dataset\Normal\Normal (1951).jpg,Normal,train
C:\Users\Admin\Desktop\dataset train\Dataset\COVID\COVID-19 (546).jpg,COVID,train
C:\Users\Admin\Desktop\dataset train\Dataset\Normal\Normal (1521).jpg,Normal,train
C:\Users\Admin\Desktop\dataset train\Dataset\Pneumonia-Bacterial\Pneumonia-Bacterial (511).jpg,Pneumonia-Bacterial,train
C:\Users\Admin\Desktop\dataset train\Dataset\Pneumonia-Bacterial\Pneumonia-Bacterial (2970).jpg,Pneumonia-Bacterial,train
C:\Users\Admin\Desktop\dataset train\Dataset\Pneumonia-Bacterial\Pneumonia-Bacterial (933).jpg,Pneumonia-Bacterial,train
C:\Users\Admin\Desktop\dataset train\Dataset\Pneumonia-Bacterial\Pneumonia-Bacterial (2330).jpg,Pneumonia-Bacterial,train
C:\Users\Admin\Desktop\dataset train\Dataset\Pneumonia-Bacterial\Pneumonia-Bacterial (1423).jpg,Pneumonia-Bacterial,train
C:\Users\Admin\Desktop\dataset train\Dataset\Pneumonia-Viral\Pneumonia-Viral (1483).jpg,Pneumonia-Viral,train
C:\Users\Admin\Desktop\dataset train\Dataset\Normal\Normal (2687).jpg,Normal,train
C:\Users\Admin\Desktop\dataset train\Dataset\Normal\Normal (2609).jpg,Normal,train
C:\Users\Admin\Desktop\dataset train\Dataset\COVID\COVID-19 (185).jpg,COVID,train
C:\Users\Admin\Desktop\dataset train\Dataset\Pneumonia-Viral\Pneumonia-Viral (1434).jpg,Pneumonia-Viral,train
C:\Users\Admin\Desktop\dataset train\Dataset\Pneumonia-Viral\Pneumonia-Viral (777).jpg,Pneumonia-Viral,train
C:\Users\Admin\Desktop\dataset train\Dataset\Pneumonia-Bacterial\Pneumonia-Bacterial (2540).jpg,Pneumonia-Bacterial,train
C:\Users\Admin\Desktop\dataset train\Dataset\Normal\Normal (2031).jpg,Normal,train
C:\Users\Admin\Desktop\dataset train\Dataset\Pneumonia-Bacterial\Pneumonia-Bacterial (1350).jpg,Pneumonia-Bacterial,train
C:\Users\Admin\Desktop\dataset train\Dataset\Normal\Normal (615).jpg,Normal,train
C:\Users\Admin\Desktop\dataset train\Dataset\Normal\Normal (790).jpg,Normal,train
C:\Users\Admin\Desktop\dataset train\Dataset\COVID\COVID-19 (106).jpg,COVID,train
C:\Users\Admin\Desktop\dataset train\Dataset\Pneumonia-Bacterial\Pneumonia-Bacterial (1312).jpg,Pneumonia-Bacterial,train
C:\Users\Admin\Desktop\dataset train\Dataset\Pneumonia-Bacterial\Pneumonia-Bacterial (1880).jpg,Pneumonia-Bacterial,train
C:\Users\Admin\Desktop\dataset train\Dataset\Pneumonia-Viral\Pneumonia-Viral (560).jpg,Pneumonia-Viral,train
C:\Users\Admin\Desktop\dataset train\Dataset\Normal\Normal (2580).jpg,Normal,train
C:\Users\Admin\Desktop\dataset train\Dataset\Normal\Normal (3219).jpg,Normal,train
C:\Users\Admin\Desktop\dataset train\Dataset\Pneumonia-Viral\Pneumonia-Viral (643).jpg,Pneumonia-Viral,train
C:\Users\Admin\Desktop\dataset train\Dataset\COVID\COVID-19 (1124).jpg,COVID,train
C:\Users\Admin\Desktop\dataset train\Dataset\Normal\Normal (1493).jpg,Normal,train
C:\Users\Admin\Desktop\dataset train\Dataset\Normal\Normal (804).jpg,Normal,train
C:\Users\Admin\Desktop\dataset train\Dataset\Normal\Normal (1257).jpg,Normal,train
C:\Users\Admin\Desktop\dataset train\Dataset\Normal\Normal (2436).jpg,Normal,train
C:\Users\Admin\Desktop\dataset train\Dataset\Pneumonia-Bacterial\Pneumonia-Bacterial (823).jpg,Pneumonia-Bacterial,train
C:\Users\Admin\Desktop\dataset train\Dataset\COVID\COVID-19 (611).jpg,COVID,train
C:\Users\Admin\Desktop\dataset train\Dataset\Normal\Normal (2395).jpg,Normal,train
C:\Users\Admin\Desktop\dataset train\Dataset\Pneumonia-Bacterial\Pneumonia-Bacterial (2249).jpg,Pneumonia-Bacterial,train
C:\Users\Admin\Desktop\dataset train\Dataset\Normal\Normal (1121).jpg,Normal,train
C:\Users\Admin\Desktop\dataset train\Dataset\COVID\COVID-19 (807).jpg,COVID,train
C:\Users\Admin\Desktop\dataset train\Dataset\Normal\Normal (2886).jpg,Normal,train
C:\Users\Admin\Desktop\dataset train\Dataset\COVID\COVID-19 (895).jpg,COVID,train
C:\Users\Admin\Desktop\dataset train\Dataset\Normal\Normal (414).jpg,Normal,train
C:\Users\Admin\Desktop\dataset train\Dataset\Pneumonia-Bacterial\Pneumonia-Bacterial (299).jpg,Pneumonia-Bacterial,train
C:\Users\Admin\Desktop\dataset train\Dataset\Pneumonia-Viral\Pneumonia-Viral (845).jpg,Pneumonia-Viral,train
C:\Users\Admin\Desktop\dataset train\Dataset\Normal\Normal (799).jpg,Normal,train
C:\Users\Admin\Desktop\dataset train\Dataset\Normal\Normal (1071).jpg,Normal,train
C:\Users\Admin\Desktop\dataset train\Dataset\COVID\COVID-19 (370).jpg,COVID,train
C:\Users\Admin\Desktop\dataset train\Dataset\Normal\Normal (606).jpg,Normal,train
C:\Users\Admin\Desktop\dataset train\Dataset\Pneumonia-Bacterial\Pneumonia-Bacterial (2806).jpg,Pneumonia-Bacterial,train
C:\Users\Admin\Desktop\dataset train\Dataset\Pneumonia-Bacterial\Pneumonia-Bacterial (1633).jpg,Pneumonia-Bacterial,train
C:\Users\Admin\Desktop\dataset train\Dataset\Pneumonia-Viral\Pneumonia-Viral (614).jpg,Pneumonia-Viral,train
C:\Users\Admin\Desktop\dataset train\Dataset\Normal\Normal (2226).jpg,Normal,train
C:\Users\Admin\Desktop\dataset train\Dataset\Pneumonia-Bacterial\Pneumonia-Bacterial (1445).jpg,Pneumonia-Bacterial,train
C:\Users\Admin\Desktop\dataset train\Dataset\COVID\COVID-19 (404).jpg,COVID,train
C:\Users\Admin\Desktop\dataset train\Dataset\Normal\Normal (2334).jpg,Normal,train
C:\Users\Admin\Desktop\dataset train\Dataset\COVID\COVID-19 (790).jpg,COVID,train
C:\Users\Admin\Desktop\dataset train\Dataset\Pneumonia-Bacterial\Pneumonia-Bacterial (171).jpg,Pneumonia-Bacterial,train
C:\Users\Admin\Desktop\dataset train\Dataset\Normal\Normal (2665).jpg,Normal,train
C:\Users\Admin\Desktop\dataset train\Dataset\Normal\Normal (2498).jpg,Normal,train
C:\Users\Admin\Desktop\dataset train\Dataset\COVID\COVID-19 (742).jpg,COVID,train
C:\Users\Admin\Desktop\dataset train\Dataset\COVID\COVID-19 (866).jpg,COVID,train
C:\Users\Admin\Desktop\dataset train\Dataset\Pneumonia-Bacterial\Pneumonia-Bacterial (786).jpg,Pneumonia-Bacterial,train
C:\Users\Admin\Desktop\dataset train\Dataset\Pneumonia-Viral\Pneumonia-Viral (445).jpg,Pneumonia-Viral,train
C:\Users\Admin\Desktop\dataset train\Dataset\Pneumonia-Bacterial\Pneumonia-Bacterial (1519).jpg,Pneumonia-Bacterial,train
C:\Users\Admin\Desktop\dataset train\Dataset\Pneumonia-Bacterial\Pneumonia-Bacterial (1919).jpg,Pneumonia-Bacterial,train
C:\Users\Admin\Desktop\dataset train\Dataset\COVID\COVID-19 (712).jpg,COVID,train
C:\Users\Admin\Desktop\dataset train\Dataset\Pneumonia-Viral\Pneumonia-Viral (133).jpg,Pneumonia-Viral,train
C:\Users\Admin\Desktop\dataset train\Dataset\Pneumonia-Bacterial\Pneumonia-Bacterial (2483).jpg,Pneumonia-Bacterial,train
C:\Users\Admin\Desktop\dataset train\Dataset\Normal\Normal (2892).jpg,Normal,train
C:\Users\Admin\Desktop\dataset train\Dataset\Normal\Normal (1686).jpg,Normal,train
C:\Users\Admin\Desktop\dataset train\Dataset\COVID\COVID-19 (54).jpg,COVID,train
C:\Users\Admin\Desktop\dataset train\Dataset\Normal\Normal (373).jpg,Normal,train
C:\Users\Admin\Desktop\dataset train\Dataset\Pneumonia-Bacterial\Pneumonia-Bacterial (692).jpg,Pneumonia-Bacterial,train
C:\Users\Admin\Desktop\dataset train\Dataset\Normal\Normal (794).jpg,Normal,train
C:\Users\Admin\Desktop\dataset train\Dataset\Normal\Normal (1266).jpg,Normal,train
C:\Users\Admin\Desktop\dataset train\Dataset\COVID\COVID-19 (293).jpg,COVID,train
C:\Users\Admin\Desktop\dataset train\Dataset\Normal\Normal (894).jpg,Normal,train
C:\Users\Admin\Desktop\dataset train\Dataset\Normal\Normal (5).jpg,Normal,train
C:\Users\Admin\Desktop\dataset train\Dataset\Pneumonia-Bacterial\Pneumonia-Bacterial (1341).jpg,Pneumonia-Bacterial,train
C:\Users\Admin\Desktop\dataset train\Dataset\COVID\COVID-19 (1007).jpg,COVID,train
C:\Users\Admin\Desktop\dataset train\Dataset\Normal\Normal (2802).jpg,Normal,train
C:\Users\Admin\Desktop\dataset train\Dataset\Normal\Normal (2446).jpg,Normal,train
C:\Users\Admin\Desktop\dataset train\Dataset\Normal\Normal (2107).jpg,Normal,train
C:\Users\Admin\Desktop\dataset train\Dataset\Pneumonia-Bacterial\Pneumonia-Bacterial (1317).jpg,Pneumonia-Bacterial,train
C:\Users\Admin\Desktop\dataset train\Dataset\Pneumonia-Bacterial\Pneumonia-Bacterial (1320).jpg,Pneumonia-Bacterial,train
C:\Users\Admin\Desktop\dataset train\Dataset\Pneumonia-Bacterial\Pneumonia-Bacterial (431).jpg,Pneumonia-Bacterial,train
C:\Users\Admin\Desktop\dataset train\Dataset\Normal\Normal (1938).jpg,Normal,train
C:\Users\Admin\Desktop\dataset train\Dataset\COVID\COVID-19 (29).jpg,COVID,train
C:\Users\Admin\Desktop\dataset train\Dataset\Normal\Normal (3211).jpg,Normal,train
C:\Users\Admin\Desktop\dataset train\Dataset\Pneumonia-Viral\Pneumonia-Viral (908).jpg,Pneumonia-Viral,train
C:\Users\Admin\Desktop\dataset train\Dataset\Normal\Normal (3210).jpg,Normal,train
C:\Users\Admin\Desktop\dataset train\Dataset\Pneumonia-Bacterial\Pneumonia-Bacterial (638).jpg,Pneumonia-Bacterial,train
C:\Users\Admin\Desktop\dataset train\Dataset\Pneumonia-Bacterial\Pneumonia-Bacterial (1754).jpg,Pneumonia-Bacterial,train
C:\Users\Admin\Desktop\dataset train\Dataset\Normal\Normal (1293).jpg,Normal,train
C:\Users\Admin\Desktop\dataset train\Dataset\Pneumonia-Bacterial\Pneumonia-Bacterial (2133).jpg,Pneumonia-Bacterial,train
C:\Users\Admin\Desktop\dataset train\Dataset\Normal\Normal (1609).jpg,Normal,train
C:\Users\Admin\Desktop\dataset train\Dataset\COVID\COVID-19 (248).jpg,COVID,train
C:\Users\Admin\Desktop\dataset train\Dataset\Normal\Normal (3069).jpg,Normal,train
C:\Users\Admin\Desktop\dataset train\Dataset\COVID\COVID-19 (643).jpg,COVID,train
C:\Users\Admin\Desktop\dataset train\Dataset\Normal\Normal (37).jpg,Normal,train
C:\Users\Admin\Desktop\dataset train\Dataset\Pneumonia-Bacterial\Pneumonia-Bacterial (2386).jpg,Pneumonia-Bacterial,train
C:\Users\Admin\Desktop\dataset train\Dataset\Pneumonia-Bacterial\Pneumonia-Bacterial (1964).jpg,Pneumonia-Bacterial,train
C:\Users\Admin\Desktop\dataset train\Dataset\Pneumonia-Bacterial\Pneumonia-Bacterial (2394).jpg,Pneumonia-Bacterial,train
C:\Users\Admin\Desktop\dataset train\Dataset\Pneumonia-Bacterial\Pneumonia-Bacterial (2482).jpg,Pneumonia-Bacterial,train
C:\Users\Admin\Desktop\dataset train\Dataset\Pneumonia-Bacterial\Pneumonia-Bacterial (2075).jpg,Pneumonia-Bacterial,train
C:\Users\Admin\Desktop\dataset train\Dataset\Normal\Normal (2043).jpg,Normal,train
C:\Users\Admin\Desktop\dataset train\Dataset\Normal\Normal (2898).jpg,Normal,train
C:\Users\Admin\Desktop\dataset train\Dataset\Normal\Normal (2452).jpg,Normal,train
C:\Users\Admin\Desktop\dataset train\Dataset\Pneumonia-Bacterial\Pneumonia-Bacterial (412).jpg,Pneumonia-Bacterial,train
C:\Users\Admin\Desktop\dataset train\Dataset\COVID\COVID-19 (1129).jpg,COVID,train
C:\Users\Admin\Desktop\dataset train\Dataset\Pneumonia-Bacterial\Pneumonia-Bacterial (642).jpg,Pneumonia-Bacterial,train
C:\Users\Admin\Desktop\dataset train\Dataset\Normal\Normal (3077).jpg,Normal,train
C:\Users\Admin\Desktop\dataset train\Dataset\Normal\Normal (1178).jpg,Normal,train
C:\Users\Admin\Desktop\dataset train\Dataset\Normal\Normal (1736).jpg,Normal,train
C:\Users\Admin\Desktop\dataset train\Dataset\Normal\Normal (3263).jpg,Normal,train
C:\Users\Admin\Desktop\dataset train\Dataset\Pneumonia-Viral\Pneumonia-Viral (287).jpg,Pneumonia-Viral,train
C:\Users\Admin\Desktop\dataset train\Dataset\Pneumonia-Viral\Pneumonia-Viral (1309).jpg,Pneumonia-Viral,train
C:\Users\Admin\Desktop\dataset train\Dataset\Pneumonia-Bacterial\Pneumonia-Bacterial (574).jpg,Pneumonia-Bacterial,train
C:\Users\Admin\Desktop\dataset train\Dataset\Pneumonia-Viral\Pneumonia-Viral (553).jpg,Pneumonia-Viral,train
C:\Users\Admin\Desktop\dataset train\Dataset\Pneumonia-Bacterial\Pneumonia-Bacterial (696).jpg,Pneumonia-Bacterial,train
C:\Users\Admin\Desktop\dataset train\Dataset\Pneumonia-Bacterial\Pneumonia-Bacterial (272).jpg,Pneumonia-Bacterial,train
C:\Users\Admin\Desktop\dataset train\Dataset\Pneumonia-Bacterial\Pneumonia-Bacterial (508).jpg,Pneumonia-Bacterial,train
C:\Users\Admin\Desktop\dataset train\Dataset\Pneumonia-Bacterial\Pneumonia-Bacterial (2619).jpg,Pneumonia-Bacterial,train
C:\Users\Admin\Desktop\dataset train\Dataset\Normal\Normal (384).jpg,Normal,train
C:\Users\Admin\Desktop\dataset train\Dataset\Normal\Normal (1267).jpg,Normal,train
C:\Users\Admin\Desktop\dataset train\Dataset\Normal\Normal (2747).jpg,Normal,train
C:\Users\Admin\Desktop\dataset train\Dataset\Normal\Normal (1671).jpg,Normal,train
C:\Users\Admin\Desktop\dataset train\Dataset\Pneumonia-Bacterial\Pneumonia-Bacterial (275).jpg,Pneumonia-Bacterial,train
C:\Users\Admin\Desktop\dataset train\Dataset\Pneumonia-Bacterial\Pneumonia-Bacterial (1087).jpg,Pneumonia-Bacterial,train
C:\Users\Admin\Desktop\dataset train\Dataset\Normal\Normal (665).jpg,Normal,train
C:\Users\Admin\Desktop\dataset train\Dataset\Pneumonia-Bacterial\Pneumonia-Bacterial (1280).jpg,Pneumonia-Bacterial,train
C:\Users\Admin\Desktop\dataset train\Dataset\Normal\Normal (1070).jpg,Normal,train
C:\Users\Admin\Desktop\dataset train\Dataset\Normal\Normal (134).jpg,Normal,train
C:\Users\Admin\Desktop\dataset train\Dataset\Normal\Normal (1918).jpg,Normal,train
C:\Users\Admin\Desktop\dataset train\Dataset\Pneumonia-Bacterial\Pneumonia-Bacterial (303).jpg,Pneumonia-Bacterial,train
C:\Users\Admin\Desktop\dataset train\Dataset\Normal\Normal (562).jpg,Normal,train
C:\Users\Admin\Desktop\dataset train\Dataset\Pneumonia-Bacterial\Pneumonia-Bacterial (167).jpg,Pneumonia-Bacterial,train
C:\Users\Admin\Desktop\dataset train\Dataset\Normal\Normal (1962).jpg,Normal,train
C:\Users\Admin\Desktop\dataset train\Dataset\Normal\Normal (1746).jpg,Normal,train
C:\Users\Admin\Desktop\dataset train\Dataset\Pneumonia-Bacterial\Pneumonia-Bacterial (122).jpg,Pneumonia-Bacterial,train
C:\Users\Admin\Desktop\dataset train\Dataset\Pneumonia-Bacterial\Pneumonia-Bacterial (476).jpg,Pneumonia-Bacterial,train
C:\Users\Admin\Desktop\dataset train\Dataset\Pneumonia-Bacterial\Pneumonia-Bacterial (1887).jpg,Pneumonia-Bacterial,train
C:\Users\Admin\Desktop\dataset train\Dataset\Normal\Normal (1967).jpg,Normal,train
C:\Users\Admin\Desktop\dataset train\Dataset\Pneumonia-Bacterial\Pneumonia-Bacterial (2092).jpg,Pneumonia-Bacterial,train
C:\Users\Admin\Desktop\dataset train\Dataset\Pneumonia-Viral\Pneumonia-Viral (1189).jpg,Pneumonia-Viral,train
C:\Users\Admin\Desktop\dataset train\Dataset\Pneumonia-Viral\Pneumonia-Viral (1257).jpg,Pneumonia-Viral,train
C:\Users\Admin\Desktop\dataset train\Dataset\Pneumonia-Bacterial\Pneumonia-Bacterial (1003).jpg,Pneumonia-Bacterial,train
C:\Users\Admin\Desktop\dataset train\Dataset\Pneumonia-Bacterial\Pneumonia-Bacterial (517).jpg,Pneumonia-Bacterial,train
C:\Users\Admin\Desktop\dataset train\Dataset\Normal\Normal (2737).jpg,Normal,train
C:\Users\Admin\Desktop\dataset train\Dataset\Pneumonia-Bacterial\Pneumonia-Bacterial (618).jpg,Pneumonia-Bacterial,train
C:\Users\Admin\Desktop\dataset train\Dataset\Normal\Normal (2530).jpg,Normal,train
C:\Users\Admin\Desktop\dataset train\Dataset\Pneumonia-Viral\Pneumonia-Viral (538).jpg,Pneumonia-Viral,train
C:\Users\Admin\Desktop\dataset train\Dataset\Pneumonia-Viral\Pneumonia-Viral (856).jpg,Pneumonia-Viral,train
C:\Users\Admin\Desktop\dataset train\Dataset\COVID\COVID-19 (870).jpg,COVID,train
C:\Users\Admin\Desktop\dataset train\Dataset\Pneumonia-Bacterial\Pneumonia-Bacterial (2559).jpg,Pneumonia-Bacterial,train
C:\Users\Admin\Desktop\dataset train\Dataset\Pneumonia-Bacterial\Pneumonia-Bacterial (1730).jpg,Pneumonia-Bacterial,train
C:\Users\Admin\Desktop\dataset train\Dataset\Pneumonia-Bacterial\Pneumonia-Bacterial (104).jpg,Pneumonia-Bacterial,train
C:\Users\Admin\Desktop\dataset train\Dataset\Normal\Normal (2605).jpg,Normal,train
C:\Users\Admin\Desktop\dataset train\Dataset\Pneumonia-Bacterial\Pneumonia-Bacterial (1080).jpg,Pneumonia-Bacterial,train
C:\Users\Admin\Desktop\dataset train\Dataset\Pneumonia-Bacterial\Pneumonia-Bacterial (1467).jpg,Pneumonia-Bacterial,train
C:\Users\Admin\Desktop\dataset train\Dataset\Pneumonia-Viral\Pneumonia-Viral (826).jpg,Pneumonia-Viral,train
C:\Users\Admin\Desktop\dataset train\Dataset\Pneumonia-Bacterial\Pneumonia-Bacterial (181).jpg,Pneumonia-Bacterial,train
C:\Users\Admin\Desktop\dataset train\Dataset\Pneumonia-Bacterial\Pneumonia-Bacterial (1859).jpg,Pneumonia-Bacterial,train
C:\Users\Admin\Desktop\dataset train\Dataset\Pneumonia-Bacterial\Pneumonia-Bacterial (1999).jpg,Pneumonia-Bacterial,train
C:\Users\Admin\Desktop\dataset train\Dataset\Normal\Normal (2340).jpg,Normal,train
C:\Users\Admin\Desktop\dataset train\Dataset\COVID\COVID-19 (589).jpg,COVID,train
C:\Users\Admin\Desktop\dataset train\Dataset\Normal\Normal (3216).jpg,Normal,train
C:\Users\Admin\Desktop\dataset train\Dataset\Pneumonia-Bacterial\Pneumonia-Bacterial (192).jpg,Pneumonia-Bacterial,train
C:\Users\Admin\Desktop\dataset train\Dataset\Pneumonia-Bacterial\Pneumonia-Bacterial (123).jpg,Pneumonia-Bacterial,train
C:\Users\Admin\Desktop\dataset train\Dataset\Normal\Normal (2694).jpg,Normal,train
C:\Users\Admin\Desktop\dataset train\Dataset\Pneumonia-Viral\Pneumonia-Viral (416).jpg,Pneumonia-Viral,train
C:\Users\Admin\Desktop\dataset train\Dataset\Pneumonia-Bacterial\Pneumonia-Bacterial (2252).jpg,Pneumonia-Bacterial,train
C:\Users\Admin\Desktop\dataset train\Dataset\COVID\COVID-19 (143).jpg,COVID,train
C:\Users\Admin\Desktop\dataset train\Dataset\Pneumonia-Viral\Pneumonia-Viral (910).jpg,Pneumonia-Viral,train
C:\Users\Admin\Desktop\dataset train\Dataset\Pneumonia-Bacterial\Pneumonia-Bacterial (1711).jpg,Pneumonia-Bacterial,train
C:\Users\Admin\Desktop\dataset train\Dataset\Pneumonia-Viral\Pneumonia-Viral (543).jpg,Pneumonia-Viral,train
C:\Users\Admin\Desktop\dataset train\Dataset\Normal\Normal (2008).jpg,Normal,train
C:\Users\Admin\Desktop\dataset train\Dataset\Pneumonia-Bacterial\Pneumonia-Bacterial (567).jpg,Pneumonia-Bacterial,train
C:\Users\Admin\Desktop\dataset train\Dataset\Pneumonia-Bacterial\Pneumonia-Bacterial (1668).jpg,Pneumonia-Bacterial,train
C:\Users\Admin\Desktop\dataset train\Dataset\Normal\Normal (3080).jpg,Normal,train
C:\Users\Admin\Desktop\dataset train\Dataset\Pneumonia-Bacterial\Pneumonia-Bacterial (2156).jpg,Pneumonia-Bacterial,train
C:\Users\Admin\Desktop\dataset train\Dataset\Pneumonia-Bacterial\Pneumonia-Bacterial (973).jpg,Pneumonia-Bacterial,train
C:\Users\Admin\Desktop\dataset train\Dataset\Pneumonia-Bacterial\Pneumonia-Bacterial (164).jpg,Pneumonia-Bacterial,train
C:\Users\Admin\Desktop\dataset train\Dataset\COVID\COVID-19 (1279).jpg,COVID,train
C:\Users\Admin\Desktop\dataset train\Dataset\Pneumonia-Bacterial\Pneumonia-Bacterial (2731).jpg,Pneumonia-Bacterial,train
C:\Users\Admin\Desktop\dataset train\Dataset\COVID\COVID-19 (267).jpg,COVID,train
C:\Users\Admin\Desktop\dataset train\Dataset\COVID\COVID-19 (216).jpg,COVID,train
C:\Users\Admin\Desktop\dataset train\Dataset\COVID\COVID-19 (20).jpg,COVID,train
C:\Users\Admin\Desktop\dataset train\Dataset\Pneumonia-Bacterial\Pneumonia-Bacterial (2260).jpg,Pneumonia-Bacterial,train
C:\Users\Admin\Desktop\dataset train\Dataset\COVID\COVID-19 (357).jpg,COVID,train
C:\Users\Admin\Desktop\dataset train\Dataset\Pneumonia-Viral\Pneumonia-Viral (645).jpg,Pneumonia-Viral,train
C:\Users\Admin\Desktop\dataset train\Dataset\Pneumonia-Viral\Pneumonia-Viral (1474).jpg,Pneumonia-Viral,train
C:\Users\Admin\Desktop\dataset train\Dataset\Normal\Normal (1756).jpg,Normal,train
C:\Users\Admin\Desktop\dataset train\Dataset\Normal\Normal (3258).jpg,Normal,train
C:\Users\Admin\Desktop\dataset train\Dataset\Normal\Normal (2558).jpg,Normal,train
C:\Users\Admin\Desktop\dataset train\Dataset\Pneumonia-Bacterial\Pneumonia-Bacterial (2655).jpg,Pneumonia-Bacterial,train
C:\Users\Admin\Desktop\dataset train\Dataset\Normal\Normal (21).jpg,Normal,train
C:\Users\Admin\Desktop\dataset train\Dataset\Normal\Normal (2149).jpg,Normal,train
C:\Users\Admin\Desktop\dataset train\Dataset\Normal\Normal (2708).jpg,Normal,train
C:\Users\Admin\Desktop\dataset train\Dataset\Pneumonia-Bacterial\Pneumonia-Bacterial (1902).jpg,Pneumonia-Bacterial,train
C:\Users\Admin\Desktop\dataset train\Dataset\Pneumonia-Bacterial\Pneumonia-Bacterial (2233).jpg,Pneumonia-Bacterial,train
C:\Users\Admin\Desktop\dataset train\Dataset\Normal\Normal (2972).jpg,Normal,train
C:\Users\Admin\Desktop\dataset train\Dataset\COVID\COVID-19 (620).jpg,COVID,train
C:\Users\Admin\Desktop\dataset train\Dataset\Pneumonia-Viral\Pneumonia-Viral (1270).jpg,Pneumonia-Viral,train
C:\Users\Admin\Desktop\dataset train\Dataset\Pneumonia-Bacterial\Pneumonia-Bacterial (731).jpg,Pneumonia-Bacterial,train
C:\Users\Admin\Desktop\dataset train\Dataset\Pneumonia-Bacterial\Pneumonia-Bacterial (2114).jpg,Pneumonia-Bacterial,train
C:\Users\Admin\Desktop\dataset train\Dataset\Pneumonia-Bacterial\Pneumonia-Bacterial (1845).jpg,Pneumonia-Bacterial,train
C:\Users\Admin\Desktop\dataset train\Dataset\Normal\Normal (3096).jpg,Normal,train
C:\Users\Admin\Desktop\dataset train\Dataset\Pneumonia-Bacterial\Pneumonia-Bacterial (1046).jpg,Pneumonia-Bacterial,train
C:\Users\Admin\Desktop\dataset train\Dataset\Normal\Normal (586).jpg,Normal,train
C:\Users\Admin\Desktop\dataset train\Dataset\Normal\Normal (1890).jpg,Normal,train
C:\Users\Admin\Desktop\dataset train\Dataset\COVID\COVID-19 (1089).jpg,COVID,train
C:\Users\Admin\Desktop\dataset train\Dataset\Pneumonia-Bacterial\Pneumonia-Bacterial (1645).jpg,Pneumonia-Bacterial,train
C:\Users\Admin\Desktop\dataset train\Dataset\Normal\Normal (1457).jpg,Normal,train
C:\Users\Admin\Desktop\dataset train\Dataset\Normal\Normal (2415).jpg,Normal,train
C:\Users\Admin\Desktop\dataset train\Dataset\Pneumonia-Viral\Pneumonia-Viral (581).jpg,Pneumonia-Viral,train
C:\Users\Admin\Desktop\dataset train\Dataset\Normal\Normal (2574).jpg,Normal,train
C:\Users\Admin\Desktop\dataset train\Dataset\Pneumonia-Viral\Pneumonia-Viral (655).jpg,Pneumonia-Viral,train
C:\Users\Admin\Desktop\dataset train\Dataset\Normal\Normal (2751).jpg,Normal,train
C:\Users\Admin\Desktop\dataset train\Dataset\Normal\Normal (1620).jpg,Normal,train
C:\Users\Admin\Desktop\dataset train\Dataset\Normal\Normal (2522).jpg,Normal,train
C:\Users\Admin\Desktop\dataset train\Dataset\Pneumonia-Bacterial\Pneumonia-Bacterial (2123).jpg,Pneumonia-Bacterial,train
C:\Users\Admin\Desktop\dataset train\Dataset\Pneumonia-Bacterial\Pneumonia-Bacterial (1088).jpg,Pneumonia-Bacterial,train
C:\Users\Admin\Desktop\dataset train\Dataset\Normal\Normal (1227).jpg,Normal,train
C:\Users\Admin\Desktop\dataset train\Dataset\Pneumonia-Viral\Pneumonia-Viral (567).jpg,Pneumonia-Viral,train
C:\Users\Admin\Desktop\dataset train\Dataset\Normal\Normal (2052).jpg,Normal,train
C:\Users\Admin\Desktop\dataset train\Dataset\Pneumonia-Bacterial\Pneumonia-Bacterial (2271).jpg,Pneumonia-Bacterial,train
C:\Users\Admin\Desktop\dataset train\Dataset\Pneumonia-Bacterial\Pneumonia-Bacterial (1100).jpg,Pneumonia-Bacterial,train
C:\Users\Admin\Desktop\dataset train\Dataset\Normal\Normal (2839).jpg,Normal,train
C:\Users\Admin\Desktop\dataset train\Dataset\Pneumonia-Viral\Pneumonia-Viral (582).jpg,Pneumonia-Viral,train
C:\Users\Admin\Desktop\dataset train\Dataset\Normal\Normal (1582).jpg,Normal,train
C:\Users\Admin\Desktop\dataset train\Dataset\Pneumonia-Bacterial\Pneumonia-Bacterial (1949).jpg,Pneumonia-Bacterial,train
C:\Users\Admin\Desktop\dataset train\Dataset\Normal\Normal (754).jpg,Normal,train
C:\Users\Admin\Desktop\dataset train\Dataset\COVID\COVID-19 (136).jpg,COVID,train
C:\Users\Admin\Desktop\dataset train\Dataset\Normal\Normal (904).jpg,Normal,train
C:\Users\Admin\Desktop\dataset train\Dataset\Pneumonia-Viral\Pneumonia-Viral (1120).jpg,Pneumonia-Viral,train
C:\Users\Admin\Desktop\dataset train\Dataset\Pneumonia-Bacterial\Pneumonia-Bacterial (1850).jpg,Pneumonia-Bacterial,train
C:\Users\Admin\Desktop\dataset train\Dataset\Normal\Normal (1959).jpg,Normal,train
C:\Users\Admin\Desktop\dataset train\Dataset\Normal\Normal (3022).jpg,Normal,train
C:\Users\Admin\Desktop\dataset train\Dataset\Normal\Normal (2881).jpg,Normal,train
C:\Users\Admin\Desktop\dataset train\Dataset\Pneumonia-Viral\Pneumonia-Viral (680).jpg,Pneumonia-Viral,train
C:\Users\Admin\Desktop\dataset train\Dataset\Pneumonia-Bacterial\Pneumonia-Bacterial (2946).jpg,Pneumonia-Bacterial,train
C:\Users\Admin\Desktop\dataset train\Dataset\Pneumonia-Bacterial\Pneumonia-Bacterial (307).jpg,Pneumonia-Bacterial,train
C:\Users\Admin\Desktop\dataset train\Dataset\Pneumonia-Bacterial\Pneumonia-Bacterial (1359).jpg,Pneumonia-Bacterial,train
C:\Users\Admin\Desktop\dataset train\Dataset\Normal\Normal (1862).jpg,Normal,train
C:\Users\Admin\Desktop\dataset train\Dataset\Normal\Normal (3046).jpg,Normal,train
C:\Users\Admin\Desktop\dataset train\Dataset\Pneumonia-Bacterial\Pneumonia-Bacterial (1197).jpg,Pneumonia-Bacterial,train
C:\Users\Admin\Desktop\dataset train\Dataset\Pneumonia-Bacterial\Pneumonia-Bacterial (2274).jpg,Pneumonia-Bacterial,train
C:\Users\Admin\Desktop\dataset train\Dataset\COVID\COVID-19 (985).jpg,COVID,train
C:\Users\Admin\Desktop\dataset train\Dataset\COVID\COVID-19 (1266).jpg,COVID,train
C:\Users\Admin\Desktop\dataset train\Dataset\Pneumonia-Viral\Pneumonia-Viral (134).jpg,Pneumonia-Viral,train
C:\Users\Admin\Desktop\dataset train\Dataset\Pneumonia-Bacterial\Pneumonia-Bacterial (838).jpg,Pneumonia-Bacterial,train
C:\Users\Admin\Desktop\dataset train\Dataset\Pneumonia-Bacterial\Pneumonia-Bacterial (1643).jpg,Pneumonia-Bacterial,train
C:\Users\Admin\Desktop\dataset train\Dataset\Pneumonia-Viral\Pneumonia-Viral (1128).jpg,Pneumonia-Viral,train
C:\Users\Admin\Desktop\dataset train\Dataset\Normal\Normal (1957).jpg,Normal,train
C:\Users\Admin\Desktop\dataset train\Dataset\Pneumonia-Bacterial\Pneumonia-Bacterial (964).jpg,Pneumonia-Bacterial,train
C:\Users\Admin\Desktop\dataset train\Dataset\Pneumonia-Bacterial\Pneumonia-Bacterial (891).jpg,Pneumonia-Bacterial,train
C:\Users\Admin\Desktop\dataset train\Dataset\Pneumonia-Viral\Pneumonia-Viral (865).jpg,Pneumonia-Viral,train
C:\Users\Admin\Desktop\dataset train\Dataset\Pneumonia-Viral\Pneumonia-Viral (316).jpg,Pneumonia-Viral,train
C:\Users\Admin\Desktop\dataset train\Dataset\COVID\COVID-19 (1063).jpg,COVID,train
C:\Users\Admin\Desktop\dataset train\Dataset\Pneumonia-Bacterial\Pneumonia-Bacterial (1935).jpg,Pneumonia-Bacterial,train
C:\Users\Admin\Desktop\dataset train\Dataset\Pneumonia-Viral\Pneumonia-Viral (1607).jpg,Pneumonia-Viral,train
C:\Users\Admin\Desktop\dataset train\Dataset\Pneumonia-Viral\Pneumonia-Viral (1374).jpg,Pneumonia-Viral,train
C:\Users\Admin\Desktop\dataset train\Dataset\Normal\Normal (368).jpg,Normal,train
C:\Users\Admin\Desktop\dataset train\Dataset\Pneumonia-Viral\Pneumonia-Viral (1559).jpg,Pneumonia-Viral,train
C:\Users\Admin\Desktop\dataset train\Dataset\Normal\Normal (452).jpg,Normal,train
C:\Users\Admin\Desktop\dataset train\Dataset\Normal\Normal (1955).jpg,Normal,train
C:\Users\Admin\Desktop\dataset train\Dataset\Normal\Normal (899).jpg,Normal,train
C:\Users\Admin\Desktop\dataset train\Dataset\Pneumonia-Bacterial\Pneumonia-Bacterial (703).jpg,Pneumonia-Bacterial,train
C:\Users\Admin\Desktop\dataset train\Dataset\Pneumonia-Viral\Pneumonia-Viral (1079).jpg,Pneumonia-Viral,train
C:\Users\Admin\Desktop\dataset train\Dataset\Normal\Normal (1349).jpg,Normal,train
C:\Users\Admin\Desktop\dataset train\Dataset\Pneumonia-Viral\Pneumonia-Viral (406).jpg,Pneumonia-Viral,train
C:\Users\Admin\Desktop\dataset train\Dataset\Normal\Normal (3091).jpg,Normal,train
C:\Users\Admin\Desktop\dataset train\Dataset\Pneumonia-Viral\Pneumonia-Viral (434).jpg,Pneumonia-Viral,train
C:\Users\Admin\Desktop\dataset train\Dataset\COVID\COVID-19 (1216).jpg,COVID,train
C:\Users\Admin\Desktop\dataset train\Dataset\Pneumonia-Viral\Pneumonia-Viral (612).jpg,Pneumonia-Viral,train
C:\Users\Admin\Desktop\dataset train\Dataset\Normal\Normal (3178).jpg,Normal,train
C:\Users\Admin\Desktop\dataset train\Dataset\Normal\Normal (123).jpg,Normal,train
C:\Users\Admin\Desktop\dataset train\Dataset\Normal\Normal (298).jpg,Normal,train
C:\Users\Admin\Desktop\dataset train\Dataset\Pneumonia-Bacterial\Pneumonia-Bacterial (2251).jpg,Pneumonia-Bacterial,train
C:\Users\Admin\Desktop\dataset train\Dataset\Normal\Normal (1389).jpg,Normal,train
C:\Users\Admin\Desktop\dataset train\Dataset\Pneumonia-Bacterial\Pneumonia-Bacterial (1835).jpg,Pneumonia-Bacterial,train
C:\Users\Admin\Desktop\dataset train\Dataset\COVID\COVID-19 (645).jpg,COVID,train
C:\Users\Admin\Desktop\dataset train\Dataset\Normal\Normal (1454).jpg,Normal,train
C:\Users\Admin\Desktop\dataset train\Dataset\Pneumonia-Bacterial\Pneumonia-Bacterial (2199).jpg,Pneumonia-Bacterial,train
C:\Users\Admin\Desktop\dataset train\Dataset\Normal\Normal (483).jpg,Normal,train
C:\Users\Admin\Desktop\dataset train\Dataset\Normal\Normal (3179).jpg,Normal,train
C:\Users\Admin\Desktop\dataset train\Dataset\Normal\Normal (287).jpg,Normal,train
C:\Users\Admin\Desktop\dataset train\Dataset\Normal\Normal (2241).jpg,Normal,train
C:\Users\Admin\Desktop\dataset train\Dataset\Normal\Normal (1421).jpg,Normal,train
C:\Users\Admin\Desktop\dataset train\Dataset\Normal\Normal (1276).jpg,Normal,train
C:\Users\Admin\Desktop\dataset train\Dataset\Normal\Normal (114).jpg,Normal,train
C:\Users\Admin\Desktop\dataset train\Dataset\Pneumonia-Bacterial\Pneumonia-Bacterial (1190).jpg,Pneumonia-Bacterial,train
C:\Users\Admin\Desktop\dataset train\Dataset\Pneumonia-Bacterial\Pneumonia-Bacterial (2237).jpg,Pneumonia-Bacterial,train
C:\Users\Admin\Desktop\dataset train\Dataset\Normal\Normal (1612).jpg,Normal,train
C:\Users\Admin\Desktop\dataset train\Dataset\COVID\COVID-19 (39).jpg,COVID,train
C:\Users\Admin\Desktop\dataset train\Dataset\Pneumonia-Bacterial\Pneumonia-Bacterial (1145).jpg,Pneumonia-Bacterial,train
C:\Users\Admin\Desktop\dataset train\Dataset\Pneumonia-Bacterial\Pneumonia-Bacterial (1255).jpg,Pneumonia-Bacterial,train
C:\Users\Admin\Desktop\dataset train\Dataset\Normal\Normal (1944).jpg,Normal,train
C:\Users\Admin\Desktop\dataset train\Dataset\Pneumonia-Bacterial\Pneumonia-Bacterial (775).jpg,Pneumonia-Bacterial,train
C:\Users\Admin\Desktop\dataset train\Dataset\Pneumonia-Bacterial\Pneumonia-Bacterial (2493).jpg,Pneumonia-Bacterial,train
C:\Users\Admin\Desktop\dataset train\Dataset\Normal\Normal (542).jpg,Normal,train
C:\Users\Admin\Desktop\dataset train\Dataset\Pneumonia-Bacterial\Pneumonia-Bacterial (1381).jpg,Pneumonia-Bacterial,train
C:\Users\Admin\Desktop\dataset train\Dataset\Pneumonia-Viral\Pneumonia-Viral (965).jpg,Pneumonia-Viral,train
C:\Users\Admin\Desktop\dataset train\Dataset\Pneumonia-Bacterial\Pneumonia-Bacterial (1634).jpg,Pneumonia-Bacterial,train
C:\Users\Admin\Desktop\dataset train\Dataset\Pneumonia-Bacterial\Pneumonia-Bacterial (2501).jpg,Pneumonia-Bacterial,train
C:\Users\Admin\Desktop\dataset train\Dataset\Pneumonia-Viral\Pneumonia-Viral (1238).jpg,Pneumonia-Viral,train
C:\Users\Admin\Desktop\dataset train\Dataset\Normal\Normal (1643).jpg,Normal,train
C:\Users\Admin\Desktop\dataset train\Dataset\Pneumonia-Viral\Pneumonia-Viral (974).jpg,Pneumonia-Viral,train
C:\Users\Admin\Desktop\dataset train\Dataset\Normal\Normal (1666).jpg,Normal,train
C:\Users\Admin\Desktop\dataset train\Dataset\Pneumonia-Bacterial\Pneumonia-Bacterial (2304).jpg,Pneumonia-Bacterial,train
C:\Users\Admin\Desktop\dataset train\Dataset\COVID\COVID-19 (158).jpg,COVID,train
C:\Users\Admin\Desktop\dataset train\Dataset\COVID\COVID-19 (991).jpg,COVID,train
C:\Users\Admin\Desktop\dataset train\Dataset\Normal\Normal (1529).jpg,Normal,train
C:\Users\Admin\Desktop\dataset train\Dataset\Pneumonia-Bacterial\Pneumonia-Bacterial (2266).jpg,Pneumonia-Bacterial,train
C:\Users\Admin\Desktop\dataset train\Dataset\Normal\Normal (2454).jpg,Normal,train
C:\Users\Admin\Desktop\dataset train\Dataset\Normal\Normal (36).jpg,Normal,train
C:\Users\Admin\Desktop\dataset train\Dataset\Pneumonia-Viral\Pneumonia-Viral (7).jpg,Pneumonia-Viral,train
C:\Users\Admin\Desktop\dataset train\Dataset\COVID\COVID-19 (534).jpg,COVID,train
C:\Users\Admin\Desktop\dataset train\Dataset\Pneumonia-Bacterial\Pneumonia-Bacterial (392).jpg,Pneumonia-Bacterial,train
C:\Users\Admin\Desktop\dataset train\Dataset\COVID\COVID-19 (1130).jpg,COVID,train
C:\Users\Admin\Desktop\dataset train\Dataset\Pneumonia-Viral\Pneumonia-Viral (822).jpg,Pneumonia-Viral,train
C:\Users\Admin\Desktop\dataset train\Dataset\Pneumonia-Viral\Pneumonia-Viral (1654).jpg,Pneumonia-Viral,train
C:\Users\Admin\Desktop\dataset train\Dataset\Pneumonia-Viral\Pneumonia-Viral (903).jpg,Pneumonia-Viral,train
C:\Users\Admin\Desktop\dataset train\Dataset\Pneumonia-Viral\Pneumonia-Viral (1522).jpg,Pneumonia-Viral,train
C:\Users\Admin\Desktop\dataset train\Dataset\Normal\Normal (592).jpg,Normal,train
C:\Users\Admin\Desktop\dataset train\Dataset\Pneumonia-Bacterial\Pneumonia-Bacterial (1258).jpg,Pneumonia-Bacterial,train
C:\Users\Admin\Desktop\dataset train\Dataset\Normal\Normal (854).jpg,Normal,train
C:\Users\Admin\Desktop\dataset train\Dataset\COVID\COVID-19 (808).jpg,COVID,train
C:\Users\Admin\Desktop\dataset train\Dataset\Pneumonia-Bacterial\Pneumonia-Bacterial (2986).jpg,Pneumonia-Bacterial,train
C:\Users\Admin\Desktop\dataset train\Dataset\Pneumonia-Bacterial\Pneumonia-Bacterial (2615).jpg,Pneumonia-Bacterial,train
C:\Users\Admin\Desktop\dataset train\Dataset\Pneumonia-Bacterial\Pneumonia-Bacterial (906).jpg,Pneumonia-Bacterial,train
C:\Users\Admin\Desktop\dataset train\Dataset\Normal\Normal (1939).jpg,Normal,train
C:\Users\Admin\Desktop\dataset train\Dataset\Normal\Normal (2092).jpg,Normal,train
C:\Users\Admin\Desktop\dataset train\Dataset\Normal\Normal (1117).jpg,Normal,train
C:\Users\Admin\Desktop\dataset train\Dataset\Pneumonia-Bacterial\Pneumonia-Bacterial (2952).jpg,Pneumonia-Bacterial,train
C:\Users\Admin\Desktop\dataset train\Dataset\Normal\Normal (1464).jpg,Normal,train
C:\Users\Admin\Desktop\dataset train\Dataset\Pneumonia-Bacterial\Pneumonia-Bacterial (2017).jpg,Pneumonia-Bacterial,train
C:\Users\Admin\Desktop\dataset train\Dataset\Normal\Normal (3032).jpg,Normal,train
C:\Users\Admin\Desktop\dataset train\Dataset\Normal\Normal (2595).jpg,Normal,train
C:\Users\Admin\Desktop\dataset train\Dataset\Normal\Normal (2666).jpg,Normal,train
C:\Users\Admin\Desktop\dataset train\Dataset\COVID\COVID-19 (809).jpg,COVID,train
C:\Users\Admin\Desktop\dataset train\Dataset\COVID\COVID-19 (283).jpg,COVID,train
C:\Users\Admin\Desktop\dataset train\Dataset\Normal\Normal (252).jpg,Normal,train
C:\Users\Admin\Desktop\dataset train\Dataset\Normal\Normal (3184).jpg,Normal,train
C:\Users\Admin\Desktop\dataset train\Dataset\Normal\Normal (966).jpg,Normal,train
C:\Users\Admin\Desktop\dataset train\Dataset\Pneumonia-Viral\Pneumonia-Viral (873).jpg,Pneumonia-Viral,train
C:\Users\Admin\Desktop\dataset train\Dataset\Pneumonia-Bacterial\Pneumonia-Bacterial (1406).jpg,Pneumonia-Bacterial,train
C:\Users\Admin\Desktop\dataset train\Dataset\Normal\Normal (609).jpg,Normal,train
C:\Users\Admin\Desktop\dataset train\Dataset\Pneumonia-Bacterial\Pneumonia-Bacterial (2515).jpg,Pneumonia-Bacterial,train
C:\Users\Admin\Desktop\dataset train\Dataset\Normal\Normal (2516).jpg,Normal,train
C:\Users\Admin\Desktop\dataset train\Dataset\COVID\COVID-19 (456).jpg,COVID,train
C:\Users\Admin\Desktop\dataset train\Dataset\Normal\Normal (450).jpg,Normal,train
C:\Users\Admin\Desktop\dataset train\Dataset\Pneumonia-Bacterial\Pneumonia-Bacterial (40).jpg,Pneumonia-Bacterial,train
C:\Users\Admin\Desktop\dataset train\Dataset\COVID\COVID-19 (733).jpg,COVID,train
C:\Users\Admin\Desktop\dataset train\Dataset\Pneumonia-Bacterial\Pneumonia-Bacterial (746).jpg,Pneumonia-Bacterial,train
C:\Users\Admin\Desktop\dataset train\Dataset\Pneumonia-Viral\Pneumonia-Viral (1463).jpg,Pneumonia-Viral,train
C:\Users\Admin\Desktop\dataset train\Dataset\Pneumonia-Bacterial\Pneumonia-Bacterial (566).jpg,Pneumonia-Bacterial,train
C:\Users\Admin\Desktop\dataset train\Dataset\Pneumonia-Bacterial\Pneumonia-Bacterial (2669).jpg,Pneumonia-Bacterial,train
C:\Users\Admin\Desktop\dataset train\Dataset\Pneumonia-Viral\Pneumonia-Viral (249).jpg,Pneumonia-Viral,train
C:\Users\Admin\Desktop\dataset train\Dataset\COVID\COVID-19 (853).jpg,COVID,train
C:\Users\Admin\Desktop\dataset train\Dataset\Pneumonia-Bacterial\Pneumonia-Bacterial (718).jpg,Pneumonia-Bacterial,train
C:\Users\Admin\Desktop\dataset train\Dataset\Pneumonia-Bacterial\Pneumonia-Bacterial (2028).jpg,Pneumonia-Bacterial,train
C:\Users\Admin\Desktop\dataset train\Dataset\Normal\Normal (1846).jpg,Normal,train
C:\Users\Admin\Desktop\dataset train\Dataset\Pneumonia-Viral\Pneumonia-Viral (1628).jpg,Pneumonia-Viral,train
C:\Users\Admin\Desktop\dataset train\Dataset\Pneumonia-Bacterial\Pneumonia-Bacterial (208).jpg,Pneumonia-Bacterial,train
C:\Users\Admin\Desktop\dataset train\Dataset\Pneumonia-Bacterial\Pneumonia-Bacterial (2841).jpg,Pneumonia-Bacterial,train
C:\Users\Admin\Desktop\dataset train\Dataset\Pneumonia-Bacterial\Pneumonia-Bacterial (1358).jpg,Pneumonia-Bacterial,train
C:\Users\Admin\Desktop\dataset train\Dataset\Pneumonia-Bacterial\Pneumonia-Bacterial (2210).jpg,Pneumonia-Bacterial,train
C:\Users\Admin\Desktop\dataset train\Dataset\Pneumonia-Viral\Pneumonia-Viral (1147).jpg,Pneumonia-Viral,train
C:\Users\Admin\Desktop\dataset train\Dataset\COVID\COVID-19 (1210).jpg,COVID,train
C:\Users\Admin\Desktop\dataset train\Dataset\COVID\COVID-19 (320).jpg,COVID,train
C:\Users\Admin\Desktop\dataset train\Dataset\Normal\Normal (2872).jpg,Normal,train
C:\Users\Admin\Desktop\dataset train\Dataset\COVID\COVID-19 (181).jpg,COVID,train
C:\Users\Admin\Desktop\dataset train\Dataset\COVID\COVID-19 (31).jpg,COVID,train
C:\Users\Admin\Desktop\dataset train\Dataset\COVID\COVID-19 (260).jpg,COVID,train
C:\Users\Admin\Desktop\dataset train\Dataset\COVID\COVID-19 (610).jpg,COVID,train
C:\Users\Admin\Desktop\dataset train\Dataset\Pneumonia-Bacterial\Pneumonia-Bacterial (157).jpg,Pneumonia-Bacterial,train
C:\Users\Admin\Desktop\dataset train\Dataset\Pneumonia-Viral\Pneumonia-Viral (1116).jpg,Pneumonia-Viral,train
C:\Users\Admin\Desktop\dataset train\Dataset\Normal\Normal (1572).jpg,Normal,train
C:\Users\Admin\Desktop\dataset train\Dataset\Normal\Normal (2526).jpg,Normal,train
C:\Users\Admin\Desktop\dataset train\Dataset\COVID\COVID-19 (141).jpg,COVID,train
C:\Users\Admin\Desktop\dataset train\Dataset\Pneumonia-Viral\Pneumonia-Viral (1232).jpg,Pneumonia-Viral,train
C:\Users\Admin\Desktop\dataset train\Dataset\Pneumonia-Viral\Pneumonia-Viral (1566).jpg,Pneumonia-Viral,train
C:\Users\Admin\Desktop\dataset train\Dataset\Pneumonia-Viral\Pneumonia-Viral (1439).jpg,Pneumonia-Viral,train
C:\Users\Admin\Desktop\dataset train\Dataset\Normal\Normal (2231).jpg,Normal,train
C:\Users\Admin\Desktop\dataset train\Dataset\Normal\Normal (1199).jpg,Normal,train
C:\Users\Admin\Desktop\dataset train\Dataset\Pneumonia-Viral\Pneumonia-Viral (1138).jpg,Pneumonia-Viral,train
C:\Users\Admin\Desktop\dataset train\Dataset\Pneumonia-Viral\Pneumonia-Viral (689).jpg,Pneumonia-Viral,train
C:\Users\Admin\Desktop\dataset train\Dataset\Pneumonia-Bacterial\Pneumonia-Bacterial (864).jpg,Pneumonia-Bacterial,train
C:\Users\Admin\Desktop\dataset train\Dataset\Pneumonia-Bacterial\Pneumonia-Bacterial (193).jpg,Pneumonia-Bacterial,train
C:\Users\Admin\Desktop\dataset train\Dataset\COVID\COVID-19 (308).jpg,COVID,train
C:\Users\Admin\Desktop\dataset train\Dataset\Normal\Normal (915).jpg,Normal,train
C:\Users\Admin\Desktop\dataset train\Dataset\Normal\Normal (843).jpg,Normal,train
C:\Users\Admin\Desktop\dataset train\Dataset\Pneumonia-Viral\Pneumonia-Viral (1391).jpg,Pneumonia-Viral,train
C:\Users\Admin\Desktop\dataset train\Dataset\Normal\Normal (1971).jpg,Normal,train
C:\Users\Admin\Desktop\dataset train\Dataset\Pneumonia-Viral\Pneumonia-Viral (459).jpg,Pneumonia-Viral,train
C:\Users\Admin\Desktop\dataset train\Dataset\Normal\Normal (1111).jpg,Normal,train
C:\Users\Admin\Desktop\dataset train\Dataset\Pneumonia-Viral\Pneumonia-Viral (1063).jpg,Pneumonia-Viral,train
C:\Users\Admin\Desktop\dataset train\Dataset\Pneumonia-Viral\Pneumonia-Viral (529).jpg,Pneumonia-Viral,train
C:\Users\Admin\Desktop\dataset train\Dataset\Normal\Normal (2907).jpg,Normal,train
C:\Users\Admin\Desktop\dataset train\Dataset\Pneumonia-Bacterial\Pneumonia-Bacterial (241).jpg,Pneumonia-Bacterial,train
C:\Users\Admin\Desktop\dataset train\Dataset\Normal\Normal (1202).jpg,Normal,train
C:\Users\Admin\Desktop\dataset train\Dataset\Normal\Normal (651).jpg,Normal,train
C:\Users\Admin\Desktop\dataset train\Dataset\Pneumonia-Bacterial\Pneumonia-Bacterial (1171).jpg,Pneumonia-Bacterial,train
C:\Users\Admin\Desktop\dataset train\Dataset\Pneumonia-Bacterial\Pneumonia-Bacterial (799).jpg,Pneumonia-Bacterial,train
C:\Users\Admin\Desktop\dataset train\Dataset\Pneumonia-Bacterial\Pneumonia-Bacterial (2373).jpg,Pneumonia-Bacterial,train
C:\Users\Admin\Desktop\dataset train\Dataset\Pneumonia-Bacterial\Pneumonia-Bacterial (1528).jpg,Pneumonia-Bacterial,train
C:\Users\Admin\Desktop\dataset train\Dataset\Pneumonia-Viral\Pneumonia-Viral (554).jpg,Pneumonia-Viral,train
C:\Users\Admin\Desktop\dataset train\Dataset\Pneumonia-Bacterial\Pneumonia-Bacterial (1750).jpg,Pneumonia-Bacterial,train
C:\Users\Admin\Desktop\dataset train\Dataset\COVID\COVID-19 (1274).jpg,COVID,train
C:\Users\Admin\Desktop\dataset train\Dataset\Pneumonia-Bacterial\Pneumonia-Bacterial (1810).jpg,Pneumonia-Bacterial,train
C:\Users\Admin\Desktop\dataset train\Dataset\Normal\Normal (2438).jpg,Normal,train
C:\Users\Admin\Desktop\dataset train\Dataset\Normal\Normal (535).jpg,Normal,train
C:\Users\Admin\Desktop\dataset train\Dataset\Normal\Normal (19).jpg,Normal,train
C:\Users\Admin\Desktop\dataset train\Dataset\Pneumonia-Bacterial\Pneumonia-Bacterial (2522).jpg,Pneumonia-Bacterial,train
C:\Users\Admin\Desktop\dataset train\Dataset\Pneumonia-Bacterial\Pneumonia-Bacterial (2510).jpg,Pneumonia-Bacterial,train
C:\Users\Admin\Desktop\dataset train\Dataset\COVID\COVID-19 (830).jpg,COVID,train
C:\Users\Admin\Desktop\dataset train\Dataset\Pneumonia-Bacterial\Pneumonia-Bacterial (397).jpg,Pneumonia-Bacterial,train
C:\Users\Admin\Desktop\dataset train\Dataset\Normal\Normal (2961).jpg,Normal,train
C:\Users\Admin\Desktop\dataset train\Dataset\COVID\COVID-19 (23).jpg,COVID,train
C:\Users\Admin\Desktop\dataset train\Dataset\Pneumonia-Bacterial\Pneumonia-Bacterial (2437).jpg,Pneumonia-Bacterial,train
C:\Users\Admin\Desktop\dataset train\Dataset\Normal\Normal (3138).jpg,Normal,train
C:\Users\Admin\Desktop\dataset train\Dataset\Pneumonia-Bacterial\Pneumonia-Bacterial (1960).jpg,Pneumonia-Bacterial,train
C:\Users\Admin\Desktop\dataset train\Dataset\Pneumonia-Bacterial\Pneumonia-Bacterial (2917).jpg,Pneumonia-Bacterial,train
C:\Users\Admin\Desktop\dataset train\Dataset\COVID\COVID-19 (644).jpg,COVID,train
C:\Users\Admin\Desktop\dataset train\Dataset\Pneumonia-Bacterial\Pneumonia-Bacterial (2454).jpg,Pneumonia-Bacterial,train
C:\Users\Admin\Desktop\dataset train\Dataset\COVID\COVID-19 (542).jpg,COVID,train
C:\Users\Admin\Desktop\dataset train\Dataset\Pneumonia-Bacterial\Pneumonia-Bacterial (216).jpg,Pneumonia-Bacterial,train
C:\Users\Admin\Desktop\dataset train\Dataset\Normal\Normal (2406).jpg,Normal,train
C:\Users\Admin\Desktop\dataset train\Dataset\Pneumonia-Viral\Pneumonia-Viral (1532).jpg,Pneumonia-Viral,train
C:\Users\Admin\Desktop\dataset train\Dataset\Pneumonia-Bacterial\Pneumonia-Bacterial (155).jpg,Pneumonia-Bacterial,train
C:\Users\Admin\Desktop\dataset train\Dataset\Pneumonia-Bacterial\Pneumonia-Bacterial (795).jpg,Pneumonia-Bacterial,train
C:\Users\Admin\Desktop\dataset train\Dataset\Pneumonia-Bacterial\Pneumonia-Bacterial (1958).jpg,Pneumonia-Bacterial,train
C:\Users\Admin\Desktop\dataset train\Dataset\Pneumonia-Bacterial\Pneumonia-Bacterial (1420).jpg,Pneumonia-Bacterial,train
C:\Users\Admin\Desktop\dataset train\Dataset\Normal\Normal (2497).jpg,Normal,train
C:\Users\Admin\Desktop\dataset train\Dataset\Normal\Normal (2966).jpg,Normal,train
C:\Users\Admin\Desktop\dataset train\Dataset\Normal\Normal (1313).jpg,Normal,train
C:\Users\Admin\Desktop\dataset train\Dataset\COVID\COVID-19 (1164).jpg,COVID,train
C:\Users\Admin\Desktop\dataset train\Dataset\Pneumonia-Bacterial\Pneumonia-Bacterial (1244).jpg,Pneumonia-Bacterial,train
C:\Users\Admin\Desktop\dataset train\Dataset\Pneumonia-Viral\Pneumonia-Viral (260).jpg,Pneumonia-Viral,train
C:\Users\Admin\Desktop\dataset train\Dataset\Pneumonia-Viral\Pneumonia-Viral (507).jpg,Pneumonia-Viral,train
C:\Users\Admin\Desktop\dataset train\Dataset\Pneumonia-Viral\Pneumonia-Viral (488).jpg,Pneumonia-Viral,train
C:\Users\Admin\Desktop\dataset train\Dataset\Normal\Normal (2132).jpg,Normal,train
C:\Users\Admin\Desktop\dataset train\Dataset\Pneumonia-Bacterial\Pneumonia-Bacterial (1352).jpg,Pneumonia-Bacterial,train
C:\Users\Admin\Desktop\dataset train\Dataset\Pneumonia-Viral\Pneumonia-Viral (1399).jpg,Pneumonia-Viral,train
C:\Users\Admin\Desktop\dataset train\Dataset\COVID\COVID-19 (833).jpg,COVID,train
C:\Users\Admin\Desktop\dataset train\Dataset\Normal\Normal (748).jpg,Normal,train
C:\Users\Admin\Desktop\dataset train\Dataset\Normal\Normal (1674).jpg,Normal,train
C:\Users\Admin\Desktop\dataset train\Dataset\Normal\Normal (1550).jpg,Normal,train
C:\Users\Admin\Desktop\dataset train\Dataset\Pneumonia-Bacterial\Pneumonia-Bacterial (2037).jpg,Pneumonia-Bacterial,train
C:\Users\Admin\Desktop\dataset train\Dataset\Normal\Normal (901).jpg,Normal,train
C:\Users\Admin\Desktop\dataset train\Dataset\Pneumonia-Viral\Pneumonia-Viral (264).jpg,Pneumonia-Viral,train
C:\Users\Admin\Desktop\dataset train\Dataset\Pneumonia-Bacterial\Pneumonia-Bacterial (2283).jpg,Pneumonia-Bacterial,train
C:\Users\Admin\Desktop\dataset train\Dataset\Normal\Normal (232).jpg,Normal,train
C:\Users\Admin\Desktop\dataset train\Dataset\Pneumonia-Bacterial\Pneumonia-Bacterial (2705).jpg,Pneumonia-Bacterial,train
C:\Users\Admin\Desktop\dataset train\Dataset\Normal\Normal (1718).jpg,Normal,train
C:\Users\Admin\Desktop\dataset train\Dataset\Pneumonia-Viral\Pneumonia-Viral (1471).jpg,Pneumonia-Viral,train
C:\Users\Admin\Desktop\dataset train\Dataset\Normal\Normal (86).jpg,Normal,train
C:\Users\Admin\Desktop\dataset train\Dataset\Pneumonia-Bacterial\Pneumonia-Bacterial (2404).jpg,Pneumonia-Bacterial,train
C:\Users\Admin\Desktop\dataset train\Dataset\Pneumonia-Viral\Pneumonia-Viral (1084).jpg,Pneumonia-Viral,train
C:\Users\Admin\Desktop\dataset train\Dataset\Normal\Normal (3074).jpg,Normal,train
C:\Users\Admin\Desktop\dataset train\Dataset\Normal\Normal (1188).jpg,Normal,train
C:\Users\Admin\Desktop\dataset train\Dataset\COVID\COVID-19 (1281).jpg,COVID,train
C:\Users\Admin\Desktop\dataset train\Dataset\Normal\Normal (2547).jpg,Normal,train
C:\Users\Admin\Desktop\dataset train\Dataset\Pneumonia-Bacterial\Pneumonia-Bacterial (27).jpg,Pneumonia-Bacterial,train
C:\Users\Admin\Desktop\dataset train\Dataset\COVID\COVID-19 (1).jpg,COVID,train
C:\Users\Admin\Desktop\dataset train\Dataset\Normal\Normal (3259).jpg,Normal,train
C:\Users\Admin\Desktop\dataset train\Dataset\Pneumonia-Bacterial\Pneumonia-Bacterial (233).jpg,Pneumonia-Bacterial,train
C:\Users\Admin\Desktop\dataset train\Dataset\Normal\Normal (3098).jpg,Normal,train
C:\Users\Admin\Desktop\dataset train\Dataset\Pneumonia-Bacterial\Pneumonia-Bacterial (1592).jpg,Pneumonia-Bacterial,train
C:\Users\Admin\Desktop\dataset train\Dataset\Pneumonia-Bacterial\Pneumonia-Bacterial (30).jpg,Pneumonia-Bacterial,train
C:\Users\Admin\Desktop\dataset train\Dataset\Pneumonia-Bacterial\Pneumonia-Bacterial (1598).jpg,Pneumonia-Bacterial,train
C:\Users\Admin\Desktop\dataset train\Dataset\Normal\Normal (1930).jpg,Normal,train
C:\Users\Admin\Desktop\dataset train\Dataset\COVID\COVID-19 (671).jpg,COVID,train
C:\Users\Admin\Desktop\dataset train\Dataset\Pneumonia-Bacterial\Pneumonia-Bacterial (177).jpg,Pneumonia-Bacterial,train
C:\Users\Admin\Desktop\dataset train\Dataset\Normal\Normal (1799).jpg,Normal,train
C:\Users\Admin\Desktop\dataset train\Dataset\Normal\Normal (1153).jpg,Normal,train
C:\Users\Admin\Desktop\dataset train\Dataset\Pneumonia-Viral\Pneumonia-Viral (707).jpg,Pneumonia-Viral,train
C:\Users\Admin\Desktop\dataset train\Dataset\Pneumonia-Bacterial\Pneumonia-Bacterial (447).jpg,Pneumonia-Bacterial,train
C:\Users\Admin\Desktop\dataset train\Dataset\Normal\Normal (2070).jpg,Normal,train
C:\Users\Admin\Desktop\dataset train\Dataset\Pneumonia-Viral\Pneumonia-Viral (683).jpg,Pneumonia-Viral,train
C:\Users\Admin\Desktop\dataset train\Dataset\Pneumonia-Bacterial\Pneumonia-Bacterial (374).jpg,Pneumonia-Bacterial,train
C:\Users\Admin\Desktop\dataset train\Dataset\Pneumonia-Bacterial\Pneumonia-Bacterial (1207).jpg,Pneumonia-Bacterial,train
C:\Users\Admin\Desktop\dataset train\Dataset\Pneumonia-Viral\Pneumonia-Viral (441).jpg,Pneumonia-Viral,train
C:\Users\Admin\Desktop\dataset train\Dataset\Pneumonia-Bacterial\Pneumonia-Bacterial (1375).jpg,Pneumonia-Bacterial,train
C:\Users\Admin\Desktop\dataset train\Dataset\Pneumonia-Bacterial\Pneumonia-Bacterial (1094).jpg,Pneumonia-Bacterial,train
C:\Users\Admin\Desktop\dataset train\Dataset\Pneumonia-Bacterial\Pneumonia-Bacterial (1016).jpg,Pneumonia-Bacterial,train
C:\Users\Admin\Desktop\dataset train\Dataset\Normal\Normal (789).jpg,Normal,train
C:\Users\Admin\Desktop\dataset train\Dataset\COVID\COVID-19 (1033).jpg,COVID,train
C:\Users\Admin\Desktop\dataset train\Dataset\COVID\COVID-19 (234).jpg,COVID,train
C:\Users\Admin\Desktop\dataset train\Dataset\Pneumonia-Bacterial\Pneumonia-Bacterial (1538).jpg,Pneumonia-Bacterial,train
C:\Users\Admin\Desktop\dataset train\Dataset\Pneumonia-Bacterial\Pneumonia-Bacterial (247).jpg,Pneumonia-Bacterial,train
C:\Users\Admin\Desktop\dataset train\Dataset\Pneumonia-Bacterial\Pneumonia-Bacterial (87).jpg,Pneumonia-Bacterial,train
C:\Users\Admin\Desktop\dataset train\Dataset\COVID\COVID-19 (1020).jpg,COVID,train
C:\Users\Admin\Desktop\dataset train\Dataset\Pneumonia-Bacterial\Pneumonia-Bacterial (767).jpg,Pneumonia-Bacterial,train
C:\Users\Admin\Desktop\dataset train\Dataset\Pneumonia-Viral\Pneumonia-Viral (593).jpg,Pneumonia-Viral,train
C:\Users\Admin\Desktop\dataset train\Dataset\Pneumonia-Viral\Pneumonia-Viral (57).jpg,Pneumonia-Viral,train
C:\Users\Admin\Desktop\dataset train\Dataset\Pneumonia-Viral\Pneumonia-Viral (1146).jpg,Pneumonia-Viral,train
C:\Users\Admin\Desktop\dataset train\Dataset\COVID\COVID-19 (197).jpg,COVID,train
C:\Users\Admin\Desktop\dataset train\Dataset\Pneumonia-Bacterial\Pneumonia-Bacterial (1228).jpg,Pneumonia-Bacterial,train
C:\Users\Admin\Desktop\dataset train\Dataset\Pneumonia-Bacterial\Pneumonia-Bacterial (868).jpg,Pneumonia-Bacterial,train
C:\Users\Admin\Desktop\dataset train\Dataset\Pneumonia-Viral\Pneumonia-Viral (1001).jpg,Pneumonia-Viral,train
C:\Users\Admin\Desktop\dataset train\Dataset\COVID\COVID-19 (467).jpg,COVID,train
C:\Users\Admin\Desktop\dataset train\Dataset\Pneumonia-Bacterial\Pneumonia-Bacterial (2790).jpg,Pneumonia-Bacterial,train
C:\Users\Admin\Desktop\dataset train\Dataset\Pneumonia-Viral\Pneumonia-Viral (1518).jpg,Pneumonia-Viral,train
C:\Users\Admin\Desktop\dataset train\Dataset\COVID\COVID-19 (1171).jpg,COVID,train
C:\Users\Admin\Desktop\dataset train\Dataset\Pneumonia-Bacterial\Pneumonia-Bacterial (2061).jpg,Pneumonia-Bacterial,train
C:\Users\Admin\Desktop\dataset train\Dataset\Pneumonia-Viral\Pneumonia-Viral (806).jpg,Pneumonia-Viral,train
C:\Users\Admin\Desktop\dataset train\Dataset\Pneumonia-Viral\Pneumonia-Viral (453).jpg,Pneumonia-Viral,train
C:\Users\Admin\Desktop\dataset train\Dataset\Pneumonia-Viral\Pneumonia-Viral (52).jpg,Pneumonia-Viral,train
C:\Users\Admin\Desktop\dataset train\Dataset\Normal\Normal (422).jpg,Normal,train
C:\Users\Admin\Desktop\dataset train\Dataset\Normal\Normal (2357).jpg,Normal,train
C:\Users\Admin\Desktop\dataset train\Dataset\Pneumonia-Bacterial\Pneumonia-Bacterial (831).jpg,Pneumonia-Bacterial,train
C:\Users\Admin\Desktop\dataset train\Dataset\Pneumonia-Bacterial\Pneumonia-Bacterial (467).jpg,Pneumonia-Bacterial,train
C:\Users\Admin\Desktop\dataset train\Dataset\Pneumonia-Bacterial\Pneumonia-Bacterial (2096).jpg,Pneumonia-Bacterial,train
C:\Users\Admin\Desktop\dataset train\Dataset\Pneumonia-Bacterial\Pneumonia-Bacterial (1556).jpg,Pneumonia-Bacterial,train
C:\Users\Admin\Desktop\dataset train\Dataset\Pneumonia-Viral\Pneumonia-Viral (742).jpg,Pneumonia-Viral,train
C:\Users\Admin\Desktop\dataset train\Dataset\Pneumonia-Bacterial\Pneumonia-Bacterial (285).jpg,Pneumonia-Bacterial,train
C:\Users\Admin\Desktop\dataset train\Dataset\Normal\Normal (71).jpg,Normal,train
C:\Users\Admin\Desktop\dataset train\Dataset\Pneumonia-Bacterial\Pneumonia-Bacterial (1980).jpg,Pneumonia-Bacterial,train
C:\Users\Admin\Desktop\dataset train\Dataset\Normal\Normal (2991).jpg,Normal,train
C:\Users\Admin\Desktop\dataset train\Dataset\Pneumonia-Viral\Pneumonia-Viral (1641).jpg,Pneumonia-Viral,train
C:\Users\Admin\Desktop\dataset train\Dataset\Normal\Normal (353).jpg,Normal,train
C:\Users\Admin\Desktop\dataset train\Dataset\Pneumonia-Bacterial\Pneumonia-Bacterial (1624).jpg,Pneumonia-Bacterial,train
C:\Users\Admin\Desktop\dataset train\Dataset\COVID\COVID-19 (1231).jpg,COVID,train
C:\Users\Admin\Desktop\dataset train\Dataset\Normal\Normal (3262).jpg,Normal,train
C:\Users\Admin\Desktop\dataset train\Dataset\Pneumonia-Bacterial\Pneumonia-Bacterial (603).jpg,Pneumonia-Bacterial,train
C:\Users\Admin\Desktop\dataset train\Dataset\COVID\COVID-19 (915).jpg,COVID,train
C:\Users\Admin\Desktop\dataset train\Dataset\Pneumonia-Bacterial\Pneumonia-Bacterial (652).jpg,Pneumonia-Bacterial,train
C:\Users\Admin\Desktop\dataset train\Dataset\Pneumonia-Viral\Pneumonia-Viral (112).jpg,Pneumonia-Viral,train
C:\Users\Admin\Desktop\dataset train\Dataset\Pneumonia-Viral\Pneumonia-Viral (860).jpg,Pneumonia-Viral,train
C:\Users\Admin\Desktop\dataset train\Dataset\Normal\Normal (1913).jpg,Normal,train
C:\Users\Admin\Desktop\dataset train\Dataset\COVID\COVID-19 (72).jpg,COVID,train
C:\Users\Admin\Desktop\dataset train\Dataset\Pneumonia-Viral\Pneumonia-Viral (1303).jpg,Pneumonia-Viral,train
C:\Users\Admin\Desktop\dataset train\Dataset\Pneumonia-Bacterial\Pneumonia-Bacterial (2612).jpg,Pneumonia-Bacterial,train
C:\Users\Admin\Desktop\dataset train\Dataset\Normal\Normal (2653).jpg,Normal,train
C:\Users\Admin\Desktop\dataset train\Dataset\COVID\COVID-19 (1123).jpg,COVID,train
C:\Users\Admin\Desktop\dataset train\Dataset\Normal\Normal (2871).jpg,Normal,train
C:\Users\Admin\Desktop\dataset train\Dataset\Normal\Normal (802).jpg,Normal,train
C:\Users\Admin\Desktop\dataset train\Dataset\Pneumonia-Viral\Pneumonia-Viral (646).jpg,Pneumonia-Viral,train
C:\Users\Admin\Desktop\dataset train\Dataset\Pneumonia-Bacterial\Pneumonia-Bacterial (2786).jpg,Pneumonia-Bacterial,train
C:\Users\Admin\Desktop\dataset train\Dataset\Pneumonia-Viral\Pneumonia-Viral (1454).jpg,Pneumonia-Viral,train
C:\Users\Admin\Desktop\dataset train\Dataset\Pneumonia-Bacterial\Pneumonia-Bacterial (2880).jpg,Pneumonia-Bacterial,train
C:\Users\Admin\Desktop\dataset train\Dataset\Normal\Normal (1369).jpg,Normal,train
C:\Users\Admin\Desktop\dataset train\Dataset\Pneumonia-Bacterial\Pneumonia-Bacterial (126).jpg,Pneumonia-Bacterial,train
C:\Users\Admin\Desktop\dataset train\Dataset\Pneumonia-Viral\Pneumonia-Viral (609).jpg,Pneumonia-Viral,train
C:\Users\Admin\Desktop\dataset train\Dataset\COVID\COVID-19 (35).jpg,COVID,train
C:\Users\Admin\Desktop\dataset train\Dataset\Pneumonia-Viral\Pneumonia-Viral (485).jpg,Pneumonia-Viral,train
C:\Users\Admin\Desktop\dataset train\Dataset\Pneumonia-Viral\Pneumonia-Viral (526).jpg,Pneumonia-Viral,train
C:\Users\Admin\Desktop\dataset train\Dataset\Pneumonia-Bacterial\Pneumonia-Bacterial (691).jpg,Pneumonia-Bacterial,train
C:\Users\Admin\Desktop\dataset train\Dataset\Normal\Normal (282).jpg,Normal,train
C:\Users\Admin\Desktop\dataset train\Dataset\Pneumonia-Bacterial\Pneumonia-Bacterial (435).jpg,Pneumonia-Bacterial,train
C:\Users\Admin\Desktop\dataset train\Dataset\Pneumonia-Viral\Pneumonia-Viral (771).jpg,Pneumonia-Viral,train
C:\Users\Admin\Desktop\dataset train\Dataset\Normal\Normal (1068).jpg,Normal,train
C:\Users\Admin\Desktop\dataset train\Dataset\Normal\Normal (2332).jpg,Normal,train
C:\Users\Admin\Desktop\dataset train\Dataset\COVID\COVID-19 (1172).jpg,COVID,train
C:\Users\Admin\Desktop\dataset train\Dataset\Pneumonia-Bacterial\Pneumonia-Bacterial (1022).jpg,Pneumonia-Bacterial,train
C:\Users\Admin\Desktop\dataset train\Dataset\Pneumonia-Viral\Pneumonia-Viral (368).jpg,Pneumonia-Viral,train
C:\Users\Admin\Desktop\dataset train\Dataset\Pneumonia-Bacterial\Pneumonia-Bacterial (154).jpg,Pneumonia-Bacterial,train
C:\Users\Admin\Desktop\dataset train\Dataset\Pneumonia-Viral\Pneumonia-Viral (730).jpg,Pneumonia-Viral,train
C:\Users\Admin\Desktop\dataset train\Dataset\Pneumonia-Bacterial\Pneumonia-Bacterial (915).jpg,Pneumonia-Bacterial,train
C:\Users\Admin\Desktop\dataset train\Dataset\Pneumonia-Bacterial\Pneumonia-Bacterial (927).jpg,Pneumonia-Bacterial,train
C:\Users\Admin\Desktop\dataset train\Dataset\Pneumonia-Bacterial\Pneumonia-Bacterial (1950).jpg,Pneumonia-Bacterial,train
C:\Users\Admin\Desktop\dataset train\Dataset\Pneumonia-Bacterial\Pneumonia-Bacterial (194).jpg,Pneumonia-Bacterial,train
C:\Users\Admin\Desktop\dataset train\Dataset\Pneumonia-Bacterial\Pneumonia-Bacterial (2014).jpg,Pneumonia-Bacterial,train
C:\Users\Admin\Desktop\dataset train\Dataset\Pneumonia-Viral\Pneumonia-Viral (334).jpg,Pneumonia-Viral,train
C:\Users\Admin\Desktop\dataset train\Dataset\Normal\Normal (1172).jpg,Normal,train
C:\Users\Admin\Desktop\dataset train\Dataset\Normal\Normal (1469).jpg,Normal,train
C:\Users\Admin\Desktop\dataset train\Dataset\Normal\Normal (1880).jpg,Normal,train
C:\Users\Admin\Desktop\dataset train\Dataset\Normal\Normal (177).jpg,Normal,train
C:\Users\Admin\Desktop\dataset train\Dataset\Normal\Normal (497).jpg,Normal,train
C:\Users\Admin\Desktop\dataset train\Dataset\Pneumonia-Viral\Pneumonia-Viral (1430).jpg,Pneumonia-Viral,train
C:\Users\Admin\Desktop\dataset train\Dataset\Normal\Normal (2083).jpg,Normal,train
C:\Users\Admin\Desktop\dataset train\Dataset\Pneumonia-Viral\Pneumonia-Viral (896).jpg,Pneumonia-Viral,train
C:\Users\Admin\Desktop\dataset train\Dataset\Pneumonia-Viral\Pneumonia-Viral (555).jpg,Pneumonia-Viral,train
C:\Users\Admin\Desktop\dataset train\Dataset\Normal\Normal (2794).jpg,Normal,train
C:\Users\Admin\Desktop\dataset train\Dataset\Normal\Normal (1914).jpg,Normal,train
C:\Users\Admin\Desktop\dataset train\Dataset\Normal\Normal (3215).jpg,Normal,train
C:\Users\Admin\Desktop\dataset train\Dataset\COVID\COVID-19 (153).jpg,COVID,train
C:\Users\Admin\Desktop\dataset train\Dataset\Pneumonia-Bacterial\Pneumonia-Bacterial (812).jpg,Pneumonia-Bacterial,train
C:\Users\Admin\Desktop\dataset train\Dataset\Pneumonia-Bacterial\Pneumonia-Bacterial (1639).jpg,Pneumonia-Bacterial,train
C:\Users\Admin\Desktop\dataset train\Dataset\Pneumonia-Bacterial\Pneumonia-Bacterial (575).jpg,Pneumonia-Bacterial,train
C:\Users\Admin\Desktop\dataset train\Dataset\COVID\COVID-19 (562).jpg,COVID,train
C:\Users\Admin\Desktop\dataset train\Dataset\Normal\Normal (2491).jpg,Normal,train
C:\Users\Admin\Desktop\dataset train\Dataset\Pneumonia-Viral\Pneumonia-Viral (585).jpg,Pneumonia-Viral,train
C:\Users\Admin\Desktop\dataset train\Dataset\Normal\Normal (2823).jpg,Normal,train
C:\Users\Admin\Desktop\dataset train\Dataset\Pneumonia-Bacterial\Pneumonia-Bacterial (15).jpg,Pneumonia-Bacterial,train
C:\Users\Admin\Desktop\dataset train\Dataset\Pneumonia-Viral\Pneumonia-Viral (119).jpg,Pneumonia-Viral,train
C:\Users\Admin\Desktop\dataset train\Dataset\Normal\Normal (1180).jpg,Normal,train
C:\Users\Admin\Desktop\dataset train\Dataset\COVID\COVID-19 (873).jpg,COVID,train
C:\Users\Admin\Desktop\dataset train\Dataset\Normal\Normal (1204).jpg,Normal,train
C:\Users\Admin\Desktop\dataset train\Dataset\Normal\Normal (2380).jpg,Normal,train
C:\Users\Admin\Desktop\dataset train\Dataset\Pneumonia-Viral\Pneumonia-Viral (528).jpg,Pneumonia-Viral,train
C:\Users\Admin\Desktop\dataset train\Dataset\COVID\COVID-19 (322).jpg,COVID,train
C:\Users\Admin\Desktop\dataset train\Dataset\Normal\Normal (926).jpg,Normal,train
C:\Users\Admin\Desktop\dataset train\Dataset\Pneumonia-Viral\Pneumonia-Viral (1433).jpg,Pneumonia-Viral,train
C:\Users\Admin\Desktop\dataset train\Dataset\Pneumonia-Bacterial\Pneumonia-Bacterial (2746).jpg,Pneumonia-Bacterial,train
C:\Users\Admin\Desktop\dataset train\Dataset\Pneumonia-Bacterial\Pneumonia-Bacterial (114).jpg,Pneumonia-Bacterial,train
C:\Users\Admin\Desktop\dataset train\Dataset\Pneumonia-Bacterial\Pneumonia-Bacterial (2278).jpg,Pneumonia-Bacterial,train
C:\Users\Admin\Desktop\dataset train\Dataset\Pneumonia-Bacterial\Pneumonia-Bacterial (1771).jpg,Pneumonia-Bacterial,train
C:\Users\Admin\Desktop\dataset train\Dataset\COVID\COVID-19 (318).jpg,COVID,train
C:\Users\Admin\Desktop\dataset train\Dataset\Normal\Normal (1116).jpg,Normal,train
C:\Users\Admin\Desktop\dataset train\Dataset\Pneumonia-Bacterial\Pneumonia-Bacterial (1132).jpg,Pneumonia-Bacterial,train
C:\Users\Admin\Desktop\dataset train\Dataset\Pneumonia-Bacterial\Pneumonia-Bacterial (529).jpg,Pneumonia-Bacterial,train
C:\Users\Admin\Desktop\dataset train\Dataset\Pneumonia-Viral\Pneumonia-Viral (639).jpg,Pneumonia-Viral,train
C:\Users\Admin\Desktop\dataset train\Dataset\Pneumonia-Bacterial\Pneumonia-Bacterial (861).jpg,Pneumonia-Bacterial,train
C:\Users\Admin\Desktop\dataset train\Dataset\Pneumonia-Bacterial\Pneumonia-Bacterial (534).jpg,Pneumonia-Bacterial,train
C:\Users\Admin\Desktop\dataset train\Dataset\Pneumonia-Bacterial\Pneumonia-Bacterial (1306).jpg,Pneumonia-Bacterial,train
C:\Users\Admin\Desktop\dataset train\Dataset\Normal\Normal (329).jpg,Normal,train
C:\Users\Admin\Desktop\dataset train\Dataset\Pneumonia-Viral\Pneumonia-Viral (1599).jpg,Pneumonia-Viral,train
C:\Users\Admin\Desktop\dataset train\Dataset\Pneumonia-Bacterial\Pneumonia-Bacterial (2102).jpg,Pneumonia-Bacterial,train
C:\Users\Admin\Desktop\dataset train\Dataset\COVID\COVID-19 (649).jpg,COVID,train
C:\Users\Admin\Desktop\dataset train\Dataset\Normal\Normal (2832).jpg,Normal,train
C:\Users\Admin\Desktop\dataset train\Dataset\Pneumonia-Bacterial\Pneumonia-Bacterial (2).jpg,Pneumonia-Bacterial,train
C:\Users\Admin\Desktop\dataset train\Dataset\COVID\COVID-19 (659).jpg,COVID,train
C:\Users\Admin\Desktop\dataset train\Dataset\COVID\COVID-19 (110).jpg,COVID,train
C:\Users\Admin\Desktop\dataset train\Dataset\Normal\Normal (2397).jpg,Normal,train
C:\Users\Admin\Desktop\dataset train\Dataset\COVID\COVID-19 (631).jpg,COVID,train
C:\Users\Admin\Desktop\dataset train\Dataset\Pneumonia-Viral\Pneumonia-Viral (478).jpg,Pneumonia-Viral,train
C:\Users\Admin\Desktop\dataset train\Dataset\Pneumonia-Bacterial\Pneumonia-Bacterial (1630).jpg,Pneumonia-Bacterial,train
C:\Users\Admin\Desktop\dataset train\Dataset\Normal\Normal (1258).jpg,Normal,train
C:\Users\Admin\Desktop\dataset train\Dataset\Normal\Normal (3066).jpg,Normal,train
C:\Users\Admin\Desktop\dataset train\Dataset\Pneumonia-Bacterial\Pneumonia-Bacterial (1351).jpg,Pneumonia-Bacterial,train
C:\Users\Admin\Desktop\dataset train\Dataset\Pneumonia-Bacterial\Pneumonia-Bacterial (1165).jpg,Pneumonia-Bacterial,train
C:\Users\Admin\Desktop\dataset train\Dataset\Pneumonia-Bacterial\Pneumonia-Bacterial (1251).jpg,Pneumonia-Bacterial,train
C:\Users\Admin\Desktop\dataset train\Dataset\Pneumonia-Bacterial\Pneumonia-Bacterial (1764).jpg,Pneumonia-Bacterial,train
C:\Users\Admin\Desktop\dataset train\Dataset\Pneumonia-Bacterial\Pneumonia-Bacterial (2450).jpg,Pneumonia-Bacterial,train
C:\Users\Admin\Desktop\dataset train\Dataset\Pneumonia-Bacterial\Pneumonia-Bacterial (806).jpg,Pneumonia-Bacterial,train
C:\Users\Admin\Desktop\dataset train\Dataset\COVID\COVID-19 (139).jpg,COVID,train
C:\Users\Admin\Desktop\dataset train\Dataset\Pneumonia-Viral\Pneumonia-Viral (1500).jpg,Pneumonia-Viral,train
C:\Users\Admin\Desktop\dataset train\Dataset\Pneumonia-Bacterial\Pneumonia-Bacterial (742).jpg,Pneumonia-Bacterial,train
C:\Users\Admin\Desktop\dataset train\Dataset\Pneumonia-Bacterial\Pneumonia-Bacterial (1183).jpg,Pneumonia-Bacterial,train
C:\Users\Admin\Desktop\dataset train\Dataset\Pneumonia-Bacterial\Pneumonia-Bacterial (845).jpg,Pneumonia-Bacterial,train
C:\Users\Admin\Desktop\dataset train\Dataset\Normal\Normal (2457).jpg,Normal,train
C:\Users\Admin\Desktop\dataset train\Dataset\Pneumonia-Viral\Pneumonia-Viral (1190).jpg,Pneumonia-Viral,train
C:\Users\Admin\Desktop\dataset train\Dataset\Pneumonia-Bacterial\Pneumonia-Bacterial (2677).jpg,Pneumonia-Bacterial,train
C:\Users\Admin\Desktop\dataset train\Dataset\Normal\Normal (471).jpg,Normal,train
C:\Users\Admin\Desktop\dataset train\Dataset\Pneumonia-Viral\Pneumonia-Viral (1236).jpg,Pneumonia-Viral,train
C:\Users\Admin\Desktop\dataset train\Dataset\Pneumonia-Bacterial\Pneumonia-Bacterial (2405).jpg,Pneumonia-Bacterial,train
C:\Users\Admin\Desktop\dataset train\Dataset\Pneumonia-Bacterial\Pneumonia-Bacterial (916).jpg,Pneumonia-Bacterial,train
C:\Users\Admin\Desktop\dataset train\Dataset\Pneumonia-Viral\Pneumonia-Viral (1014).jpg,Pneumonia-Viral,train
C:\Users\Admin\Desktop\dataset train\Dataset\Pneumonia-Bacterial\Pneumonia-Bacterial (2508).jpg,Pneumonia-Bacterial,train
C:\Users\Admin\Desktop\dataset train\Dataset\COVID\COVID-19 (1250).jpg,COVID,train
C:\Users\Admin\Desktop\dataset train\Dataset\Pneumonia-Bacterial\Pneumonia-Bacterial (1072).jpg,Pneumonia-Bacterial,train
C:\Users\Admin\Desktop\dataset train\Dataset\Pneumonia-Viral\Pneumonia-Viral (218).jpg,Pneumonia-Viral,train
C:\Users\Admin\Desktop\dataset train\Dataset\COVID\COVID-19 (685).jpg,COVID,train
C:\Users\Admin\Desktop\dataset train\Dataset\COVID\COVID-19 (934).jpg,COVID,train
C:\Users\Admin\Desktop\dataset train\Dataset\COVID\COVID-19 (1058).jpg,COVID,train
C:\Users\Admin\Desktop\dataset train\Dataset\Normal\Normal (2740).jpg,Normal,train
C:\Users\Admin\Desktop\dataset train\Dataset\COVID\COVID-19 (140).jpg,COVID,train
C:\Users\Admin\Desktop\dataset train\Dataset\Pneumonia-Bacterial\Pneumonia-Bacterial (2922).jpg,Pneumonia-Bacterial,train
C:\Users\Admin\Desktop\dataset train\Dataset\Normal\Normal (320).jpg,Normal,train
C:\Users\Admin\Desktop\dataset train\Dataset\Pneumonia-Viral\Pneumonia-Viral (1619).jpg,Pneumonia-Viral,train
C:\Users\Admin\Desktop\dataset train\Dataset\COVID\COVID-19 (382).jpg,COVID,train
C:\Users\Admin\Desktop\dataset train\Dataset\Normal\Normal (1497).jpg,Normal,train
C:\Users\Admin\Desktop\dataset train\Dataset\Normal\Normal (478).jpg,Normal,train
C:\Users\Admin\Desktop\dataset train\Dataset\Pneumonia-Viral\Pneumonia-Viral (961).jpg,Pneumonia-Viral,train
C:\Users\Admin\Desktop\dataset train\Dataset\Pneumonia-Bacterial\Pneumonia-Bacterial (147).jpg,Pneumonia-Bacterial,train
C:\Users\Admin\Desktop\dataset train\Dataset\Pneumonia-Bacterial\Pneumonia-Bacterial (128).jpg,Pneumonia-Bacterial,train
C:\Users\Admin\Desktop\dataset train\Dataset\Pneumonia-Bacterial\Pneumonia-Bacterial (2581).jpg,Pneumonia-Bacterial,train
C:\Users\Admin\Desktop\dataset train\Dataset\Pneumonia-Bacterial\Pneumonia-Bacterial (1292).jpg,Pneumonia-Bacterial,train
C:\Users\Admin\Desktop\dataset train\Dataset\Pneumonia-Viral\Pneumonia-Viral (941).jpg,Pneumonia-Viral,train
C:\Users\Admin\Desktop\dataset train\Dataset\Pneumonia-Viral\Pneumonia-Viral (1095).jpg,Pneumonia-Viral,train
C:\Users\Admin\Desktop\dataset train\Dataset\Pneumonia-Bacterial\Pneumonia-Bacterial (2634).jpg,Pneumonia-Bacterial,train
C:\Users\Admin\Desktop\dataset train\Dataset\Pneumonia-Bacterial\Pneumonia-Bacterial (1839).jpg,Pneumonia-Bacterial,train
C:\Users\Admin\Desktop\dataset train\Dataset\Normal\Normal (1119).jpg,Normal,train
C:\Users\Admin\Desktop\dataset train\Dataset\COVID\COVID-19 (476).jpg,COVID,train
C:\Users\Admin\Desktop\dataset train\Dataset\Pneumonia-Bacterial\Pneumonia-Bacterial (2379).jpg,Pneumonia-Bacterial,train
C:\Users\Admin\Desktop\dataset train\Dataset\Pneumonia-Viral\Pneumonia-Viral (725).jpg,Pneumonia-Viral,train
C:\Users\Admin\Desktop\dataset train\Dataset\Pneumonia-Viral\Pneumonia-Viral (85).jpg,Pneumonia-Viral,train
C:\Users\Admin\Desktop\dataset train\Dataset\Normal\Normal (2954).jpg,Normal,train
C:\Users\Admin\Desktop\dataset train\Dataset\Pneumonia-Bacterial\Pneumonia-Bacterial (1039).jpg,Pneumonia-Bacterial,train
C:\Users\Admin\Desktop\dataset train\Dataset\Pneumonia-Bacterial\Pneumonia-Bacterial (1997).jpg,Pneumonia-Bacterial,train
C:\Users\Admin\Desktop\dataset train\Dataset\Normal\Normal (3060).jpg,Normal,train
C:\Users\Admin\Desktop\dataset train\Dataset\Pneumonia-Bacterial\Pneumonia-Bacterial (627).jpg,Pneumonia-Bacterial,train
C:\Users\Admin\Desktop\dataset train\Dataset\Normal\Normal (2927).jpg,Normal,train
C:\Users\Admin\Desktop\dataset train\Dataset\Pneumonia-Bacterial\Pneumonia-Bacterial (809).jpg,Pneumonia-Bacterial,train
C:\Users\Admin\Desktop\dataset train\Dataset\Normal\Normal (1542).jpg,Normal,train
C:\Users\Admin\Desktop\dataset train\Dataset\Normal\Normal (273).jpg,Normal,train
C:\Users\Admin\Desktop\dataset train\Dataset\Normal\Normal (3269).jpg,Normal,train
C:\Users\Admin\Desktop\dataset train\Dataset\Pneumonia-Bacterial\Pneumonia-Bacterial (2046).jpg,Pneumonia-Bacterial,train
C:\Users\Admin\Desktop\dataset train\Dataset\COVID\COVID-19 (599).jpg,COVID,train
C:\Users\Admin\Desktop\dataset train\Dataset\Pneumonia-Bacterial\Pneumonia-Bacterial (2822).jpg,Pneumonia-Bacterial,train
C:\Users\Admin\Desktop\dataset train\Dataset\Normal\Normal (1833).jpg,Normal,train
C:\Users\Admin\Desktop\dataset train\Dataset\Pneumonia-Bacterial\Pneumonia-Bacterial (2242).jpg,Pneumonia-Bacterial,train
C:\Users\Admin\Desktop\dataset train\Dataset\Normal\Normal (1241).jpg,Normal,train
C:\Users\Admin\Desktop\dataset train\Dataset\Pneumonia-Bacterial\Pneumonia-Bacterial (1896).jpg,Pneumonia-Bacterial,train
C:\Users\Admin\Desktop\dataset train\Dataset\Normal\Normal (1490).jpg,Normal,train
C:\Users\Admin\Desktop\dataset train\Dataset\Normal\Normal (1500).jpg,Normal,train
C:\Users\Admin\Desktop\dataset train\Dataset\Normal\Normal (1526).jpg,Normal,train
C:\Users\Admin\Desktop\dataset train\Dataset\Pneumonia-Viral\Pneumonia-Viral (41).jpg,Pneumonia-Viral,train
C:\Users\Admin\Desktop\dataset train\Dataset\Normal\Normal (2618).jpg,Normal,train
C:\Users\Admin\Desktop\dataset train\Dataset\Normal\Normal (1252).jpg,Normal,train
C:\Users\Admin\Desktop\dataset train\Dataset\Normal\Normal (1788).jpg,Normal,train
C:\Users\Admin\Desktop\dataset train\Dataset\Normal\Normal (2980).jpg,Normal,train
C:\Users\Admin\Desktop\dataset train\Dataset\COVID\COVID-19 (1190).jpg,COVID,train
C:\Users\Admin\Desktop\dataset train\Dataset\Pneumonia-Bacterial\Pneumonia-Bacterial (1706).jpg,Pneumonia-Bacterial,train
C:\Users\Admin\Desktop\dataset train\Dataset\Pneumonia-Bacterial\Pneumonia-Bacterial (576).jpg,Pneumonia-Bacterial,train
C:\Users\Admin\Desktop\dataset train\Dataset\Normal\Normal (1259).jpg,Normal,train
C:\Users\Admin\Desktop\dataset train\Dataset\Pneumonia-Viral\Pneumonia-Viral (1591).jpg,Pneumonia-Viral,train
C:\Users\Admin\Desktop\dataset train\Dataset\Normal\Normal (2237).jpg,Normal,train
C:\Users\Admin\Desktop\dataset train\Dataset\Pneumonia-Viral\Pneumonia-Viral (1545).jpg,Pneumonia-Viral,train
C:\Users\Admin\Desktop\dataset train\Dataset\COVID\COVID-19 (1238).jpg,COVID,train
C:\Users\Admin\Desktop\dataset train\Dataset\Normal\Normal (3201).jpg,Normal,train
C:\Users\Admin\Desktop\dataset train\Dataset\Pneumonia-Bacterial\Pneumonia-Bacterial (2607).jpg,Pneumonia-Bacterial,train
C:\Users\Admin\Desktop\dataset train\Dataset\Normal\Normal (1685).jpg,Normal,train
C:\Users\Admin\Desktop\dataset train\Dataset\Normal\Normal (953).jpg,Normal,train
C:\Users\Admin\Desktop\dataset train\Dataset\Pneumonia-Viral\Pneumonia-Viral (1527).jpg,Pneumonia-Viral,train
C:\Users\Admin\Desktop\dataset train\Dataset\Normal\Normal (1229).jpg,Normal,train
C:\Users\Admin\Desktop\dataset train\Dataset\Normal\Normal (1388).jpg,Normal,train
C:\Users\Admin\Desktop\dataset train\Dataset\Pneumonia-Bacterial\Pneumonia-Bacterial (852).jpg,Pneumonia-Bacterial,train
C:\Users\Admin\Desktop\dataset train\Dataset\Pneumonia-Bacterial\Pneumonia-Bacterial (1595).jpg,Pneumonia-Bacterial,train
C:\Users\Admin\Desktop\dataset train\Dataset\Normal\Normal (807).jpg,Normal,train
C:\Users\Admin\Desktop\dataset train\Dataset\Normal\Normal (1108).jpg,Normal,train
C:\Users\Admin\Desktop\dataset train\Dataset\Normal\Normal (2846).jpg,Normal,train
C:\Users\Admin\Desktop\dataset train\Dataset\COVID\COVID-19 (1168).jpg,COVID,train
C:\Users\Admin\Desktop\dataset train\Dataset\Pneumonia-Bacterial\Pneumonia-Bacterial (1078).jpg,Pneumonia-Bacterial,train
C:\Users\Admin\Desktop\dataset train\Dataset\Normal\Normal (1351).jpg,Normal,train
C:\Users\Admin\Desktop\dataset train\Dataset\COVID\COVID-19 (927).jpg,COVID,train
C:\Users\Admin\Desktop\dataset train\Dataset\Pneumonia-Bacterial\Pneumonia-Bacterial (416).jpg,Pneumonia-Bacterial,train
C:\Users\Admin\Desktop\dataset train\Dataset\COVID\COVID-19 (673).jpg,COVID,train
C:\Users\Admin\Desktop\dataset train\Dataset\Pneumonia-Bacterial\Pneumonia-Bacterial (2843).jpg,Pneumonia-Bacterial,train
C:\Users\Admin\Desktop\dataset train\Dataset\Pneumonia-Bacterial\Pneumonia-Bacterial (67).jpg,Pneumonia-Bacterial,train
C:\Users\Admin\Desktop\dataset train\Dataset\Pneumonia-Bacterial\Pneumonia-Bacterial (323).jpg,Pneumonia-Bacterial,train
C:\Users\Admin\Desktop\dataset train\Dataset\Pneumonia-Bacterial\Pneumonia-Bacterial (174).jpg,Pneumonia-Bacterial,train
C:\Users\Admin\Desktop\dataset train\Dataset\Pneumonia-Viral\Pneumonia-Viral (668).jpg,Pneumonia-Viral,train
C:\Users\Admin\Desktop\dataset train\Dataset\Pneumonia-Bacterial\Pneumonia-Bacterial (2955).jpg,Pneumonia-Bacterial,train
C:\Users\Admin\Desktop\dataset train\Dataset\Pneumonia-Bacterial\Pneumonia-Bacterial (805).jpg,Pneumonia-Bacterial,train
C:\Users\Admin\Desktop\dataset train\Dataset\COVID\COVID-19 (1223).jpg,COVID,train
C:\Users\Admin\Desktop\dataset train\Dataset\Pneumonia-Viral\Pneumonia-Viral (1125).jpg,Pneumonia-Viral,train
C:\Users\Admin\Desktop\dataset train\Dataset\Normal\Normal (2591).jpg,Normal,train
C:\Users\Admin\Desktop\dataset train\Dataset\Pneumonia-Bacterial\Pneumonia-Bacterial (1451).jpg,Pneumonia-Bacterial,train
C:\Users\Admin\Desktop\dataset train\Dataset\Normal\Normal (2579).jpg,Normal,train
C:\Users\Admin\Desktop\dataset train\Dataset\Pneumonia-Viral\Pneumonia-Viral (302).jpg,Pneumonia-Viral,train
C:\Users\Admin\Desktop\dataset train\Dataset\Pneumonia-Bacterial\Pneumonia-Bacterial (394).jpg,Pneumonia-Bacterial,train
C:\Users\Admin\Desktop\dataset train\Dataset\Pneumonia-Bacterial\Pneumonia-Bacterial (1262).jpg,Pneumonia-Bacterial,train
C:\Users\Admin\Desktop\dataset train\Dataset\COVID\COVID-19 (263).jpg,COVID,train
C:\Users\Admin\Desktop\dataset train\Dataset\Pneumonia-Bacterial\Pneumonia-Bacterial (2041).jpg,Pneumonia-Bacterial,train
C:\Users\Admin\Desktop\dataset train\Dataset\Pneumonia-Bacterial\Pneumonia-Bacterial (2861).jpg,Pneumonia-Bacterial,train
C:\Users\Admin\Desktop\dataset train\Dataset\Pneumonia-Viral\Pneumonia-Viral (381).jpg,Pneumonia-Viral,train
C:\Users\Admin\Desktop\dataset train\Dataset\COVID\COVID-19 (233).jpg,COVID,train
C:\Users\Admin\Desktop\dataset train\Dataset\Pneumonia-Bacterial\Pneumonia-Bacterial (1403).jpg,Pneumonia-Bacterial,train
C:\Users\Admin\Desktop\dataset train\Dataset\Pneumonia-Bacterial\Pneumonia-Bacterial (2575).jpg,Pneumonia-Bacterial,train
C:\Users\Admin\Desktop\dataset train\Dataset\COVID\COVID-19 (287).jpg,COVID,train
C:\Users\Admin\Desktop\dataset train\Dataset\COVID\COVID-19 (376).jpg,COVID,train
C:\Users\Admin\Desktop\dataset train\Dataset\Pneumonia-Bacterial\Pneumonia-Bacterial (1594).jpg,Pneumonia-Bacterial,train
C:\Users\Admin\Desktop\dataset train\Dataset\Pneumonia-Bacterial\Pneumonia-Bacterial (338).jpg,Pneumonia-Bacterial,train
C:\Users\Admin\Desktop\dataset train\Dataset\Normal\Normal (784).jpg,Normal,train
C:\Users\Admin\Desktop\dataset train\Dataset\Pneumonia-Bacterial\Pneumonia-Bacterial (1037).jpg,Pneumonia-Bacterial,train
C:\Users\Admin\Desktop\dataset train\Dataset\Pneumonia-Viral\Pneumonia-Viral (976).jpg,Pneumonia-Viral,train
C:\Users\Admin\Desktop\dataset train\Dataset\COVID\COVID-19 (654).jpg,COVID,train
C:\Users\Admin\Desktop\dataset train\Dataset\Pneumonia-Bacterial\Pneumonia-Bacterial (1436).jpg,Pneumonia-Bacterial,train
C:\Users\Admin\Desktop\dataset train\Dataset\Pneumonia-Bacterial\Pneumonia-Bacterial (1720).jpg,Pneumonia-Bacterial,train
C:\Users\Admin\Desktop\dataset train\Dataset\Pneumonia-Bacterial\Pneumonia-Bacterial (794).jpg,Pneumonia-Bacterial,train
C:\Users\Admin\Desktop\dataset train\Dataset\Pneumonia-Viral\Pneumonia-Viral (870).jpg,Pneumonia-Viral,train
C:\Users\Admin\Desktop\dataset train\Dataset\Pneumonia-Bacterial\Pneumonia-Bacterial (1649).jpg,Pneumonia-Bacterial,train
C:\Users\Admin\Desktop\dataset train\Dataset\Pneumonia-Viral\Pneumonia-Viral (951).jpg,Pneumonia-Viral,train
C:\Users\Admin\Desktop\dataset train\Dataset\Normal\Normal (3148).jpg,Normal,train
C:\Users\Admin\Desktop\dataset train\Dataset\Pneumonia-Bacterial\Pneumonia-Bacterial (2721).jpg,Pneumonia-Bacterial,train
C:\Users\Admin\Desktop\dataset train\Dataset\COVID\COVID-19 (1153).jpg,COVID,train
C:\Users\Admin\Desktop\dataset train\Dataset\Pneumonia-Bacterial\Pneumonia-Bacterial (2804).jpg,Pneumonia-Bacterial,train
C:\Users\Admin\Desktop\dataset train\Dataset\Pneumonia-Bacterial\Pneumonia-Bacterial (2915).jpg,Pneumonia-Bacterial,train
C:\Users\Admin\Desktop\dataset train\Dataset\Normal\Normal (2532).jpg,Normal,train
C:\Users\Admin\Desktop\dataset train\Dataset\Pneumonia-Bacterial\Pneumonia-Bacterial (720).jpg,Pneumonia-Bacterial,train
C:\Users\Admin\Desktop\dataset train\Dataset\COVID\COVID-19 (557).jpg,COVID,train
C:\Users\Admin\Desktop\dataset train\Dataset\Normal\Normal (2504).jpg,Normal,train
C:\Users\Admin\Desktop\dataset train\Dataset\Pneumonia-Bacterial\Pneumonia-Bacterial (2080).jpg,Pneumonia-Bacterial,train
C:\Users\Admin\Desktop\dataset train\Dataset\Pneumonia-Bacterial\Pneumonia-Bacterial (205).jpg,Pneumonia-Bacterial,train
C:\Users\Admin\Desktop\dataset train\Dataset\Pneumonia-Bacterial\Pneumonia-Bacterial (2909).jpg,Pneumonia-Bacterial,train
C:\Users\Admin\Desktop\dataset train\Dataset\Pneumonia-Bacterial\Pneumonia-Bacterial (2566).jpg,Pneumonia-Bacterial,train
C:\Users\Admin\Desktop\dataset train\Dataset\Normal\Normal (3206).jpg,Normal,train
C:\Users\Admin\Desktop\dataset train\Dataset\Pneumonia-Viral\Pneumonia-Viral (276).jpg,Pneumonia-Viral,train
C:\Users\Admin\Desktop\dataset train\Dataset\Normal\Normal (2100).jpg,Normal,train
C:\Users\Admin\Desktop\dataset train\Dataset\Normal\Normal (3067).jpg,Normal,train
C:\Users\Admin\Desktop\dataset train\Dataset\Normal\Normal (2848).jpg,Normal,train
C:\Users\Admin\Desktop\dataset train\Dataset\Normal\Normal (2142).jpg,Normal,train
C:\Users\Admin\Desktop\dataset train\Dataset\Pneumonia-Bacterial\Pneumonia-Bacterial (398).jpg,Pneumonia-Bacterial,train
C:\Users\Admin\Desktop\dataset train\Dataset\Normal\Normal (3197).jpg,Normal,train
C:\Users\Admin\Desktop\dataset train\Dataset\Normal\Normal (1372).jpg,Normal,train
C:\Users\Admin\Desktop\dataset train\Dataset\Normal\Normal (444).jpg,Normal,train
C:\Users\Admin\Desktop\dataset train\Dataset\Normal\Normal (1540).jpg,Normal,train
C:\Users\Admin\Desktop\dataset train\Dataset\Pneumonia-Bacterial\Pneumonia-Bacterial (1560).jpg,Pneumonia-Bacterial,train
C:\Users\Admin\Desktop\dataset train\Dataset\Normal\Normal (66).jpg,Normal,train
C:\Users\Admin\Desktop\dataset train\Dataset\Normal\Normal (713).jpg,Normal,train
C:\Users\Admin\Desktop\dataset train\Dataset\Normal\Normal (2373).jpg,Normal,train
C:\Users\Admin\Desktop\dataset train\Dataset\Pneumonia-Viral\Pneumonia-Viral (703).jpg,Pneumonia-Viral,train
C:\Users\Admin\Desktop\dataset train\Dataset\COVID\COVID-19 (413).jpg,COVID,train
C:\Users\Admin\Desktop\dataset train\Dataset\Pneumonia-Bacterial\Pneumonia-Bacterial (2272).jpg,Pneumonia-Bacterial,train
C:\Users\Admin\Desktop\dataset train\Dataset\COVID\COVID-19 (311).jpg,COVID,train
C:\Users\Admin\Desktop\dataset train\Dataset\Normal\Normal (1953).jpg,Normal,train
C:\Users\Admin\Desktop\dataset train\Dataset\COVID\COVID-19 (781).jpg,COVID,train
C:\Users\Admin\Desktop\dataset train\Dataset\Normal\Normal (733).jpg,Normal,train
C:\Users\Admin\Desktop\dataset train\Dataset\Normal\Normal (2425).jpg,Normal,train
C:\Users\Admin\Desktop\dataset train\Dataset\COVID\COVID-19 (162).jpg,COVID,train
C:\Users\Admin\Desktop\dataset train\Dataset\Pneumonia-Viral\Pneumonia-Viral (108).jpg,Pneumonia-Viral,train
C:\Users\Admin\Desktop\dataset train\Dataset\Pneumonia-Bacterial\Pneumonia-Bacterial (1520).jpg,Pneumonia-Bacterial,train
C:\Users\Admin\Desktop\dataset train\Dataset\Pneumonia-Viral\Pneumonia-Viral (916).jpg,Pneumonia-Viral,train
C:\Users\Admin\Desktop\dataset train\Dataset\Pneumonia-Bacterial\Pneumonia-Bacterial (422).jpg,Pneumonia-Bacterial,train
C:\Users\Admin\Desktop\dataset train\Dataset\Normal\Normal (1573).jpg,Normal,train
C:\Users\Admin\Desktop\dataset train\Dataset\Pneumonia-Viral\Pneumonia-Viral (805).jpg,Pneumonia-Viral,train
C:\Users\Admin\Desktop\dataset train\Dataset\Normal\Normal (1881).jpg,Normal,train
C:\Users\Admin\Desktop\dataset train\Dataset\Normal\Normal (162).jpg,Normal,train
C:\Users\Admin\Desktop\dataset train\Dataset\Normal\Normal (49).jpg,Normal,train
C:\Users\Admin\Desktop\dataset train\Dataset\Pneumonia-Viral\Pneumonia-Viral (177).jpg,Pneumonia-Viral,train
C:\Users\Admin\Desktop\dataset train\Dataset\COVID\COVID-19 (796).jpg,COVID,train
C:\Users\Admin\Desktop\dataset train\Dataset\Pneumonia-Viral\Pneumonia-Viral (1149).jpg,Pneumonia-Viral,train
C:\Users\Admin\Desktop\dataset train\Dataset\Normal\Normal (2042).jpg,Normal,train
C:\Users\Admin\Desktop\dataset train\Dataset\COVID\COVID-19 (882).jpg,COVID,train
C:\Users\Admin\Desktop\dataset train\Dataset\Pneumonia-Viral\Pneumonia-Viral (1268).jpg,Pneumonia-Viral,train
C:\Users\Admin\Desktop\dataset train\Dataset\COVID\COVID-19 (1052).jpg,COVID,train
C:\Users\Admin\Desktop\dataset train\Dataset\COVID\COVID-19 (690).jpg,COVID,train
C:\Users\Admin\Desktop\dataset train\Dataset\Pneumonia-Bacterial\Pneumonia-Bacterial (872).jpg,Pneumonia-Bacterial,train
C:\Users\Admin\Desktop\dataset train\Dataset\COVID\COVID-19 (966).jpg,COVID,train
C:\Users\Admin\Desktop\dataset train\Dataset\Pneumonia-Bacterial\Pneumonia-Bacterial (199).jpg,Pneumonia-Bacterial,train
C:\Users\Admin\Desktop\dataset train\Dataset\Normal\Normal (2952).jpg,Normal,train
C:\Users\Admin\Desktop\dataset train\Dataset\Pneumonia-Bacterial\Pneumonia-Bacterial (1881).jpg,Pneumonia-Bacterial,train
C:\Users\Admin\Desktop\dataset train\Dataset\Pneumonia-Viral\Pneumonia-Viral (365).jpg,Pneumonia-Viral,train
C:\Users\Admin\Desktop\dataset train\Dataset\Pneumonia-Bacterial\Pneumonia-Bacterial (2565).jpg,Pneumonia-Bacterial,train
C:\Users\Admin\Desktop\dataset train\Dataset\COVID\COVID-19 (778).jpg,COVID,train
C:\Users\Admin\Desktop\dataset train\Dataset\Normal\Normal (1186).jpg,Normal,train
C:\Users\Admin\Desktop\dataset train\Dataset\Pneumonia-Bacterial\Pneumonia-Bacterial (2026).jpg,Pneumonia-Bacterial,train
C:\Users\Admin\Desktop\dataset train\Dataset\Pneumonia-Viral\Pneumonia-Viral (765).jpg,Pneumonia-Viral,train
C:\Users\Admin\Desktop\dataset train\Dataset\Pneumonia-Viral\Pneumonia-Viral (66).jpg,Pneumonia-Viral,train
C:\Users\Admin\Desktop\dataset train\Dataset\Pneumonia-Bacterial\Pneumonia-Bacterial (34).jpg,Pneumonia-Bacterial,train
C:\Users\Admin\Desktop\dataset train\Dataset\Normal\Normal (2210).jpg,Normal,train
C:\Users\Admin\Desktop\dataset train\Dataset\Normal\Normal (587).jpg,Normal,train
C:\Users\Admin\Desktop\dataset train\Dataset\Normal\Normal (1366).jpg,Normal,train
C:\Users\Admin\Desktop\dataset train\Dataset\Pneumonia-Bacterial\Pneumonia-Bacterial (945).jpg,Pneumonia-Bacterial,train
C:\Users\Admin\Desktop\dataset train\Dataset\Pneumonia-Bacterial\Pneumonia-Bacterial (1917).jpg,Pneumonia-Bacterial,train
C:\Users\Admin\Desktop\dataset train\Dataset\Pneumonia-Bacterial\Pneumonia-Bacterial (774).jpg,Pneumonia-Bacterial,train
C:\Users\Admin\Desktop\dataset train\Dataset\Pneumonia-Bacterial\Pneumonia-Bacterial (1263).jpg,Pneumonia-Bacterial,train
C:\Users\Admin\Desktop\dataset train\Dataset\Normal\Normal (1156).jpg,Normal,train
C:\Users\Admin\Desktop\dataset train\Dataset\Pneumonia-Viral\Pneumonia-Viral (944).jpg,Pneumonia-Viral,train
C:\Users\Admin\Desktop\dataset train\Dataset\Pneumonia-Bacterial\Pneumonia-Bacterial (724).jpg,Pneumonia-Bacterial,train
C:\Users\Admin\Desktop\dataset train\Dataset\Pneumonia-Viral\Pneumonia-Viral (1451).jpg,Pneumonia-Viral,train
C:\Users\Admin\Desktop\dataset train\Dataset\Pneumonia-Bacterial\Pneumonia-Bacterial (1319).jpg,Pneumonia-Bacterial,train
C:\Users\Admin\Desktop\dataset train\Dataset\Pneumonia-Viral\Pneumonia-Viral (487).jpg,Pneumonia-Viral,train
C:\Users\Admin\Desktop\dataset train\Dataset\Pneumonia-Viral\Pneumonia-Viral (751).jpg,Pneumonia-Viral,train
C:\Users\Admin\Desktop\dataset train\Dataset\Pneumonia-Bacterial\Pneumonia-Bacterial (1678).jpg,Pneumonia-Bacterial,train
C:\Users\Admin\Desktop\dataset train\Dataset\Normal\Normal (2590).jpg,Normal,train
C:\Users\Admin\Desktop\dataset train\Dataset\Normal\Normal (1768).jpg,Normal,train
C:\Users\Admin\Desktop\dataset train\Dataset\Normal\Normal (1534).jpg,Normal,train
C:\Users\Admin\Desktop\dataset train\Dataset\Normal\Normal (1642).jpg,Normal,train
C:\Users\Admin\Desktop\dataset train\Dataset\Normal\Normal (1049).jpg,Normal,train
C:\Users\Admin\Desktop\dataset train\Dataset\Normal\Normal (3146).jpg,Normal,train
C:\Users\Admin\Desktop\dataset train\Dataset\Pneumonia-Bacterial\Pneumonia-Bacterial (1274).jpg,Pneumonia-Bacterial,train
C:\Users\Admin\Desktop\dataset train\Dataset\COVID\COVID-19 (18).jpg,COVID,train
C:\Users\Admin\Desktop\dataset train\Dataset\Normal\Normal (1779).jpg,Normal,train
C:\Users\Admin\Desktop\dataset train\Dataset\Pneumonia-Bacterial\Pneumonia-Bacterial (867).jpg,Pneumonia-Bacterial,train
C:\Users\Admin\Desktop\dataset train\Dataset\Pneumonia-Bacterial\Pneumonia-Bacterial (2081).jpg,Pneumonia-Bacterial,train
C:\Users\Admin\Desktop\dataset train\Dataset\COVID\COVID-19 (864).jpg,COVID,train
C:\Users\Admin\Desktop\dataset train\Dataset\Pneumonia-Bacterial\Pneumonia-Bacterial (1031).jpg,Pneumonia-Bacterial,train
C:\Users\Admin\Desktop\dataset train\Dataset\COVID\COVID-19 (860).jpg,COVID,train
C:\Users\Admin\Desktop\dataset train\Dataset\Normal\Normal (1084).jpg,Normal,train
C:\Users\Admin\Desktop\dataset train\Dataset\Normal\Normal (3244).jpg,Normal,train
C:\Users\Admin\Desktop\dataset train\Dataset\Pneumonia-Bacterial\Pneumonia-Bacterial (2657).jpg,Pneumonia-Bacterial,train
C:\Users\Admin\Desktop\dataset train\Dataset\Pneumonia-Bacterial\Pneumonia-Bacterial (2831).jpg,Pneumonia-Bacterial,train
C:\Users\Admin\Desktop\dataset train\Dataset\COVID\COVID-19 (1162).jpg,COVID,train
C:\Users\Admin\Desktop\dataset train\Dataset\Normal\Normal (1013).jpg,Normal,train
C:\Users\Admin\Desktop\dataset train\Dataset\Pneumonia-Viral\Pneumonia-Viral (68).jpg,Pneumonia-Viral,train
C:\Users\Admin\Desktop\dataset train\Dataset\Pneumonia-Bacterial\Pneumonia-Bacterial (546).jpg,Pneumonia-Bacterial,train
C:\Users\Admin\Desktop\dataset train\Dataset\COVID\COVID-19 (108).jpg,COVID,train
C:\Users\Admin\Desktop\dataset train\Dataset\Pneumonia-Viral\Pneumonia-Viral (862).jpg,Pneumonia-Viral,train
C:\Users\Admin\Desktop\dataset train\Dataset\Pneumonia-Bacterial\Pneumonia-Bacterial (1485).jpg,Pneumonia-Bacterial,train
C:\Users\Admin\Desktop\dataset train\Dataset\COVID\COVID-19 (603).jpg,COVID,train
C:\Users\Admin\Desktop\dataset train\Dataset\Normal\Normal (913).jpg,Normal,train
C:\Users\Admin\Desktop\dataset train\Dataset\Pneumonia-Bacterial\Pneumonia-Bacterial (1135).jpg,Pneumonia-Bacterial,train
C:\Users\Admin\Desktop\dataset train\Dataset\Pneumonia-Bacterial\Pneumonia-Bacterial (2360).jpg,Pneumonia-Bacterial,train
C:\Users\Admin\Desktop\dataset train\Dataset\Pneumonia-Viral\Pneumonia-Viral (1585).jpg,Pneumonia-Viral,train
C:\Users\Admin\Desktop\dataset train\Dataset\Pneumonia-Viral\Pneumonia-Viral (1640).jpg,Pneumonia-Viral,train
C:\Users\Admin\Desktop\dataset train\Dataset\Normal\Normal (1841).jpg,Normal,train
C:\Users\Admin\Desktop\dataset train\Dataset\Normal\Normal (2815).jpg,Normal,train
C:\Users\Admin\Desktop\dataset train\Dataset\Pneumonia-Bacterial\Pneumonia-Bacterial (2765).jpg,Pneumonia-Bacterial,train
C:\Users\Admin\Desktop\dataset train\Dataset\Normal\Normal (2386).jpg,Normal,train
C:\Users\Admin\Desktop\dataset train\Dataset\Normal\Normal (169).jpg,Normal,train
C:\Users\Admin\Desktop\dataset train\Dataset\Normal\Normal (2629).jpg,Normal,train
C:\Users\Admin\Desktop\dataset train\Dataset\COVID\COVID-19 (977).jpg,COVID,train
C:\Users\Admin\Desktop\dataset train\Dataset\Pneumonia-Bacterial\Pneumonia-Bacterial (702).jpg,Pneumonia-Bacterial,train
C:\Users\Admin\Desktop\dataset train\Dataset\Pneumonia-Bacterial\Pneumonia-Bacterial (489).jpg,Pneumonia-Bacterial,train
C:\Users\Admin\Desktop\dataset train\Dataset\Pneumonia-Viral\Pneumonia-Viral (1222).jpg,Pneumonia-Viral,train
C:\Users\Admin\Desktop\dataset train\Dataset\Normal\Normal (1596).jpg,Normal,train
C:\Users\Admin\Desktop\dataset train\Dataset\COVID\COVID-19 (88).jpg,COVID,train
C:\Users\Admin\Desktop\dataset train\Dataset\COVID\COVID-19 (307).jpg,COVID,train
C:\Users\Admin\Desktop\dataset train\Dataset\Normal\Normal (3257).jpg,Normal,train
C:\Users\Admin\Desktop\dataset train\Dataset\Pneumonia-Viral\Pneumonia-Viral (745).jpg,Pneumonia-Viral,train
C:\Users\Admin\Desktop\dataset train\Dataset\Pneumonia-Bacterial\Pneumonia-Bacterial (1586).jpg,Pneumonia-Bacterial,train
C:\Users\Admin\Desktop\dataset train\Dataset\Normal\Normal (811).jpg,Normal,train
C:\Users\Admin\Desktop\dataset train\Dataset\Pneumonia-Viral\Pneumonia-Viral (1135).jpg,Pneumonia-Viral,train
C:\Users\Admin\Desktop\dataset train\Dataset\Normal\Normal (473).jpg,Normal,train
C:\Users\Admin\Desktop\dataset train\Dataset\Pneumonia-Bacterial\Pneumonia-Bacterial (1356).jpg,Pneumonia-Bacterial,train
C:\Users\Admin\Desktop\dataset train\Dataset\Normal\Normal (1354).jpg,Normal,train
C:\Users\Admin\Desktop\dataset train\Dataset\Pneumonia-Bacterial\Pneumonia-Bacterial (904).jpg,Pneumonia-Bacterial,train
C:\Users\Admin\Desktop\dataset train\Dataset\Pneumonia-Bacterial\Pneumonia-Bacterial (502).jpg,Pneumonia-Bacterial,train
C:\Users\Admin\Desktop\dataset train\Dataset\Pneumonia-Viral\Pneumonia-Viral (962).jpg,Pneumonia-Viral,train
C:\Users\Admin\Desktop\dataset train\Dataset\Normal\Normal (3057).jpg,Normal,train
C:\Users\Admin\Desktop\dataset train\Dataset\COVID\COVID-19 (1206).jpg,COVID,train
C:\Users\Admin\Desktop\dataset train\Dataset\Pneumonia-Bacterial\Pneumonia-Bacterial (250).jpg,Pneumonia-Bacterial,train
C:\Users\Admin\Desktop\dataset train\Dataset\COVID\COVID-19 (979).jpg,COVID,train
C:\Users\Admin\Desktop\dataset train\Dataset\Pneumonia-Bacterial\Pneumonia-Bacterial (4).jpg,Pneumonia-Bacterial,train
C:\Users\Admin\Desktop\dataset train\Dataset\Pneumonia-Viral\Pneumonia-Viral (677).jpg,Pneumonia-Viral,train
C:\Users\Admin\Desktop\dataset train\Dataset\Pneumonia-Bacterial\Pneumonia-Bacterial (1082).jpg,Pneumonia-Bacterial,train
C:\Users\Admin\Desktop\dataset train\Dataset\Normal\Normal (1803).jpg,Normal,train
C:\Users\Admin\Desktop\dataset train\Dataset\Pneumonia-Bacterial\Pneumonia-Bacterial (2303).jpg,Pneumonia-Bacterial,train
C:\Users\Admin\Desktop\dataset train\Dataset\Normal\Normal (1317).jpg,Normal,train
C:\Users\Admin\Desktop\dataset train\Dataset\Normal\Normal (2814).jpg,Normal,train
C:\Users\Admin\Desktop\dataset train\Dataset\COVID\COVID-19 (348).jpg,COVID,train
C:\Users\Admin\Desktop\dataset train\Dataset\Pneumonia-Viral\Pneumonia-Viral (1598).jpg,Pneumonia-Viral,train
C:\Users\Admin\Desktop\dataset train\Dataset\Pneumonia-Viral\Pneumonia-Viral (20).jpg,Pneumonia-Viral,train
C:\Users\Admin\Desktop\dataset train\Dataset\Pneumonia-Bacterial\Pneumonia-Bacterial (745).jpg,Pneumonia-Bacterial,train
C:\Users\Admin\Desktop\dataset train\Dataset\Normal\Normal (2851).jpg,Normal,train
C:\Users\Admin\Desktop\dataset train\Dataset\COVID\COVID-19 (1059).jpg,COVID,train
C:\Users\Admin\Desktop\dataset train\Dataset\Pneumonia-Viral\Pneumonia-Viral (671).jpg,Pneumonia-Viral,train
C:\Users\Admin\Desktop\dataset train\Dataset\Pneumonia-Bacterial\Pneumonia-Bacterial (1129).jpg,Pneumonia-Bacterial,train
C:\Users\Admin\Desktop\dataset train\Dataset\Pneumonia-Bacterial\Pneumonia-Bacterial (2878).jpg,Pneumonia-Bacterial,train
C:\Users\Admin\Desktop\dataset train\Dataset\Normal\Normal (633).jpg,Normal,train
C:\Users\Admin\Desktop\dataset train\Dataset\COVID\COVID-19 (1049).jpg,COVID,train
C:\Users\Admin\Desktop\dataset train\Dataset\Pneumonia-Viral\Pneumonia-Viral (1004).jpg,Pneumonia-Viral,train
C:\Users\Admin\Desktop\dataset train\Dataset\Pneumonia-Bacterial\Pneumonia-Bacterial (1967).jpg,Pneumonia-Bacterial,train
C:\Users\Admin\Desktop\dataset train\Dataset\Normal\Normal (2922).jpg,Normal,train
C:\Users\Admin\Desktop\dataset train\Dataset\Pneumonia-Viral\Pneumonia-Viral (1038).jpg,Pneumonia-Viral,train
C:\Users\Admin\Desktop\dataset train\Dataset\Pneumonia-Viral\Pneumonia-Viral (937).jpg,Pneumonia-Viral,train
C:\Users\Admin\Desktop\dataset train\Dataset\COVID\COVID-19 (196).jpg,COVID,train
C:\Users\Admin\Desktop\dataset train\Dataset\Pneumonia-Bacterial\Pneumonia-Bacterial (2993).jpg,Pneumonia-Bacterial,train
C:\Users\Admin\Desktop\dataset train\Dataset\Pneumonia-Bacterial\Pneumonia-Bacterial (1807).jpg,Pneumonia-Bacterial,train
C:\Users\Admin\Desktop\dataset train\Dataset\Pneumonia-Bacterial\Pneumonia-Bacterial (1283).jpg,Pneumonia-Bacterial,train
C:\Users\Admin\Desktop\dataset train\Dataset\Pneumonia-Viral\Pneumonia-Viral (196).jpg,Pneumonia-Viral,train
C:\Users\Admin\Desktop\dataset train\Dataset\Normal\Normal (2671).jpg,Normal,train
C:\Users\Admin\Desktop\dataset train\Dataset\Pneumonia-Bacterial\Pneumonia-Bacterial (1019).jpg,Pneumonia-Bacterial,train
C:\Users\Admin\Desktop\dataset train\Dataset\Pneumonia-Bacterial\Pneumonia-Bacterial (2525).jpg,Pneumonia-Bacterial,train
C:\Users\Admin\Desktop\dataset train\Dataset\COVID\COVID-19 (350).jpg,COVID,train
C:\Users\Admin\Desktop\dataset train\Dataset\Pneumonia-Viral\Pneumonia-Viral (182).jpg,Pneumonia-Viral,train
C:\Users\Admin\Desktop\dataset train\Dataset\COVID\COVID-19 (1097).jpg,COVID,train
C:\Users\Admin\Desktop\dataset train\Dataset\Pneumonia-Bacterial\Pneumonia-Bacterial (2984).jpg,Pneumonia-Bacterial,train
C:\Users\Admin\Desktop\dataset train\Dataset\COVID\COVID-19 (444).jpg,COVID,train
C:\Users\Admin\Desktop\dataset train\Dataset\Normal\Normal (2418).jpg,Normal,train
C:\Users\Admin\Desktop\dataset train\Dataset\Pneumonia-Bacterial\Pneumonia-Bacterial (2792).jpg,Pneumonia-Bacterial,train
C:\Users\Admin\Desktop\dataset train\Dataset\Pneumonia-Bacterial\Pneumonia-Bacterial (2534).jpg,Pneumonia-Bacterial,train
C:\Users\Admin\Desktop\dataset train\Dataset\Normal\Normal (484).jpg,Normal,train
C:\Users\Admin\Desktop\dataset train\Dataset\Pneumonia-Bacterial\Pneumonia-Bacterial (972).jpg,Pneumonia-Bacterial,train
C:\Users\Admin\Desktop\dataset train\Dataset\Pneumonia-Bacterial\Pneumonia-Bacterial (2708).jpg,Pneumonia-Bacterial,train
C:\Users\Admin\Desktop\dataset train\Dataset\Pneumonia-Viral\Pneumonia-Viral (989).jpg,Pneumonia-Viral,train
C:\Users\Admin\Desktop\dataset train\Dataset\Pneumonia-Viral\Pneumonia-Viral (35).jpg,Pneumonia-Viral,train
C:\Users\Admin\Desktop\dataset train\Dataset\Pneumonia-Bacterial\Pneumonia-Bacterial (1749).jpg,Pneumonia-Bacterial,train
C:\Users\Admin\Desktop\dataset train\Dataset\Normal\Normal (3087).jpg,Normal,train
C:\Users\Admin\Desktop\dataset train\Dataset\Normal\Normal (2044).jpg,Normal,train
C:\Users\Admin\Desktop\dataset train\Dataset\Normal\Normal (3133).jpg,Normal,train
C:\Users\Admin\Desktop\dataset train\Dataset\Pneumonia-Viral\Pneumonia-Viral (850).jpg,Pneumonia-Viral,train
C:\Users\Admin\Desktop\dataset train\Dataset\Pneumonia-Bacterial\Pneumonia-Bacterial (674).jpg,Pneumonia-Bacterial,train
C:\Users\Admin\Desktop\dataset train\Dataset\Pneumonia-Viral\Pneumonia-Viral (210).jpg,Pneumonia-Viral,train
C:\Users\Admin\Desktop\dataset train\Dataset\Pneumonia-Bacterial\Pneumonia-Bacterial (420).jpg,Pneumonia-Bacterial,train
C:\Users\Admin\Desktop\dataset train\Dataset\Normal\Normal (3063).jpg,Normal,train
C:\Users\Admin\Desktop\dataset train\Dataset\Normal\Normal (602).jpg,Normal,train
C:\Users\Admin\Desktop\dataset train\Dataset\Pneumonia-Viral\Pneumonia-Viral (12).jpg,Pneumonia-Viral,train
C:\Users\Admin\Desktop\dataset train\Dataset\Normal\Normal (1996).jpg,Normal,train
C:\Users\Admin\Desktop\dataset train\Dataset\Pneumonia-Bacterial\Pneumonia-Bacterial (1607).jpg,Pneumonia-Bacterial,train
C:\Users\Admin\Desktop\dataset train\Dataset\Pneumonia-Bacterial\Pneumonia-Bacterial (2333).jpg,Pneumonia-Bacterial,train
C:\Users\Admin\Desktop\dataset train\Dataset\COVID\COVID-19 (403).jpg,COVID,train
C:\Users\Admin\Desktop\dataset train\Dataset\Pneumonia-Viral\Pneumonia-Viral (1157).jpg,Pneumonia-Viral,train
C:\Users\Admin\Desktop\dataset train\Dataset\Pneumonia-Bacterial\Pneumonia-Bacterial (994).jpg,Pneumonia-Bacterial,train
C:\Users\Admin\Desktop\dataset train\Dataset\COVID\COVID-19 (782).jpg,COVID,train
C:\Users\Admin\Desktop\dataset train\Dataset\Pneumonia-Bacterial\Pneumonia-Bacterial (2305).jpg,Pneumonia-Bacterial,train
C:\Users\Admin\Desktop\dataset train\Dataset\Pneumonia-Bacterial\Pneumonia-Bacterial (11).jpg,Pneumonia-Bacterial,train
C:\Users\Admin\Desktop\dataset train\Dataset\Normal\Normal (711).jpg,Normal,train
C:\Users\Admin\Desktop\dataset train\Dataset\COVID\COVID-19 (1181).jpg,COVID,train
C:\Users\Admin\Desktop\dataset train\Dataset\Pneumonia-Bacterial\Pneumonia-Bacterial (1768).jpg,Pneumonia-Bacterial,train
C:\Users\Admin\Desktop\dataset train\Dataset\Pneumonia-Bacterial\Pneumonia-Bacterial (1323).jpg,Pneumonia-Bacterial,train
C:\Users\Admin\Desktop\dataset train\Dataset\Pneumonia-Bacterial\Pneumonia-Bacterial (773).jpg,Pneumonia-Bacterial,train
C:\Users\Admin\Desktop\dataset train\Dataset\COVID\COVID-19 (669).jpg,COVID,train
C:\Users\Admin\Desktop\dataset train\Dataset\Pneumonia-Bacterial\Pneumonia-Bacterial (985).jpg,Pneumonia-Bacterial,train
C:\Users\Admin\Desktop\dataset train\Dataset\Pneumonia-Bacterial\Pneumonia-Bacterial (2460).jpg,Pneumonia-Bacterial,train
C:\Users\Admin\Desktop\dataset train\Dataset\Pneumonia-Viral\Pneumonia-Viral (479).jpg,Pneumonia-Viral,train
C:\Users\Admin\Desktop\dataset train\Dataset\COVID\COVID-19 (976).jpg,COVID,train
C:\Users\Admin\Desktop\dataset train\Dataset\Normal\Normal (1917).jpg,Normal,train
C:\Users\Admin\Desktop\dataset train\Dataset\Normal\Normal (151).jpg,Normal,train
C:\Users\Admin\Desktop\dataset train\Dataset\Pneumonia-Bacterial\Pneumonia-Bacterial (1408).jpg,Pneumonia-Bacterial,train
C:\Users\Admin\Desktop\dataset train\Dataset\Normal\Normal (1536).jpg,Normal,train
C:\Users\Admin\Desktop\dataset train\Dataset\Normal\Normal (3164).jpg,Normal,train
C:\Users\Admin\Desktop\dataset train\Dataset\Pneumonia-Bacterial\Pneumonia-Bacterial (616).jpg,Pneumonia-Bacterial,train
C:\Users\Admin\Desktop\dataset train\Dataset\Normal\Normal (436).jpg,Normal,train
C:\Users\Admin\Desktop\dataset train\Dataset\Normal\Normal (2278).jpg,Normal,train
C:\Users\Admin\Desktop\dataset train\Dataset\Normal\Normal (461).jpg,Normal,train
C:\Users\Admin\Desktop\dataset train\Dataset\COVID\COVID-19 (798).jpg,COVID,train
C:\Users\Admin\Desktop\dataset train\Dataset\Pneumonia-Bacterial\Pneumonia-Bacterial (242).jpg,Pneumonia-Bacterial,train
C:\Users\Admin\Desktop\dataset train\Dataset\COVID\COVID-19 (775).jpg,COVID,train
C:\Users\Admin\Desktop\dataset train\Dataset\COVID\COVID-19 (995).jpg,COVID,train
C:\Users\Admin\Desktop\dataset train\Dataset\Normal\Normal (1776).jpg,Normal,train
C:\Users\Admin\Desktop\dataset train\Dataset\Pneumonia-Bacterial\Pneumonia-Bacterial (441).jpg,Pneumonia-Bacterial,train
C:\Users\Admin\Desktop\dataset train\Dataset\Pneumonia-Bacterial\Pneumonia-Bacterial (2021).jpg,Pneumonia-Bacterial,train
C:\Users\Admin\Desktop\dataset train\Dataset\Pneumonia-Viral\Pneumonia-Viral (1373).jpg,Pneumonia-Viral,train
C:\Users\Admin\Desktop\dataset train\Dataset\Normal\Normal (1689).jpg,Normal,train
C:\Users\Admin\Desktop\dataset train\Dataset\Pneumonia-Bacterial\Pneumonia-Bacterial (1360).jpg,Pneumonia-Bacterial,train
C:\Users\Admin\Desktop\dataset train\Dataset\Normal\Normal (1704).jpg,Normal,train
C:\Users\Admin\Desktop\dataset train\Dataset\Pneumonia-Viral\Pneumonia-Viral (214).jpg,Pneumonia-Viral,train
C:\Users\Admin\Desktop\dataset train\Dataset\Normal\Normal (2109).jpg,Normal,train
C:\Users\Admin\Desktop\dataset train\Dataset\Normal\Normal (2023).jpg,Normal,train
C:\Users\Admin\Desktop\dataset train\Dataset\COVID\COVID-19 (1081).jpg,COVID,train
C:\Users\Admin\Desktop\dataset train\Dataset\Pneumonia-Bacterial\Pneumonia-Bacterial (1784).jpg,Pneumonia-Bacterial,train
C:\Users\Admin\Desktop\dataset train\Dataset\Normal\Normal (2320).jpg,Normal,train
C:\Users\Admin\Desktop\dataset train\Dataset\COVID\COVID-19 (453).jpg,COVID,train
C:\Users\Admin\Desktop\dataset train\Dataset\Normal\Normal (1658).jpg,Normal,train
C:\Users\Admin\Desktop\dataset train\Dataset\Pneumonia-Bacterial\Pneumonia-Bacterial (2842).jpg,Pneumonia-Bacterial,train
C:\Users\Admin\Desktop\dataset train\Dataset\Normal\Normal (1721).jpg,Normal,train
C:\Users\Admin\Desktop\dataset train\Dataset\Pneumonia-Bacterial\Pneumonia-Bacterial (1976).jpg,Pneumonia-Bacterial,train
C:\Users\Admin\Desktop\dataset train\Dataset\Pneumonia-Bacterial\Pneumonia-Bacterial (495).jpg,Pneumonia-Bacterial,train
C:\Users\Admin\Desktop\dataset train\Dataset\Pneumonia-Bacterial\Pneumonia-Bacterial (60).jpg,Pneumonia-Bacterial,train
C:\Users\Admin\Desktop\dataset train\Dataset\Normal\Normal (1342).jpg,Normal,train
C:\Users\Admin\Desktop\dataset train\Dataset\COVID\COVID-19 (994).jpg,COVID,train
C:\Users\Admin\Desktop\dataset train\Dataset\Pneumonia-Bacterial\Pneumonia-Bacterial (2229).jpg,Pneumonia-Bacterial,train
C:\Users\Admin\Desktop\dataset train\Dataset\Normal\Normal (519).jpg,Normal,train
C:\Users\Admin\Desktop\dataset train\Dataset\Pneumonia-Bacterial\Pneumonia-Bacterial (1951).jpg,Pneumonia-Bacterial,train
C:\Users\Admin\Desktop\dataset train\Dataset\COVID\COVID-19 (1157).jpg,COVID,train
C:\Users\Admin\Desktop\dataset train\Dataset\Pneumonia-Bacterial\Pneumonia-Bacterial (1860).jpg,Pneumonia-Bacterial,train
C:\Users\Admin\Desktop\dataset train\Dataset\Pneumonia-Viral\Pneumonia-Viral (931).jpg,Pneumonia-Viral,train
C:\Users\Admin\Desktop\dataset train\Dataset\Normal\Normal (1184).jpg,Normal,train
C:\Users\Admin\Desktop\dataset train\Dataset\Pneumonia-Viral\Pneumonia-Viral (47).jpg,Pneumonia-Viral,train
C:\Users\Admin\Desktop\dataset train\Dataset\Pneumonia-Bacterial\Pneumonia-Bacterial (630).jpg,Pneumonia-Bacterial,train
C:\Users\Admin\Desktop\dataset train\Dataset\Pneumonia-Viral\Pneumonia-Viral (1523).jpg,Pneumonia-Viral,train
C:\Users\Admin\Desktop\dataset train\Dataset\Pneumonia-Viral\Pneumonia-Viral (1398).jpg,Pneumonia-Viral,train
C:\Users\Admin\Desktop\dataset train\Dataset\Normal\Normal (306).jpg,Normal,train
C:\Users\Admin\Desktop\dataset train\Dataset\Pneumonia-Viral\Pneumonia-Viral (420).jpg,Pneumonia-Viral,train
C:\Users\Admin\Desktop\dataset train\Dataset\Normal\Normal (850).jpg,Normal,train
C:\Users\Admin\Desktop\dataset train\Dataset\Pneumonia-Bacterial\Pneumonia-Bacterial (14).jpg,Pneumonia-Bacterial,train
C:\Users\Admin\Desktop\dataset train\Dataset\COVID\COVID-19 (360).jpg,COVID,train
C:\Users\Admin\Desktop\dataset train\Dataset\Pneumonia-Bacterial\Pneumonia-Bacterial (2465).jpg,Pneumonia-Bacterial,train
C:\Users\Admin\Desktop\dataset train\Dataset\Normal\Normal (1004).jpg,Normal,train
C:\Users\Admin\Desktop\dataset train\Dataset\Pneumonia-Bacterial\Pneumonia-Bacterial (917).jpg,Pneumonia-Bacterial,train
C:\Users\Admin\Desktop\dataset train\Dataset\Pneumonia-Viral\Pneumonia-Viral (890).jpg,Pneumonia-Viral,train
C:\Users\Admin\Desktop\dataset train\Dataset\Pneumonia-Bacterial\Pneumonia-Bacterial (614).jpg,Pneumonia-Bacterial,train
C:\Users\Admin\Desktop\dataset train\Dataset\Normal\Normal (1790).jpg,Normal,train
C:\Users\Admin\Desktop\dataset train\Dataset\Pneumonia-Bacterial\Pneumonia-Bacterial (1286).jpg,Pneumonia-Bacterial,train
C:\Users\Admin\Desktop\dataset train\Dataset\Pneumonia-Bacterial\Pneumonia-Bacterial (1154).jpg,Pneumonia-Bacterial,train
C:\Users\Admin\Desktop\dataset train\Dataset\Pneumonia-Bacterial\Pneumonia-Bacterial (132).jpg,Pneumonia-Bacterial,train
C:\Users\Admin\Desktop\dataset train\Dataset\Normal\Normal (3028).jpg,Normal,train
C:\Users\Admin\Desktop\dataset train\Dataset\Normal\Normal (1584).jpg,Normal,train
C:\Users\Admin\Desktop\dataset train\Dataset\Pneumonia-Bacterial\Pneumonia-Bacterial (885).jpg,Pneumonia-Bacterial,train
C:\Users\Admin\Desktop\dataset train\Dataset\COVID\COVID-19 (725).jpg,COVID,train
C:\Users\Admin\Desktop\dataset train\Dataset\Normal\Normal (1694).jpg,Normal,train
C:\Users\Admin\Desktop\dataset train\Dataset\Pneumonia-Viral\Pneumonia-Viral (1244).jpg,Pneumonia-Viral,train
C:\Users\Admin\Desktop\dataset train\Dataset\Pneumonia-Bacterial\Pneumonia-Bacterial (2444).jpg,Pneumonia-Bacterial,train
C:\Users\Admin\Desktop\dataset train\Dataset\Pneumonia-Bacterial\Pneumonia-Bacterial (1559).jpg,Pneumonia-Bacterial,train
C:\Users\Admin\Desktop\dataset train\Dataset\Pneumonia-Viral\Pneumonia-Viral (1034).jpg,Pneumonia-Viral,train
C:\Users\Admin\Desktop\dataset train\Dataset\Normal\Normal (2658).jpg,Normal,train
C:\Users\Admin\Desktop\dataset train\Dataset\Pneumonia-Viral\Pneumonia-Viral (1351).jpg,Pneumonia-Viral,train
C:\Users\Admin\Desktop\dataset train\Dataset\COVID\COVID-19 (295).jpg,COVID,train
C:\Users\Admin\Desktop\dataset train\Dataset\Normal\Normal (700).jpg,Normal,train
C:\Users\Admin\Desktop\dataset train\Dataset\Normal\Normal (1739).jpg,Normal,train
C:\Users\Admin\Desktop\dataset train\Dataset\Normal\Normal (1635).jpg,Normal,train
C:\Users\Admin\Desktop\dataset train\Dataset\Normal\Normal (3163).jpg,Normal,train
C:\Users\Admin\Desktop\dataset train\Dataset\Normal\Normal (508).jpg,Normal,train
C:\Users\Admin\Desktop\dataset train\Dataset\Pneumonia-Bacterial\Pneumonia-Bacterial (2419).jpg,Pneumonia-Bacterial,train
C:\Users\Admin\Desktop\dataset train\Dataset\Normal\Normal (52).jpg,Normal,train
C:\Users\Admin\Desktop\dataset train\Dataset\Normal\Normal (3105).jpg,Normal,train
C:\Users\Admin\Desktop\dataset train\Dataset\Normal\Normal (1919).jpg,Normal,train
C:\Users\Admin\Desktop\dataset train\Dataset\Pneumonia-Bacterial\Pneumonia-Bacterial (1429).jpg,Pneumonia-Bacterial,train
C:\Users\Admin\Desktop\dataset train\Dataset\Pneumonia-Bacterial\Pneumonia-Bacterial (875).jpg,Pneumonia-Bacterial,train
C:\Users\Admin\Desktop\dataset train\Dataset\Normal\Normal (1037).jpg,Normal,train
C:\Users\Admin\Desktop\dataset train\Dataset\Normal\Normal (3092).jpg,Normal,train
C:\Users\Admin\Desktop\dataset train\Dataset\Pneumonia-Bacterial\Pneumonia-Bacterial (2424).jpg,Pneumonia-Bacterial,train
C:\Users\Admin\Desktop\dataset train\Dataset\Pneumonia-Viral\Pneumonia-Viral (162).jpg,Pneumonia-Viral,train
C:\Users\Admin\Desktop\dataset train\Dataset\Normal\Normal (2189).jpg,Normal,train
C:\Users\Admin\Desktop\dataset train\Dataset\Normal\Normal (688).jpg,Normal,train
C:\Users\Admin\Desktop\dataset train\Dataset\Normal\Normal (2860).jpg,Normal,train
C:\Users\Admin\Desktop\dataset train\Dataset\Normal\Normal (795).jpg,Normal,train
C:\Users\Admin\Desktop\dataset train\Dataset\Normal\Normal (332).jpg,Normal,train
C:\Users\Admin\Desktop\dataset train\Dataset\Pneumonia-Viral\Pneumonia-Viral (548).jpg,Pneumonia-Viral,train
C:\Users\Admin\Desktop\dataset train\Dataset\Normal\Normal (537).jpg,Normal,train
C:\Users\Admin\Desktop\dataset train\Dataset\Pneumonia-Bacterial\Pneumonia-Bacterial (2750).jpg,Pneumonia-Bacterial,train
C:\Users\Admin\Desktop\dataset train\Dataset\Normal\Normal (1268).jpg,Normal,train
C:\Users\Admin\Desktop\dataset train\Dataset\Normal\Normal (331).jpg,Normal,train
C:\Users\Admin\Desktop\dataset train\Dataset\Pneumonia-Bacterial\Pneumonia-Bacterial (2018).jpg,Pneumonia-Bacterial,train
C:\Users\Admin\Desktop\dataset train\Dataset\Pneumonia-Bacterial\Pneumonia-Bacterial (1934).jpg,Pneumonia-Bacterial,train
C:\Users\Admin\Desktop\dataset train\Dataset\COVID\COVID-19 (695).jpg,COVID,train
C:\Users\Admin\Desktop\dataset train\Dataset\COVID\COVID-19 (549).jpg,COVID,train
C:\Users\Admin\Desktop\dataset train\Dataset\Normal\Normal (2895).jpg,Normal,train
C:\Users\Admin\Desktop\dataset train\Dataset\Pneumonia-Bacterial\Pneumonia-Bacterial (1502).jpg,Pneumonia-Bacterial,train
C:\Users\Admin\Desktop\dataset train\Dataset\Pneumonia-Viral\Pneumonia-Viral (783).jpg,Pneumonia-Viral,train
C:\Users\Admin\Desktop\dataset train\Dataset\COVID\COVID-19 (37).jpg,COVID,train
C:\Users\Admin\Desktop\dataset train\Dataset\Pneumonia-Viral\Pneumonia-Viral (652).jpg,Pneumonia-Viral,train
C:\Users\Admin\Desktop\dataset train\Dataset\COVID\COVID-19 (1261).jpg,COVID,train
C:\Users\Admin\Desktop\dataset train\Dataset\Pneumonia-Bacterial\Pneumonia-Bacterial (2261).jpg,Pneumonia-Bacterial,train
C:\Users\Admin\Desktop\dataset train\Dataset\COVID\COVID-19 (434).jpg,COVID,train
C:\Users\Admin\Desktop\dataset train\Dataset\Normal\Normal (1316).jpg,Normal,train
C:\Users\Admin\Desktop\dataset train\Dataset\Normal\Normal (3204).jpg,Normal,train
C:\Users\Admin\Desktop\dataset train\Dataset\Pneumonia-Viral\Pneumonia-Viral (523).jpg,Pneumonia-Viral,train
C:\Users\Admin\Desktop\dataset train\Dataset\Pneumonia-Viral\Pneumonia-Viral (978).jpg,Pneumonia-Viral,train
C:\Users\Admin\Desktop\dataset train\Dataset\Pneumonia-Bacterial\Pneumonia-Bacterial (1626).jpg,Pneumonia-Bacterial,train
C:\Users\Admin\Desktop\dataset train\Dataset\Pneumonia-Bacterial\Pneumonia-Bacterial (415).jpg,Pneumonia-Bacterial,train
C:\Users\Admin\Desktop\dataset train\Dataset\Normal\Normal (540).jpg,Normal,train
C:\Users\Admin\Desktop\dataset train\Dataset\Normal\Normal (1341).jpg,Normal,train
C:\Users\Admin\Desktop\dataset train\Dataset\Normal\Normal (190).jpg,Normal,train
C:\Users\Admin\Desktop\dataset train\Dataset\Pneumonia-Viral\Pneumonia-Viral (854).jpg,Pneumonia-Viral,train
C:\Users\Admin\Desktop\dataset train\Dataset\Normal\Normal (2567).jpg,Normal,train
C:\Users\Admin\Desktop\dataset train\Dataset\Pneumonia-Bacterial\Pneumonia-Bacterial (2676).jpg,Pneumonia-Bacterial,train
C:\Users\Admin\Desktop\dataset train\Dataset\Pneumonia-Viral\Pneumonia-Viral (1300).jpg,Pneumonia-Viral,train
C:\Users\Admin\Desktop\dataset train\Dataset\Normal\Normal (275).jpg,Normal,train
C:\Users\Admin\Desktop\dataset train\Dataset\Normal\Normal (3237).jpg,Normal,train
C:\Users\Admin\Desktop\dataset train\Dataset\Normal\Normal (3075).jpg,Normal,train
C:\Users\Admin\Desktop\dataset train\Dataset\Normal\Normal (649).jpg,Normal,train
C:\Users\Admin\Desktop\dataset train\Dataset\Pneumonia-Viral\Pneumonia-Viral (1501).jpg,Pneumonia-Viral,train
C:\Users\Admin\Desktop\dataset train\Dataset\Pneumonia-Bacterial\Pneumonia-Bacterial (2215).jpg,Pneumonia-Bacterial,train
C:\Users\Admin\Desktop\dataset train\Dataset\Pneumonia-Bacterial\Pneumonia-Bacterial (878).jpg,Pneumonia-Bacterial,train
C:\Users\Admin\Desktop\dataset train\Dataset\COVID\COVID-19 (224).jpg,COVID,train
C:\Users\Admin\Desktop\dataset train\Dataset\Normal\Normal (950).jpg,Normal,train
C:\Users\Admin\Desktop\dataset train\Dataset\Pneumonia-Viral\Pneumonia-Viral (863).jpg,Pneumonia-Viral,train
C:\Users\Admin\Desktop\dataset train\Dataset\Normal\Normal (2261).jpg,Normal,train
C:\Users\Admin\Desktop\dataset train\Dataset\COVID\COVID-19 (914).jpg,COVID,train
C:\Users\Admin\Desktop\dataset train\Dataset\Normal\Normal (460).jpg,Normal,train
C:\Users\Admin\Desktop\dataset train\Dataset\COVID\COVID-19 (734).jpg,COVID,train
C:\Users\Admin\Desktop\dataset train\Dataset\Pneumonia-Bacterial\Pneumonia-Bacterial (2605).jpg,Pneumonia-Bacterial,train
C:\Users\Admin\Desktop\dataset train\Dataset\Pneumonia-Viral\Pneumonia-Viral (610).jpg,Pneumonia-Viral,train
C:\Users\Admin\Desktop\dataset train\Dataset\Normal\Normal (837).jpg,Normal,train
C:\Users\Admin\Desktop\dataset train\Dataset\Pneumonia-Bacterial\Pneumonia-Bacterial (259).jpg,Pneumonia-Bacterial,train
C:\Users\Admin\Desktop\dataset train\Dataset\Pneumonia-Bacterial\Pneumonia-Bacterial (173).jpg,Pneumonia-Bacterial,train
C:\Users\Admin\Desktop\dataset train\Dataset\Pneumonia-Viral\Pneumonia-Viral (809).jpg,Pneumonia-Viral,train
C:\Users\Admin\Desktop\dataset train\Dataset\Pneumonia-Viral\Pneumonia-Viral (1064).jpg,Pneumonia-Viral,train
C:\Users\Admin\Desktop\dataset train\Dataset\Pneumonia-Bacterial\Pneumonia-Bacterial (2207).jpg,Pneumonia-Bacterial,train
C:\Users\Admin\Desktop\dataset train\Dataset\Pneumonia-Bacterial\Pneumonia-Bacterial (50).jpg,Pneumonia-Bacterial,train
C:\Users\Admin\Desktop\dataset train\Dataset\Pneumonia-Bacterial\Pneumonia-Bacterial (990).jpg,Pneumonia-Bacterial,train
C:\Users\Admin\Desktop\dataset train\Dataset\Pneumonia-Viral\Pneumonia-Viral (844).jpg,Pneumonia-Viral,train
C:\Users\Admin\Desktop\dataset train\Dataset\COVID\COVID-19 (1221).jpg,COVID,train
C:\Users\Admin\Desktop\dataset train\Dataset\Pneumonia-Viral\Pneumonia-Viral (211).jpg,Pneumonia-Viral,train
C:\Users\Admin\Desktop\dataset train\Dataset\Normal\Normal (144).jpg,Normal,train
C:\Users\Admin\Desktop\dataset train\Dataset\Normal\Normal (867).jpg,Normal,train
C:\Users\Admin\Desktop\dataset train\Dataset\Pneumonia-Bacterial\Pneumonia-Bacterial (704).jpg,Pneumonia-Bacterial,train
C:\Users\Admin\Desktop\dataset train\Dataset\Pneumonia-Bacterial\Pneumonia-Bacterial (1695).jpg,Pneumonia-Bacterial,train
C:\Users\Admin\Desktop\dataset train\Dataset\COVID\COVID-19 (1239).jpg,COVID,train
C:\Users\Admin\Desktop\dataset train\Dataset\Pneumonia-Bacterial\Pneumonia-Bacterial (1817).jpg,Pneumonia-Bacterial,train
C:\Users\Admin\Desktop\dataset train\Dataset\Normal\Normal (2864).jpg,Normal,train
C:\Users\Admin\Desktop\dataset train\Dataset\Pneumonia-Bacterial\Pneumonia-Bacterial (2579).jpg,Pneumonia-Bacterial,train
C:\Users\Admin\Desktop\dataset train\Dataset\COVID\COVID-19 (738).jpg,COVID,train
C:\Users\Admin\Desktop\dataset train\Dataset\Normal\Normal (1589).jpg,Normal,train
C:\Users\Admin\Desktop\dataset train\Dataset\COVID\COVID-19 (555).jpg,COVID,train
C:\Users\Admin\Desktop\dataset train\Dataset\Pneumonia-Bacterial\Pneumonia-Bacterial (2137).jpg,Pneumonia-Bacterial,train
C:\Users\Admin\Desktop\dataset train\Dataset\Pneumonia-Bacterial\Pneumonia-Bacterial (1271).jpg,Pneumonia-Bacterial,train
C:\Users\Admin\Desktop\dataset train\Dataset\Normal\Normal (1352).jpg,Normal,train
C:\Users\Admin\Desktop\dataset train\Dataset\Normal\Normal (377).jpg,Normal,train
C:\Users\Admin\Desktop\dataset train\Dataset\Pneumonia-Bacterial\Pneumonia-Bacterial (1237).jpg,Pneumonia-Bacterial,train
C:\Users\Admin\Desktop\dataset train\Dataset\Pneumonia-Viral\Pneumonia-Viral (604).jpg,Pneumonia-Viral,train
C:\Users\Admin\Desktop\dataset train\Dataset\Pneumonia-Bacterial\Pneumonia-Bacterial (509).jpg,Pneumonia-Bacterial,train
C:\Users\Admin\Desktop\dataset train\Dataset\Pneumonia-Viral\Pneumonia-Viral (767).jpg,Pneumonia-Viral,train
C:\Users\Admin\Desktop\dataset train\Dataset\Pneumonia-Bacterial\Pneumonia-Bacterial (321).jpg,Pneumonia-Bacterial,train
C:\Users\Admin\Desktop\dataset train\Dataset\Pneumonia-Bacterial\Pneumonia-Bacterial (2218).jpg,Pneumonia-Bacterial,train
C:\Users\Admin\Desktop\dataset train\Dataset\Normal\Normal (1708).jpg,Normal,train
C:\Users\Admin\Desktop\dataset train\Dataset\Pneumonia-Viral\Pneumonia-Viral (297).jpg,Pneumonia-Viral,train
C:\Users\Admin\Desktop\dataset train\Dataset\Pneumonia-Bacterial\Pneumonia-Bacterial (2724).jpg,Pneumonia-Bacterial,train
C:\Users\Admin\Desktop\dataset train\Dataset\Normal\Normal (1591).jpg,Normal,train
C:\Users\Admin\Desktop\dataset train\Dataset\Normal\Normal (937).jpg,Normal,train
C:\Users\Admin\Desktop\dataset train\Dataset\Normal\Normal (846).jpg,Normal,train
C:\Users\Admin\Desktop\dataset train\Dataset\Pneumonia-Viral\Pneumonia-Viral (1593).jpg,Pneumonia-Viral,train
C:\Users\Admin\Desktop\dataset train\Dataset\Pneumonia-Bacterial\Pneumonia-Bacterial (2349).jpg,Pneumonia-Bacterial,train
C:\Users\Admin\Desktop\dataset train\Dataset\Pneumonia-Viral\Pneumonia-Viral (1616).jpg,Pneumonia-Viral,train
C:\Users\Admin\Desktop\dataset train\Dataset\Pneumonia-Bacterial\Pneumonia-Bacterial (533).jpg,Pneumonia-Bacterial,train
C:\Users\Admin\Desktop\dataset train\Dataset\Pneumonia-Viral\Pneumonia-Viral (39).jpg,Pneumonia-Viral,train
C:\Users\Admin\Desktop\dataset train\Dataset\Pneumonia-Viral\Pneumonia-Viral (1103).jpg,Pneumonia-Viral,train
C:\Users\Admin\Desktop\dataset train\Dataset\Normal\Normal (395).jpg,Normal,train
C:\Users\Admin\Desktop\dataset train\Dataset\Normal\Normal (1818).jpg,Normal,train
C:\Users\Admin\Desktop\dataset train\Dataset\COVID\COVID-19 (409).jpg,COVID,train
C:\Users\Admin\Desktop\dataset train\Dataset\Pneumonia-Viral\Pneumonia-Viral (829).jpg,Pneumonia-Viral,train
C:\Users\Admin\Desktop\dataset train\Dataset\COVID\COVID-19 (900).jpg,COVID,train
C:\Users\Admin\Desktop\dataset train\Dataset\Pneumonia-Viral\Pneumonia-Viral (542).jpg,Pneumonia-Viral,train
C:\Users\Admin\Desktop\dataset train\Dataset\Normal\Normal (1915).jpg,Normal,train
C:\Users\Admin\Desktop\dataset train\Dataset\Pneumonia-Bacterial\Pneumonia-Bacterial (1898).jpg,Pneumonia-Bacterial,train
C:\Users\Admin\Desktop\dataset train\Dataset\Pneumonia-Viral\Pneumonia-Viral (590).jpg,Pneumonia-Viral,train
C:\Users\Admin\Desktop\dataset train\Dataset\Pneumonia-Bacterial\Pneumonia-Bacterial (365).jpg,Pneumonia-Bacterial,train
C:\Users\Admin\Desktop\dataset train\Dataset\COVID\COVID-19 (891).jpg,COVID,train
C:\Users\Admin\Desktop\dataset train\Dataset\Pneumonia-Viral\Pneumonia-Viral (1572).jpg,Pneumonia-Viral,train
C:\Users\Admin\Desktop\dataset train\Dataset\Normal\Normal (1287).jpg,Normal,train
C:\Users\Admin\Desktop\dataset train\Dataset\Normal\Normal (548).jpg,Normal,train
C:\Users\Admin\Desktop\dataset train\Dataset\Pneumonia-Viral\Pneumonia-Viral (594).jpg,Pneumonia-Viral,train
C:\Users\Admin\Desktop\dataset train\Dataset\COVID\COVID-19 (385).jpg,COVID,train
C:\Users\Admin\Desktop\dataset train\Dataset\Normal\Normal (324).jpg,Normal,train
C:\Users\Admin\Desktop\dataset train\Dataset\Pneumonia-Bacterial\Pneumonia-Bacterial (328).jpg,Pneumonia-Bacterial,train
C:\Users\Admin\Desktop\dataset train\Dataset\Pneumonia-Viral\Pneumonia-Viral (1556).jpg,Pneumonia-Viral,train
C:\Users\Admin\Desktop\dataset train\Dataset\Normal\Normal (964).jpg,Normal,train
C:\Users\Admin\Desktop\dataset train\Dataset\Normal\Normal (257).jpg,Normal,train
C:\Users\Admin\Desktop\dataset train\Dataset\Pneumonia-Bacterial\Pneumonia-Bacterial (443).jpg,Pneumonia-Bacterial,train
C:\Users\Admin\Desktop\dataset train\Dataset\Pneumonia-Bacterial\Pneumonia-Bacterial (2117).jpg,Pneumonia-Bacterial,train
C:\Users\Admin\Desktop\dataset train\Dataset\Normal\Normal (382).jpg,Normal,train
C:\Users\Admin\Desktop\dataset train\Dataset\Normal\Normal (3037).jpg,Normal,train
C:\Users\Admin\Desktop\dataset train\Dataset\COVID\COVID-19 (637).jpg,COVID,train
C:\Users\Admin\Desktop\dataset train\Dataset\Pneumonia-Viral\Pneumonia-Viral (1237).jpg,Pneumonia-Viral,train
C:\Users\Admin\Desktop\dataset train\Dataset\Normal\Normal (3173).jpg,Normal,train
C:\Users\Admin\Desktop\dataset train\Dataset\Normal\Normal (1814).jpg,Normal,train
C:\Users\Admin\Desktop\dataset train\Dataset\Normal\Normal (334).jpg,Normal,train
C:\Users\Admin\Desktop\dataset train\Dataset\Normal\Normal (1743).jpg,Normal,train
C:\Users\Admin\Desktop\dataset train\Dataset\Normal\Normal (56).jpg,Normal,train
C:\Users\Admin\Desktop\dataset train\Dataset\Pneumonia-Viral\Pneumonia-Viral (1078).jpg,Pneumonia-Viral,train
C:\Users\Admin\Desktop\dataset train\Dataset\Normal\Normal (12).jpg,Normal,train
C:\Users\Admin\Desktop\dataset train\Dataset\COVID\COVID-19 (665).jpg,COVID,train
C:\Users\Admin\Desktop\dataset train\Dataset\Normal\Normal (1891).jpg,Normal,train
C:\Users\Admin\Desktop\dataset train\Dataset\Pneumonia-Bacterial\Pneumonia-Bacterial (2032).jpg,Pneumonia-Bacterial,train
C:\Users\Admin\Desktop\dataset train\Dataset\Pneumonia-Bacterial\Pneumonia-Bacterial (2226).jpg,Pneumonia-Bacterial,train
C:\Users\Admin\Desktop\dataset train\Dataset\Pneumonia-Bacterial\Pneumonia-Bacterial (339).jpg,Pneumonia-Bacterial,train
C:\Users\Admin\Desktop\dataset train\Dataset\COVID\COVID-19 (83).jpg,COVID,train
C:\Users\Admin\Desktop\dataset train\Dataset\Normal\Normal (553).jpg,Normal,train
C:\Users\Admin\Desktop\dataset train\Dataset\Pneumonia-Viral\Pneumonia-Viral (537).jpg,Pneumonia-Viral,train
C:\Users\Admin\Desktop\dataset train\Dataset\Pneumonia-Bacterial\Pneumonia-Bacterial (1865).jpg,Pneumonia-Bacterial,train
C:\Users\Admin\Desktop\dataset train\Dataset\Normal\Normal (1633)(1).jpg,Normal,train
C:\Users\Admin\Desktop\dataset train\Dataset\COVID\COVID-19 (784).jpg,COVID,train
C:\Users\Admin\Desktop\dataset train\Dataset\COVID\COVID-19 (779).jpg,COVID,train
C:\Users\Admin\Desktop\dataset train\Dataset\Normal\Normal (1328).jpg,Normal,train
C:\Users\Admin\Desktop\dataset train\Dataset\Normal\Normal (1194).jpg,Normal,train
C:\Users\Admin\Desktop\dataset train\Dataset\Pneumonia-Bacterial\Pneumonia-Bacterial (951).jpg,Pneumonia-Bacterial,train
C:\Users\Admin\Desktop\dataset train\Dataset\Normal\Normal (903).jpg,Normal,train
C:\Users\Admin\Desktop\dataset train\Dataset\Normal\Normal (1345).jpg,Normal,train
C:\Users\Admin\Desktop\dataset train\Dataset\COVID\COVID-19 (672).jpg,COVID,train
C:\Users\Admin\Desktop\dataset train\Dataset\COVID\COVID-19 (938).jpg,COVID,train
C:\Users\Admin\Desktop\dataset train\Dataset\Normal\Normal (316).jpg,Normal,train
C:\Users\Admin\Desktop\dataset train\Dataset\COVID\COVID-19 (375).jpg,COVID,train
C:\Users\Admin\Desktop\dataset train\Dataset\Normal\Normal (963).jpg,Normal,train
C:\Users\Admin\Desktop\dataset train\Dataset\Pneumonia-Bacterial\Pneumonia-Bacterial (1188).jpg,Pneumonia-Bacterial,train
C:\Users\Admin\Desktop\dataset train\Dataset\Normal\Normal (1590).jpg,Normal,train
C:\Users\Admin\Desktop\dataset train\Dataset\Normal\Normal (124).jpg,Normal,train
C:\Users\Admin\Desktop\dataset train\Dataset\Pneumonia-Viral\Pneumonia-Viral (1205).jpg,Pneumonia-Viral,train
C:\Users\Admin\Desktop\dataset train\Dataset\Normal\Normal (601).jpg,Normal,train
C:\Users\Admin\Desktop\dataset train\Dataset\COVID\COVID-19 (477).jpg,COVID,train
C:\Users\Admin\Desktop\dataset train\Dataset\Normal\Normal (90).jpg,Normal,train
C:\Users\Admin\Desktop\dataset train\Dataset\Pneumonia-Viral\Pneumonia-Viral (286).jpg,Pneumonia-Viral,train
C:\Users\Admin\Desktop\dataset train\Dataset\COVID\COVID-19 (215).jpg,COVID,train
C:\Users\Admin\Desktop\dataset train\Dataset\COVID\COVID-19 (1244).jpg,COVID,train
C:\Users\Admin\Desktop\dataset train\Dataset\Pneumonia-Bacterial\Pneumonia-Bacterial (1623).jpg,Pneumonia-Bacterial,train
C:\Users\Admin\Desktop\dataset train\Dataset\Normal\Normal (1585).jpg,Normal,train
C:\Users\Admin\Desktop\dataset train\Dataset\Pneumonia-Bacterial\Pneumonia-Bacterial (2148).jpg,Pneumonia-Bacterial,train
C:\Users\Admin\Desktop\dataset train\Dataset\Pneumonia-Bacterial\Pneumonia-Bacterial (790).jpg,Pneumonia-Bacterial,train
C:\Users\Admin\Desktop\dataset train\Dataset\Normal\Normal (1138).jpg,Normal,train
C:\Users\Admin\Desktop\dataset train\Dataset\Pneumonia-Bacterial\Pneumonia-Bacterial (2078).jpg,Pneumonia-Bacterial,train
C:\Users\Admin\Desktop\dataset train\Dataset\Normal\Normal (626).jpg,Normal,train
C:\Users\Admin\Desktop\dataset train\Dataset\Normal\Normal (2285).jpg,Normal,train
C:\Users\Admin\Desktop\dataset train\Dataset\Normal\Normal (200).jpg,Normal,train
C:\Users\Admin\Desktop\dataset train\Dataset\Normal\Normal (3033).jpg,Normal,train
C:\Users\Admin\Desktop\dataset train\Dataset\Pneumonia-Bacterial\Pneumonia-Bacterial (1315).jpg,Pneumonia-Bacterial,train
C:\Users\Admin\Desktop\dataset train\Dataset\COVID\COVID-19 (332).jpg,COVID,train
C:\Users\Admin\Desktop\dataset train\Dataset\Pneumonia-Viral\Pneumonia-Viral (234).jpg,Pneumonia-Viral,train
C:\Users\Admin\Desktop\dataset train\Dataset\Pneumonia-Bacterial\Pneumonia-Bacterial (8).jpg,Pneumonia-Bacterial,train
C:\Users\Admin\Desktop\dataset train\Dataset\Normal\Normal (2472).jpg,Normal,train
C:\Users\Admin\Desktop\dataset train\Dataset\Normal\Normal (2026).jpg,Normal,train
C:\Users\Admin\Desktop\dataset train\Dataset\Pneumonia-Bacterial\Pneumonia-Bacterial (2150).jpg,Pneumonia-Bacterial,train
C:\Users\Admin\Desktop\dataset train\Dataset\COVID\COVID-19 (324).jpg,COVID,train
C:\Users\Admin\Desktop\dataset train\Dataset\COVID\COVID-19 (618).jpg,COVID,train
C:\Users\Admin\Desktop\dataset train\Dataset\Normal\Normal (3205).jpg,Normal,train
C:\Users\Admin\Desktop\dataset train\Dataset\Pneumonia-Viral\Pneumonia-Viral (819).jpg,Pneumonia-Viral,train
C:\Users\Admin\Desktop\dataset train\Dataset\Pneumonia-Bacterial\Pneumonia-Bacterial (1322).jpg,Pneumonia-Bacterial,train
C:\Users\Admin\Desktop\dataset train\Dataset\Pneumonia-Bacterial\Pneumonia-Bacterial (115).jpg,Pneumonia-Bacterial,train
C:\Users\Admin\Desktop\dataset train\Dataset\COVID\COVID-19 (880).jpg,COVID,train
C:\Users\Admin\Desktop\dataset train\Dataset\Pneumonia-Bacterial\Pneumonia-Bacterial (1318).jpg,Pneumonia-Bacterial,train
C:\Users\Admin\Desktop\dataset train\Dataset\Pneumonia-Bacterial\Pneumonia-Bacterial (1073).jpg,Pneumonia-Bacterial,train
C:\Users\Admin\Desktop\dataset train\Dataset\Normal\Normal (874).jpg,Normal,train
C:\Users\Admin\Desktop\dataset train\Dataset\COVID\COVID-19 (1268).jpg,COVID,train
C:\Users\Admin\Desktop\dataset train\Dataset\Pneumonia-Bacterial\Pneumonia-Bacterial (1575).jpg,Pneumonia-Bacterial,train
C:\Users\Admin\Desktop\dataset train\Dataset\Normal\Normal (2679).jpg,Normal,train
C:\Users\Admin\Desktop\dataset train\Dataset\Pneumonia-Bacterial\Pneumonia-Bacterial (978).jpg,Pneumonia-Bacterial,train
C:\Users\Admin\Desktop\dataset train\Dataset\Normal\Normal (1726).jpg,Normal,train
C:\Users\Admin\Desktop\dataset train\Dataset\Normal\Normal (2811).jpg,Normal,train
C:\Users\Admin\Desktop\dataset train\Dataset\Pneumonia-Viral\Pneumonia-Viral (726).jpg,Pneumonia-Viral,train
C:\Users\Admin\Desktop\dataset train\Dataset\COVID\COVID-19 (264).jpg,COVID,train
C:\Users\Admin\Desktop\dataset train\Dataset\Pneumonia-Bacterial\Pneumonia-Bacterial (1245).jpg,Pneumonia-Bacterial,train
C:\Users\Admin\Desktop\dataset train\Dataset\Normal\Normal (773).jpg,Normal,train
C:\Users\Admin\Desktop\dataset train\Dataset\Normal\Normal (375).jpg,Normal,train
C:\Users\Admin\Desktop\dataset train\Dataset\Pneumonia-Bacterial\Pneumonia-Bacterial (24).jpg,Pneumonia-Bacterial,train
C:\Users\Admin\Desktop\dataset train\Dataset\Normal\Normal (2989).jpg,Normal,train
C:\Users\Admin\Desktop\dataset train\Dataset\Pneumonia-Bacterial\Pneumonia-Bacterial (955).jpg,Pneumonia-Bacterial,train
C:\Users\Admin\Desktop\dataset train\Dataset\Pneumonia-Viral\Pneumonia-Viral (1409).jpg,Pneumonia-Viral,train
C:\Users\Admin\Desktop\dataset train\Dataset\Pneumonia-Bacterial\Pneumonia-Bacterial (2052).jpg,Pneumonia-Bacterial,train
C:\Users\Admin\Desktop\dataset train\Dataset\Normal\Normal (319).jpg,Normal,train
C:\Users\Admin\Desktop\dataset train\Dataset\Pneumonia-Bacterial\Pneumonia-Bacterial (2418).jpg,Pneumonia-Bacterial,train
C:\Users\Admin\Desktop\dataset train\Dataset\Pneumonia-Bacterial\Pneumonia-Bacterial (92).jpg,Pneumonia-Bacterial,train
C:\Users\Admin\Desktop\dataset train\Dataset\Normal\Normal (2280).jpg,Normal,train
C:\Users\Admin\Desktop\dataset train\Dataset\Pneumonia-Bacterial\Pneumonia-Bacterial (2823).jpg,Pneumonia-Bacterial,train
C:\Users\Admin\Desktop\dataset train\Dataset\Normal\Normal (877).jpg,Normal,train
C:\Users\Admin\Desktop\dataset train\Dataset\Normal\Normal (2683).jpg,Normal,train
C:\Users\Admin\Desktop\dataset train\Dataset\Pneumonia-Bacterial\Pneumonia-Bacterial (2296).jpg,Pneumonia-Bacterial,train
C:\Users\Admin\Desktop\dataset train\Dataset\Pneumonia-Bacterial\Pneumonia-Bacterial (1501).jpg,Pneumonia-Bacterial,train
C:\Users\Admin\Desktop\dataset train\Dataset\Pneumonia-Bacterial\Pneumonia-Bacterial (2585).jpg,Pneumonia-Bacterial,train
C:\Users\Admin\Desktop\dataset train\Dataset\Pneumonia-Bacterial\Pneumonia-Bacterial (685).jpg,Pneumonia-Bacterial,train
C:\Users\Admin\Desktop\dataset train\Dataset\Normal\Normal (2690).jpg,Normal,train
C:\Users\Admin\Desktop\dataset train\Dataset\COVID\COVID-19 (1218).jpg,COVID,train
C:\Users\Admin\Desktop\dataset train\Dataset\Pneumonia-Viral\Pneumonia-Viral (918).jpg,Pneumonia-Viral,train
C:\Users\Admin\Desktop\dataset train\Dataset\Pneumonia-Bacterial\Pneumonia-Bacterial (2910).jpg,Pneumonia-Bacterial,train
C:\Users\Admin\Desktop\dataset train\Dataset\Normal\Normal (2764).jpg,Normal,train
C:\Users\Admin\Desktop\dataset train\Dataset\COVID\COVID-19 (861).jpg,COVID,train
C:\Users\Admin\Desktop\dataset train\Dataset\Normal\Normal (2451).jpg,Normal,train
C:\Users\Admin\Desktop\dataset train\Dataset\Pneumonia-Bacterial\Pneumonia-Bacterial (2308).jpg,Pneumonia-Bacterial,train
C:\Users\Admin\Desktop\dataset train\Dataset\Normal\Normal (465).jpg,Normal,train
C:\Users\Admin\Desktop\dataset train\Dataset\Normal\Normal (2682).jpg,Normal,train
C:\Users\Admin\Desktop\dataset train\Dataset\Pneumonia-Viral\Pneumonia-Viral (1362).jpg,Pneumonia-Viral,train
C:\Users\Admin\Desktop\dataset train\Dataset\COVID\COVID-19 (988).jpg,COVID,train
C:\Users\Admin\Desktop\dataset train\Dataset\Normal\Normal (2129).jpg,Normal,train
C:\Users\Admin\Desktop\dataset train\Dataset\Pneumonia-Bacterial\Pneumonia-Bacterial (1000).jpg,Pneumonia-Bacterial,train
C:\Users\Admin\Desktop\dataset train\Dataset\Normal\Normal (2292).jpg,Normal,train
C:\Users\Admin\Desktop\dataset train\Dataset\Pneumonia-Bacterial\Pneumonia-Bacterial (738).jpg,Pneumonia-Bacterial,train
C:\Users\Admin\Desktop\dataset train\Dataset\Normal\Normal (1122).jpg,Normal,train
C:\Users\Admin\Desktop\dataset train\Dataset\Pneumonia-Bacterial\Pneumonia-Bacterial (78).jpg,Pneumonia-Bacterial,train
C:\Users\Admin\Desktop\dataset train\Dataset\Pneumonia-Viral\Pneumonia-Viral (1196).jpg,Pneumonia-Viral,train
C:\Users\Admin\Desktop\dataset train\Dataset\Pneumonia-Bacterial\Pneumonia-Bacterial (2328).jpg,Pneumonia-Bacterial,train
C:\Users\Admin\Desktop\dataset train\Dataset\Normal\Normal (1137).jpg,Normal,train
C:\Users\Admin\Desktop\dataset train\Dataset\COVID\COVID-19 (777).jpg,COVID,train
C:\Users\Admin\Desktop\dataset train\Dataset\Normal\Normal (2893).jpg,Normal,train
C:\Users\Admin\Desktop\dataset train\Dataset\Pneumonia-Viral\Pneumonia-Viral (1090).jpg,Pneumonia-Viral,train
C:\Users\Admin\Desktop\dataset train\Dataset\Pneumonia-Bacterial\Pneumonia-Bacterial (1507).jpg,Pneumonia-Bacterial,train
C:\Users\Admin\Desktop\dataset train\Dataset\Pneumonia-Viral\Pneumonia-Viral (1487).jpg,Pneumonia-Viral,train
C:\Users\Admin\Desktop\dataset train\Dataset\Pneumonia-Bacterial\Pneumonia-Bacterial (2001).jpg,Pneumonia-Bacterial,train
C:\Users\Admin\Desktop\dataset train\Dataset\COVID\COVID-19 (910).jpg,COVID,train
C:\Users\Admin\Desktop\dataset train\Dataset\Pneumonia-Bacterial\Pneumonia-Bacterial (2753).jpg,Pneumonia-Bacterial,train
C:\Users\Admin\Desktop\dataset train\Dataset\COVID\COVID-19 (630).jpg,COVID,train
C:\Users\Admin\Desktop\dataset train\Dataset\Pneumonia-Bacterial\Pneumonia-Bacterial (2811).jpg,Pneumonia-Bacterial,train
C:\Users\Admin\Desktop\dataset train\Dataset\Normal\Normal (1179).jpg,Normal,train
C:\Users\Admin\Desktop\dataset train\Dataset\Pneumonia-Bacterial\Pneumonia-Bacterial (2815).jpg,Pneumonia-Bacterial,train
C:\Users\Admin\Desktop\dataset train\Dataset\COVID\COVID-19 (2).jpg,COVID,train
C:\Users\Admin\Desktop\dataset train\Dataset\Normal\Normal (2298).jpg,Normal,train
C:\Users\Admin\Desktop\dataset train\Dataset\Normal\Normal (3155).jpg,Normal,train
C:\Users\Admin\Desktop\dataset train\Dataset\Normal\Normal (279).jpg,Normal,train
C:\Users\Admin\Desktop\dataset train\Dataset\Pneumonia-Viral\Pneumonia-Viral (457).jpg,Pneumonia-Viral,train
C:\Users\Admin\Desktop\dataset train\Dataset\Pneumonia-Viral\Pneumonia-Viral (880).jpg,Pneumonia-Viral,train
C:\Users\Admin\Desktop\dataset train\Dataset\Pneumonia-Bacterial\Pneumonia-Bacterial (1426).jpg,Pneumonia-Bacterial,train
C:\Users\Admin\Desktop\dataset train\Dataset\Pneumonia-Bacterial\Pneumonia-Bacterial (2808).jpg,Pneumonia-Bacterial,train
C:\Users\Admin\Desktop\dataset train\Dataset\Normal\Normal (386).jpg,Normal,train
C:\Users\Admin\Desktop\dataset train\Dataset\Pneumonia-Bacterial\Pneumonia-Bacterial (1203).jpg,Pneumonia-Bacterial,train
C:\Users\Admin\Desktop\dataset train\Dataset\Normal\Normal (726).jpg,Normal,train
C:\Users\Admin\Desktop\dataset train\Dataset\Pneumonia-Viral\Pneumonia-Viral (253).jpg,Pneumonia-Viral,train
C:\Users\Admin\Desktop\dataset train\Dataset\Normal\Normal (1393).jpg,Normal,train
C:\Users\Admin\Desktop\dataset train\Dataset\Normal\Normal (1064).jpg,Normal,train
C:\Users\Admin\Desktop\dataset train\Dataset\Normal\Normal (981).jpg,Normal,train
C:\Users\Admin\Desktop\dataset train\Dataset\Normal\Normal (2013).jpg,Normal,train
C:\Users\Admin\Desktop\dataset train\Dataset\Pneumonia-Bacterial\Pneumonia-Bacterial (1303).jpg,Pneumonia-Bacterial,train
C:\Users\Admin\Desktop\dataset train\Dataset\Pneumonia-Viral\Pneumonia-Viral (399).jpg,Pneumonia-Viral,train
C:\Users\Admin\Desktop\dataset train\Dataset\Pneumonia-Bacterial\Pneumonia-Bacterial (1174).jpg,Pneumonia-Bacterial,train
C:\Users\Admin\Desktop\dataset train\Dataset\Pneumonia-Viral\Pneumonia-Viral (70).jpg,Pneumonia-Viral,train
C:\Users\Admin\Desktop\dataset train\Dataset\Pneumonia-Bacterial\Pneumonia-Bacterial (283).jpg,Pneumonia-Bacterial,train
C:\Users\Admin\Desktop\dataset train\Dataset\Normal\Normal (1745).jpg,Normal,train
C:\Users\Admin\Desktop\dataset train\Dataset\Normal\Normal (2001).jpg,Normal,train
C:\Users\Admin\Desktop\dataset train\Dataset\Pneumonia-Bacterial\Pneumonia-Bacterial (2063).jpg,Pneumonia-Bacterial,train
C:\Users\Admin\Desktop\dataset train\Dataset\Pneumonia-Viral\Pneumonia-Viral (60).jpg,Pneumonia-Viral,train
C:\Users\Admin\Desktop\dataset train\Dataset\Pneumonia-Bacterial\Pneumonia-Bacterial (418).jpg,Pneumonia-Bacterial,train
C:\Users\Admin\Desktop\dataset train\Dataset\Normal\Normal (11).jpg,Normal,train
C:\Users\Admin\Desktop\dataset train\Dataset\Normal\Normal (1449).jpg,Normal,train
C:\Users\Admin\Desktop\dataset train\Dataset\Pneumonia-Viral\Pneumonia-Viral (1082).jpg,Pneumonia-Viral,train
C:\Users\Admin\Desktop\dataset train\Dataset\Pneumonia-Viral\Pneumonia-Viral (300).jpg,Pneumonia-Viral,train
C:\Users\Admin\Desktop\dataset train\Dataset\Pneumonia-Viral\Pneumonia-Viral (1176).jpg,Pneumonia-Viral,train
C:\Users\Admin\Desktop\dataset train\Dataset\Pneumonia-Bacterial\Pneumonia-Bacterial (426).jpg,Pneumonia-Bacterial,train
C:\Users\Admin\Desktop\dataset train\Dataset\Pneumonia-Bacterial\Pneumonia-Bacterial (1291).jpg,Pneumonia-Bacterial,train
C:\Users\Admin\Desktop\dataset train\Dataset\Pneumonia-Viral\Pneumonia-Viral (122).jpg,Pneumonia-Viral,train
C:\Users\Admin\Desktop\dataset train\Dataset\Normal\Normal (3266).jpg,Normal,train
C:\Users\Admin\Desktop\dataset train\Dataset\Pneumonia-Bacterial\Pneumonia-Bacterial (1233).jpg,Pneumonia-Bacterial,train
C:\Users\Admin\Desktop\dataset train\Dataset\Pneumonia-Viral\Pneumonia-Viral (1316).jpg,Pneumonia-Viral,train
C:\Users\Admin\Desktop\dataset train\Dataset\Normal\Normal (2427).jpg,Normal,train
C:\Users\Admin\Desktop\dataset train\Dataset\Pneumonia-Bacterial\Pneumonia-Bacterial (723).jpg,Pneumonia-Bacterial,train
C:\Users\Admin\Desktop\dataset train\Dataset\Normal\Normal (568).jpg,Normal,train
C:\Users\Admin\Desktop\dataset train\Dataset\Pneumonia-Bacterial\Pneumonia-Bacterial (778).jpg,Pneumonia-Bacterial,train
C:\Users\Admin\Desktop\dataset train\Dataset\COVID\COVID-19 (527).jpg,COVID,train
C:\Users\Admin\Desktop\dataset train\Dataset\Pneumonia-Viral\Pneumonia-Viral (377).jpg,Pneumonia-Viral,train
C:\Users\Admin\Desktop\dataset train\Dataset\Pneumonia-Viral\Pneumonia-Viral (1348).jpg,Pneumonia-Viral,train
C:\Users\Admin\Desktop\dataset train\Dataset\Normal\Normal (445).jpg,Normal,train
C:\Users\Admin\Desktop\dataset train\Dataset\Pneumonia-Bacterial\Pneumonia-Bacterial (2571).jpg,Pneumonia-Bacterial,train
C:\Users\Admin\Desktop\dataset train\Dataset\Pneumonia-Viral\Pneumonia-Viral (189).jpg,Pneumonia-Viral,train
C:\Users\Admin\Desktop\dataset train\Dataset\Pneumonia-Bacterial\Pneumonia-Bacterial (1050).jpg,Pneumonia-Bacterial,train
C:\Users\Admin\Desktop\dataset train\Dataset\Pneumonia-Bacterial\Pneumonia-Bacterial (2944).jpg,Pneumonia-Bacterial,train
C:\Users\Admin\Desktop\dataset train\Dataset\Normal\Normal (523).jpg,Normal,train
C:\Users\Admin\Desktop\dataset train\Dataset\Pneumonia-Bacterial\Pneumonia-Bacterial (1015).jpg,Pneumonia-Bacterial,train
C:\Users\Admin\Desktop\dataset train\Dataset\Pneumonia-Bacterial\Pneumonia-Bacterial (914).jpg,Pneumonia-Bacterial,train
C:\Users\Admin\Desktop\dataset train\Dataset\Normal\Normal (954).jpg,Normal,train
C:\Users\Admin\Desktop\dataset train\Dataset\Pneumonia-Bacterial\Pneumonia-Bacterial (2739).jpg,Pneumonia-Bacterial,train
C:\Users\Admin\Desktop\dataset train\Dataset\COVID\COVID-19 (182).jpg,COVID,train
C:\Users\Admin\Desktop\dataset train\Dataset\Pneumonia-Bacterial\Pneumonia-Bacterial (2009).jpg,Pneumonia-Bacterial,train
C:\Users\Admin\Desktop\dataset train\Dataset\Pneumonia-Bacterial\Pneumonia-Bacterial (599).jpg,Pneumonia-Bacterial,train
C:\Users\Admin\Desktop\dataset train\Dataset\Normal\Normal (146).jpg,Normal,train
C:\Users\Admin\Desktop\dataset train\Dataset\Normal\Normal (1577).jpg,Normal,train
C:\Users\Admin\Desktop\dataset train\Dataset\Pneumonia-Bacterial\Pneumonia-Bacterial (2234).jpg,Pneumonia-Bacterial,train
C:\Users\Admin\Desktop\dataset train\Dataset\Normal\Normal (1586).jpg,Normal,train
C:\Users\Admin\Desktop\dataset train\Dataset\Normal\Normal (1719).jpg,Normal,train
C:\Users\Admin\Desktop\dataset train\Dataset\COVID\COVID-19 (447).jpg,COVID,train
C:\Users\Admin\Desktop\dataset train\Dataset\COVID\COVID-19 (1023).jpg,COVID,train
C:\Users\Admin\Desktop\dataset train\Dataset\Normal\Normal (826).jpg,Normal,train
C:\Users\Admin\Desktop\dataset train\Dataset\Normal\Normal (349).jpg,Normal,train
C:\Users\Admin\Desktop\dataset train\Dataset\Normal\Normal (2773).jpg,Normal,train
C:\Users\Admin\Desktop\dataset train\Dataset\Pneumonia-Bacterial\Pneumonia-Bacterial (1992).jpg,Pneumonia-Bacterial,train
C:\Users\Admin\Desktop\dataset train\Dataset\Pneumonia-Bacterial\Pneumonia-Bacterial (639).jpg,Pneumonia-Bacterial,train
C:\Users\Admin\Desktop\dataset train\Dataset\COVID\COVID-19 (766).jpg,COVID,train
C:\Users\Admin\Desktop\dataset train\Dataset\COVID\COVID-19 (218).jpg,COVID,train
C:\Users\Admin\Desktop\dataset train\Dataset\Pneumonia-Bacterial\Pneumonia-Bacterial (2642).jpg,Pneumonia-Bacterial,train
C:\Users\Admin\Desktop\dataset train\Dataset\Normal\Normal (2899).jpg,Normal,train
C:\Users\Admin\Desktop\dataset train\Dataset\Pneumonia-Bacterial\Pneumonia-Bacterial (1653).jpg,Pneumonia-Bacterial,train
C:\Users\Admin\Desktop\dataset train\Dataset\Normal\Normal (2117).jpg,Normal,train
C:\Users\Admin\Desktop\dataset train\Dataset\Pneumonia-Bacterial\Pneumonia-Bacterial (657).jpg,Pneumonia-Bacterial,train
C:\Users\Admin\Desktop\dataset train\Dataset\Normal\Normal (1927).jpg,Normal,train
C:\Users\Admin\Desktop\dataset train\Dataset\Pneumonia-Bacterial\Pneumonia-Bacterial (2751).jpg,Pneumonia-Bacterial,train
C:\Users\Admin\Desktop\dataset train\Dataset\Normal\Normal (3072).jpg,Normal,train
C:\Users\Admin\Desktop\dataset train\Dataset\Normal\Normal (365).jpg,Normal,train
C:\Users\Admin\Desktop\dataset train\Dataset\Pneumonia-Viral\Pneumonia-Viral (975).jpg,Pneumonia-Viral,train
C:\Users\Admin\Desktop\dataset train\Dataset\COVID\COVID-19 (92).jpg,COVID,train
C:\Users\Admin\Desktop\dataset train\Dataset\Normal\Normal (1069).jpg,Normal,train
C:\Users\Admin\Desktop\dataset train\Dataset\COVID\COVID-19 (1149).jpg,COVID,train
C:\Users\Admin\Desktop\dataset train\Dataset\Normal\Normal (119).jpg,Normal,train
C:\Users\Admin\Desktop\dataset train\Dataset\Normal\Normal (2541).jpg,Normal,train
C:\Users\Admin\Desktop\dataset train\Dataset\Pneumonia-Viral\Pneumonia-Viral (1163).jpg,Pneumonia-Viral,train
C:\Users\Admin\Desktop\dataset train\Dataset\COVID\COVID-19 (689).jpg,COVID,train
C:\Users\Admin\Desktop\dataset train\Dataset\COVID\COVID-19 (75).jpg,COVID,train
C:\Users\Admin\Desktop\dataset train\Dataset\Pneumonia-Bacterial\Pneumonia-Bacterial (1812).jpg,Pneumonia-Bacterial,train
C:\Users\Admin\Desktop\dataset train\Dataset\Pneumonia-Bacterial\Pneumonia-Bacterial (900).jpg,Pneumonia-Bacterial,train
C:\Users\Admin\Desktop\dataset train\Dataset\Pneumonia-Viral\Pneumonia-Viral (514).jpg,Pneumonia-Viral,train
C:\Users\Admin\Desktop\dataset train\Dataset\Pneumonia-Bacterial\Pneumonia-Bacterial (2795).jpg,Pneumonia-Bacterial,train
C:\Users\Admin\Desktop\dataset train\Dataset\Normal\Normal (1816).jpg,Normal,train
C:\Users\Admin\Desktop\dataset train\Dataset\Normal\Normal (909).jpg,Normal,train
C:\Users\Admin\Desktop\dataset train\Dataset\Pneumonia-Viral\Pneumonia-Viral (106).jpg,Pneumonia-Viral,train
C:\Users\Admin\Desktop\dataset train\Dataset\Pneumonia-Bacterial\Pneumonia-Bacterial (2118).jpg,Pneumonia-Bacterial,train
C:\Users\Admin\Desktop\dataset train\Dataset\Normal\Normal (3246).jpg,Normal,train
C:\Users\Admin\Desktop\dataset train\Dataset\Pneumonia-Bacterial\Pneumonia-Bacterial (2877).jpg,Pneumonia-Bacterial,train
C:\Users\Admin\Desktop\dataset train\Dataset\Normal\Normal (2431).jpg,Normal,train
C:\Users\Admin\Desktop\dataset train\Dataset\COVID\COVID-19 (854).jpg,COVID,train
C:\Users\Admin\Desktop\dataset train\Dataset\Pneumonia-Bacterial\Pneumonia-Bacterial (1217).jpg,Pneumonia-Bacterial,train
C:\Users\Admin\Desktop\dataset train\Dataset\Pneumonia-Bacterial\Pneumonia-Bacterial (1779).jpg,Pneumonia-Bacterial,train
C:\Users\Admin\Desktop\dataset train\Dataset\Normal\Normal (3109).jpg,Normal,train
C:\Users\Admin\Desktop\dataset train\Dataset\Pneumonia-Bacterial\Pneumonia-Bacterial (2120).jpg,Pneumonia-Bacterial,train
C:\Users\Admin\Desktop\dataset train\Dataset\Normal\Normal (1539).jpg,Normal,train
C:\Users\Admin\Desktop\dataset train\Dataset\COVID\COVID-19 (564).jpg,COVID,train
C:\Users\Admin\Desktop\dataset train\Dataset\Normal\Normal (1414).jpg,Normal,train
C:\Users\Admin\Desktop\dataset train\Dataset\Normal\Normal (477).jpg,Normal,train
C:\Users\Admin\Desktop\dataset train\Dataset\Pneumonia-Viral\Pneumonia-Viral (678).jpg,Pneumonia-Viral,train
C:\Users\Admin\Desktop\dataset train\Dataset\Normal\Normal (2047).jpg,Normal,train
C:\Users\Admin\Desktop\dataset train\Dataset\COVID\COVID-19 (48).jpg,COVID,train
C:\Users\Admin\Desktop\dataset train\Dataset\Normal\Normal (2669).jpg,Normal,train
C:\Users\Admin\Desktop\dataset train\Dataset\Normal\Normal (2079).jpg,Normal,train
C:\Users\Admin\Desktop\dataset train\Dataset\Normal\Normal (2084).jpg,Normal,train
C:\Users\Admin\Desktop\dataset train\Dataset\Normal\Normal (878).jpg,Normal,train
C:\Users\Admin\Desktop\dataset train\Dataset\Pneumonia-Bacterial\Pneumonia-Bacterial (912).jpg,Pneumonia-Bacterial,train
C:\Users\Admin\Desktop\dataset train\Dataset\Normal\Normal (1656).jpg,Normal,train
C:\Users\Admin\Desktop\dataset train\Dataset\Normal\Normal (2840).jpg,Normal,train
C:\Users\Admin\Desktop\dataset train\Dataset\COVID\COVID-19 (44).jpg,COVID,train
C:\Users\Admin\Desktop\dataset train\Dataset\Pneumonia-Viral\Pneumonia-Viral (1171).jpg,Pneumonia-Viral,train
C:\Users\Admin\Desktop\dataset train\Dataset\Normal\Normal (2005).jpg,Normal,train
C:\Users\Admin\Desktop\dataset train\Dataset\COVID\COVID-19 (231).jpg,COVID,train
C:\Users\Admin\Desktop\dataset train\Dataset\COVID\COVID-19 (609).jpg,COVID,train
C:\Users\Admin\Desktop\dataset train\Dataset\Pneumonia-Bacterial\Pneumonia-Bacterial (2064).jpg,Pneumonia-Bacterial,train
C:\Users\Admin\Desktop\dataset train\Dataset\Pneumonia-Bacterial\Pneumonia-Bacterial (1063).jpg,Pneumonia-Bacterial,train
C:\Users\Admin\Desktop\dataset train\Dataset\Pneumonia-Bacterial\Pneumonia-Bacterial (1996).jpg,Pneumonia-Bacterial,train
C:\Users\Admin\Desktop\dataset train\Dataset\Normal\Normal (2087).jpg,Normal,train
C:\Users\Admin\Desktop\dataset train\Dataset\Normal\Normal (697).jpg,Normal,train
C:\Users\Admin\Desktop\dataset train\Dataset\COVID\COVID-19 (38).jpg,COVID,train
C:\Users\Admin\Desktop\dataset train\Dataset\Pneumonia-Bacterial\Pneumonia-Bacterial (2189).jpg,Pneumonia-Bacterial,train
C:\Users\Admin\Desktop\dataset train\Dataset\Normal\Normal (2836).jpg,Normal,train
C:\Users\Admin\Desktop\dataset train\Dataset\Pneumonia-Viral\Pneumonia-Viral (111).jpg,Pneumonia-Viral,train
C:\Users\Admin\Desktop\dataset train\Dataset\Pneumonia-Bacterial\Pneumonia-Bacterial (1766).jpg,Pneumonia-Bacterial,train
C:\Users\Admin\Desktop\dataset train\Dataset\Pneumonia-Bacterial\Pneumonia-Bacterial (223).jpg,Pneumonia-Bacterial,train
C:\Users\Admin\Desktop\dataset train\Dataset\Normal\Normal (1560).jpg,Normal,train
C:\Users\Admin\Desktop\dataset train\Dataset\Pneumonia-Viral\Pneumonia-Viral (361).jpg,Pneumonia-Viral,train
C:\Users\Admin\Desktop\dataset train\Dataset\Pneumonia-Viral\Pneumonia-Viral (1073).jpg,Pneumonia-Viral,train
C:\Users\Admin\Desktop\dataset train\Dataset\Normal\Normal (30).jpg,Normal,train
C:\Users\Admin\Desktop\dataset train\Dataset\Normal\Normal (2606).jpg,Normal,train
C:\Users\Admin\Desktop\dataset train\Dataset\Pneumonia-Bacterial\Pneumonia-Bacterial (1567).jpg,Pneumonia-Bacterial,train
C:\Users\Admin\Desktop\dataset train\Dataset\COVID\COVID-19 (209).jpg,COVID,train
C:\Users\Admin\Desktop\dataset train\Dataset\Pneumonia-Viral\Pneumonia-Viral (661).jpg,Pneumonia-Viral,train
C:\Users\Admin\Desktop\dataset train\Dataset\Pneumonia-Bacterial\Pneumonia-Bacterial (2012).jpg,Pneumonia-Bacterial,train
C:\Users\Admin\Desktop\dataset train\Dataset\Pneumonia-Bacterial\Pneumonia-Bacterial (424).jpg,Pneumonia-Bacterial,train
C:\Users\Admin\Desktop\dataset train\Dataset\Pneumonia-Viral\Pneumonia-Viral (654).jpg,Pneumonia-Viral,train
C:\Users\Admin\Desktop\dataset train\Dataset\Pneumonia-Bacterial\Pneumonia-Bacterial (491).jpg,Pneumonia-Bacterial,train
C:\Users\Admin\Desktop\dataset train\Dataset\Pneumonia-Viral\Pneumonia-Viral (1395).jpg,Pneumonia-Viral,train
C:\Users\Admin\Desktop\dataset train\Dataset\Pneumonia-Bacterial\Pneumonia-Bacterial (804).jpg,Pneumonia-Bacterial,train
C:\Users\Admin\Desktop\dataset train\Dataset\COVID\COVID-19 (27).jpg,COVID,train
C:\Users\Admin\Desktop\dataset train\Dataset\Pneumonia-Bacterial\Pneumonia-Bacterial (678).jpg,Pneumonia-Bacterial,train
C:\Users\Admin\Desktop\dataset train\Dataset\Pneumonia-Viral\Pneumonia-Viral (369).jpg,Pneumonia-Viral,train
C:\Users\Admin\Desktop\dataset train\Dataset\Pneumonia-Bacterial\Pneumonia-Bacterial (1894).jpg,Pneumonia-Bacterial,train
C:\Users\Admin\Desktop\dataset train\Dataset\Pneumonia-Bacterial\Pneumonia-Bacterial (1069).jpg,Pneumonia-Bacterial,train
C:\Users\Admin\Desktop\dataset train\Dataset\Pneumonia-Bacterial\Pneumonia-Bacterial (585).jpg,Pneumonia-Bacterial,train
C:\Users\Admin\Desktop\dataset train\Dataset\Normal\Normal (2331).jpg,Normal,train
C:\Users\Admin\Desktop\dataset train\Dataset\Normal\Normal (2365).jpg,Normal,train
C:\Users\Admin\Desktop\dataset train\Dataset\Pneumonia-Viral\Pneumonia-Viral (1364).jpg,Pneumonia-Viral,train
C:\Users\Admin\Desktop\dataset train\Dataset\Pneumonia-Viral\Pneumonia-Viral (932).jpg,Pneumonia-Viral,train
C:\Users\Admin\Desktop\dataset train\Dataset\Pneumonia-Viral\Pneumonia-Viral (985).jpg,Pneumonia-Viral,train
C:\Users\Admin\Desktop\dataset train\Dataset\COVID\COVID-19 (865).jpg,COVID,train
C:\Users\Admin\Desktop\dataset train\Dataset\Normal\Normal (2741).jpg,Normal,train
C:\Users\Admin\Desktop\dataset train\Dataset\Pneumonia-Bacterial\Pneumonia-Bacterial (2010).jpg,Pneumonia-Bacterial,train
C:\Users\Admin\Desktop\dataset train\Dataset\Normal\Normal (2233).jpg,Normal,train
C:\Users\Admin\Desktop\dataset train\Dataset\Pneumonia-Viral\Pneumonia-Viral (906).jpg,Pneumonia-Viral,train
C:\Users\Admin\Desktop\dataset train\Dataset\Pneumonia-Bacterial\Pneumonia-Bacterial (1684).jpg,Pneumonia-Bacterial,train
C:\Users\Admin\Desktop\dataset train\Dataset\Pneumonia-Bacterial\Pneumonia-Bacterial (860).jpg,Pneumonia-Bacterial,train
C:\Users\Admin\Desktop\dataset train\Dataset\Pneumonia-Bacterial\Pneumonia-Bacterial (102).jpg,Pneumonia-Bacterial,train
C:\Users\Admin\Desktop\dataset train\Dataset\Pneumonia-Bacterial\Pneumonia-Bacterial (2240).jpg,Pneumonia-Bacterial,train
C:\Users\Admin\Desktop\dataset train\Dataset\Normal\Normal (1041).jpg,Normal,train
C:\Users\Admin\Desktop\dataset train\Dataset\Pneumonia-Bacterial\Pneumonia-Bacterial (1232).jpg,Pneumonia-Bacterial,train
C:\Users\Admin\Desktop\dataset train\Dataset\COVID\COVID-19 (530).jpg,COVID,train
C:\Users\Admin\Desktop\dataset train\Dataset\Pneumonia-Viral\Pneumonia-Viral (1507).jpg,Pneumonia-Viral,train
C:\Users\Admin\Desktop\dataset train\Dataset\Pneumonia-Viral\Pneumonia-Viral (1375).jpg,Pneumonia-Viral,train
C:\Users\Admin\Desktop\dataset train\Dataset\Normal\Normal (2171).jpg,Normal,train
C:\Users\Admin\Desktop\dataset train\Dataset\Normal\Normal (380).jpg,Normal,train
C:\Users\Admin\Desktop\dataset train\Dataset\Normal\Normal (1836).jpg,Normal,train
C:\Users\Admin\Desktop\dataset train\Dataset\Normal\Normal (3044).jpg,Normal,train
C:\Users\Admin\Desktop\dataset train\Dataset\Normal\Normal (2779).jpg,Normal,train
C:\Users\Admin\Desktop\dataset train\Dataset\Normal\Normal (2514).jpg,Normal,train
C:\Users\Admin\Desktop\dataset train\Dataset\Pneumonia-Bacterial\Pneumonia-Bacterial (776).jpg,Pneumonia-Bacterial,train
C:\Users\Admin\Desktop\dataset train\Dataset\Pneumonia-Bacterial\Pneumonia-Bacterial (1576).jpg,Pneumonia-Bacterial,train
C:\Users\Admin\Desktop\dataset train\Dataset\Normal\Normal (2000).jpg,Normal,train
C:\Users\Admin\Desktop\dataset train\Dataset\COVID\COVID-19 (1252).jpg,COVID,train
C:\Users\Admin\Desktop\dataset train\Dataset\COVID\COVID-19 (214).jpg,COVID,train
C:\Users\Admin\Desktop\dataset train\Dataset\Pneumonia-Bacterial\Pneumonia-Bacterial (203).jpg,Pneumonia-Bacterial,train
C:\Users\Admin\Desktop\dataset train\Dataset\Pneumonia-Bacterial\Pneumonia-Bacterial (318).jpg,Pneumonia-Bacterial,train
C:\Users\Admin\Desktop\dataset train\Dataset\COVID\COVID-19 (678).jpg,COVID,train
C:\Users\Admin\Desktop\dataset train\Dataset\Normal\Normal (2302).jpg,Normal,train
C:\Users\Admin\Desktop\dataset train\Dataset\Pneumonia-Viral\Pneumonia-Viral (58).jpg,Pneumonia-Viral,train
C:\Users\Admin\Desktop\dataset train\Dataset\Normal\Normal (242).jpg,Normal,train
C:\Users\Admin\Desktop\dataset train\Dataset\Pneumonia-Bacterial\Pneumonia-Bacterial (1388).jpg,Pneumonia-Bacterial,train
C:\Users\Admin\Desktop\dataset train\Dataset\COVID\COVID-19 (699).jpg,COVID,train
C:\Users\Admin\Desktop\dataset train\Dataset\Normal\Normal (433).jpg,Normal,train
C:\Users\Admin\Desktop\dataset train\Dataset\Pneumonia-Bacterial\Pneumonia-Bacterial (314).jpg,Pneumonia-Bacterial,train
C:\Users\Admin\Desktop\dataset train\Dataset\Pneumonia-Viral\Pneumonia-Viral (173).jpg,Pneumonia-Viral,train
C:\Users\Admin\Desktop\dataset train\Dataset\Pneumonia-Bacterial\Pneumonia-Bacterial (1425).jpg,Pneumonia-Bacterial,train
C:\Users\Admin\Desktop\dataset train\Dataset\Normal\Normal (2636).jpg,Normal,train
C:\Users\Admin\Desktop\dataset train\Dataset\Normal\Normal (1239).jpg,Normal,train
C:\Users\Admin\Desktop\dataset train\Dataset\Normal\Normal (2055).jpg,Normal,train
C:\Users\Admin\Desktop\dataset train\Dataset\COVID\COVID-19 (132).jpg,COVID,train
C:\Users\Admin\Desktop\dataset train\Dataset\Pneumonia-Bacterial\Pneumonia-Bacterial (2836).jpg,Pneumonia-Bacterial,train
C:\Users\Admin\Desktop\dataset train\Dataset\Pneumonia-Bacterial\Pneumonia-Bacterial (743).jpg,Pneumonia-Bacterial,train
C:\Users\Admin\Desktop\dataset train\Dataset\Normal\Normal (2469).jpg,Normal,train
C:\Users\Admin\Desktop\dataset train\Dataset\Normal\Normal (1250).jpg,Normal,train
C:\Users\Admin\Desktop\dataset train\Dataset\Normal\Normal (1482).jpg,Normal,train
C:\Users\Admin\Desktop\dataset train\Dataset\COVID\COVID-19 (1222).jpg,COVID,train
C:\Users\Admin\Desktop\dataset train\Dataset\Pneumonia-Bacterial\Pneumonia-Bacterial (198).jpg,Pneumonia-Bacterial,train
C:\Users\Admin\Desktop\dataset train\Dataset\Normal\Normal (674).jpg,Normal,train
C:\Users\Admin\Desktop\dataset train\Dataset\Normal\Normal (2704).jpg,Normal,train
C:\Users\Admin\Desktop\dataset train\Dataset\Normal\Normal (1235).jpg,Normal,train
C:\Users\Admin\Desktop\dataset train\Dataset\COVID\COVID-19 (1201).jpg,COVID,train
C:\Users\Admin\Desktop\dataset train\Dataset\Normal\Normal (3102).jpg,Normal,train
C:\Users\Admin\Desktop\dataset train\Dataset\COVID\COVID-19 (623).jpg,COVID,train
C:\Users\Admin\Desktop\dataset train\Dataset\Pneumonia-Bacterial\Pneumonia-Bacterial (118).jpg,Pneumonia-Bacterial,train
C:\Users\Admin\Desktop\dataset train\Dataset\Normal\Normal (2420).jpg,Normal,train
C:\Users\Admin\Desktop\dataset train\Dataset\Pneumonia-Viral\Pneumonia-Viral (821).jpg,Pneumonia-Viral,train
C:\Users\Admin\Desktop\dataset train\Dataset\COVID\COVID-19 (646).jpg,COVID,train
C:\Users\Admin\Desktop\dataset train\Dataset\Pneumonia-Viral\Pneumonia-Viral (786).jpg,Pneumonia-Viral,train
C:\Users\Admin\Desktop\dataset train\Dataset\Pneumonia-Bacterial\Pneumonia-Bacterial (1194).jpg,Pneumonia-Bacterial,train
C:\Users\Admin\Desktop\dataset train\Dataset\COVID\COVID-19 (605).jpg,COVID,train
C:\Users\Admin\Desktop\dataset train\Dataset\Normal\Normal (1144).jpg,Normal,train
C:\Users\Admin\Desktop\dataset train\Dataset\Pneumonia-Bacterial\Pneumonia-Bacterial (818).jpg,Pneumonia-Bacterial,train
C:\Users\Admin\Desktop\dataset train\Dataset\Pneumonia-Viral\Pneumonia-Viral (1332).jpg,Pneumonia-Viral,train
C:\Users\Admin\Desktop\dataset train\Dataset\Pneumonia-Bacterial\Pneumonia-Bacterial (792).jpg,Pneumonia-Bacterial,train
C:\Users\Admin\Desktop\dataset train\Dataset\Pneumonia-Viral\Pneumonia-Viral (804).jpg,Pneumonia-Viral,train
C:\Users\Admin\Desktop\dataset train\Dataset\Pneumonia-Bacterial\Pneumonia-Bacterial (2652).jpg,Pneumonia-Bacterial,train
C:\Users\Admin\Desktop\dataset train\Dataset\Pneumonia-Bacterial\Pneumonia-Bacterial (967).jpg,Pneumonia-Bacterial,train
C:\Users\Admin\Desktop\dataset train\Dataset\Pneumonia-Viral\Pneumonia-Viral (769).jpg,Pneumonia-Viral,train
C:\Users\Admin\Desktop\dataset train\Dataset\Pneumonia-Bacterial\Pneumonia-Bacterial (2458).jpg,Pneumonia-Bacterial,train
C:\Users\Admin\Desktop\dataset train\Dataset\Normal\Normal (739).jpg,Normal,train
C:\Users\Admin\Desktop\dataset train\Dataset\Pneumonia-Bacterial\Pneumonia-Bacterial (388).jpg,Pneumonia-Bacterial,train
C:\Users\Admin\Desktop\dataset train\Dataset\Normal\Normal (2953).jpg,Normal,train
C:\Users\Admin\Desktop\dataset train\Dataset\Pneumonia-Viral\Pneumonia-Viral (911).jpg,Pneumonia-Viral,train
C:\Users\Admin\Desktop\dataset train\Dataset\Pneumonia-Bacterial\Pneumonia-Bacterial (1288).jpg,Pneumonia-Bacterial,train
C:\Users\Admin\Desktop\dataset train\Dataset\Normal\Normal (2276).jpg,Normal,train
C:\Users\Admin\Desktop\dataset train\Dataset\Normal\Normal (245).jpg,Normal,train
C:\Users\Admin\Desktop\dataset train\Dataset\Pneumonia-Bacterial\Pneumonia-Bacterial (2613).jpg,Pneumonia-Bacterial,train
C:\Users\Admin\Desktop\dataset train\Dataset\Pneumonia-Bacterial\Pneumonia-Bacterial (2979).jpg,Pneumonia-Bacterial,train
C:\Users\Admin\Desktop\dataset train\Dataset\Normal\Normal (2468).jpg,Normal,train
C:\Users\Admin\Desktop\dataset train\Dataset\Pneumonia-Viral\Pneumonia-Viral (277).jpg,Pneumonia-Viral,train
C:\Users\Admin\Desktop\dataset train\Dataset\Pneumonia-Bacterial\Pneumonia-Bacterial (2934).jpg,Pneumonia-Bacterial,train
C:\Users\Admin\Desktop\dataset train\Dataset\Pneumonia-Viral\Pneumonia-Viral (387).jpg,Pneumonia-Viral,train
C:\Users\Admin\Desktop\dataset train\Dataset\COVID\COVID-19 (396).jpg,COVID,train
C:\Users\Admin\Desktop\dataset train\Dataset\Normal\Normal (3194).jpg,Normal,train
C:\Users\Admin\Desktop\dataset train\Dataset\Normal\Normal (2123).jpg,Normal,train
C:\Users\Admin\Desktop\dataset train\Dataset\Normal\Normal (2685).jpg,Normal,train
C:\Users\Admin\Desktop\dataset train\Dataset\Pneumonia-Bacterial\Pneumonia-Bacterial (1191).jpg,Pneumonia-Bacterial,train
C:\Users\Admin\Desktop\dataset train\Dataset\Normal\Normal (205).jpg,Normal,train
C:\Users\Admin\Desktop\dataset train\Dataset\Pneumonia-Viral\Pneumonia-Viral (682).jpg,Pneumonia-Viral,train
C:\Users\Admin\Desktop\dataset train\Dataset\Normal\Normal (1575).jpg,Normal,train
C:\Users\Admin\Desktop\dataset train\Dataset\Normal\Normal (2441).jpg,Normal,train
C:\Users\Admin\Desktop\dataset train\Dataset\Pneumonia-Viral\Pneumonia-Viral (1638).jpg,Pneumonia-Viral,train
C:\Users\Admin\Desktop\dataset train\Dataset\Normal\Normal (2040).jpg,Normal,train
C:\Users\Admin\Desktop\dataset train\Dataset\COVID\COVID-19 (718).jpg,COVID,train
C:\Users\Admin\Desktop\dataset train\Dataset\Pneumonia-Bacterial\Pneumonia-Bacterial (1339).jpg,Pneumonia-Bacterial,train
C:\Users\Admin\Desktop\dataset train\Dataset\COVID\COVID-19 (1131).jpg,COVID,train
C:\Users\Admin\Desktop\dataset train\Dataset\Normal\Normal (779).jpg,Normal,train
C:\Users\Admin\Desktop\dataset train\Dataset\Pneumonia-Bacterial\Pneumonia-Bacterial (1276).jpg,Pneumonia-Bacterial,train
C:\Users\Admin\Desktop\dataset train\Dataset\Pneumonia-Bacterial\Pneumonia-Bacterial (834).jpg,Pneumonia-Bacterial,train
C:\Users\Admin\Desktop\dataset train\Dataset\Pneumonia-Bacterial\Pneumonia-Bacterial (2819).jpg,Pneumonia-Bacterial,train
C:\Users\Admin\Desktop\dataset train\Dataset\Pneumonia-Viral\Pneumonia-Viral (550).jpg,Pneumonia-Viral,train
C:\Users\Admin\Desktop\dataset train\Dataset\Pneumonia-Viral\Pneumonia-Viral (1538).jpg,Pneumonia-Viral,train
C:\Users\Admin\Desktop\dataset train\Dataset\Normal\Normal (2768).jpg,Normal,train
C:\Users\Admin\Desktop\dataset train\Dataset\Pneumonia-Bacterial\Pneumonia-Bacterial (892).jpg,Pneumonia-Bacterial,train
C:\Users\Admin\Desktop\dataset train\Dataset\Pneumonia-Bacterial\Pneumonia-Bacterial (1603).jpg,Pneumonia-Bacterial,train
C:\Users\Admin\Desktop\dataset train\Dataset\Pneumonia-Bacterial\Pneumonia-Bacterial (2723).jpg,Pneumonia-Bacterial,train
C:\Users\Admin\Desktop\dataset train\Dataset\Pneumonia-Bacterial\Pneumonia-Bacterial (2975).jpg,Pneumonia-Bacterial,train
C:\Users\Admin\Desktop\dataset train\Dataset\Normal\Normal (515).jpg,Normal,train
C:\Users\Admin\Desktop\dataset train\Dataset\Pneumonia-Bacterial\Pneumonia-Bacterial (580).jpg,Pneumonia-Bacterial,train
C:\Users\Admin\Desktop\dataset train\Dataset\Normal\Normal (946).jpg,Normal,train
C:\Users\Admin\Desktop\dataset train\Dataset\COVID\COVID-19 (381).jpg,COVID,train
C:\Users\Admin\Desktop\dataset train\Dataset\Normal\Normal (27).jpg,Normal,train
C:\Users\Admin\Desktop\dataset train\Dataset\Normal\Normal (908).jpg,Normal,train
C:\Users\Admin\Desktop\dataset train\Dataset\Pneumonia-Viral\Pneumonia-Viral (4).jpg,Pneumonia-Viral,train
C:\Users\Admin\Desktop\dataset train\Dataset\Pneumonia-Bacterial\Pneumonia-Bacterial (1760).jpg,Pneumonia-Bacterial,train
C:\Users\Admin\Desktop\dataset train\Dataset\Normal\Normal (3134).jpg,Normal,train
C:\Users\Admin\Desktop\dataset train\Dataset\Normal\Normal (693).jpg,Normal,train
C:\Users\Admin\Desktop\dataset train\Dataset\Pneumonia-Bacterial\Pneumonia-Bacterial (1548).jpg,Pneumonia-Bacterial,train
C:\Users\Admin\Desktop\dataset train\Dataset\Normal\Normal (2607).jpg,Normal,train
C:\Users\Admin\Desktop\dataset train\Dataset\Normal\Normal (1090).jpg,Normal,train
C:\Users\Admin\Desktop\dataset train\Dataset\COVID\COVID-19 (1102).jpg,COVID,train
C:\Users\Admin\Desktop\dataset train\Dataset\Normal\Normal (3059).jpg,Normal,train
C:\Users\Admin\Desktop\dataset train\Dataset\Pneumonia-Bacterial\Pneumonia-Bacterial (895).jpg,Pneumonia-Bacterial,train
C:\Users\Admin\Desktop\dataset train\Dataset\Pneumonia-Bacterial\Pneumonia-Bacterial (1736).jpg,Pneumonia-Bacterial,train
C:\Users\Admin\Desktop\dataset train\Dataset\Normal\Normal (639).jpg,Normal,train
C:\Users\Admin\Desktop\dataset train\Dataset\Normal\Normal (1783).jpg,Normal,train
C:\Users\Admin\Desktop\dataset train\Dataset\Pneumonia-Bacterial\Pneumonia-Bacterial (1053).jpg,Pneumonia-Bacterial,train
C:\Users\Admin\Desktop\dataset train\Dataset\Pneumonia-Viral\Pneumonia-Viral (570).jpg,Pneumonia-Viral,train
C:\Users\Admin\Desktop\dataset train\Dataset\Pneumonia-Bacterial\Pneumonia-Bacterial (2479).jpg,Pneumonia-Bacterial,train
C:\Users\Admin\Desktop\dataset train\Dataset\Pneumonia-Bacterial\Pneumonia-Bacterial (2629).jpg,Pneumonia-Bacterial,train
C:\Users\Admin\Desktop\dataset train\Dataset\Normal\Normal (3104).jpg,Normal,train
C:\Users\Admin\Desktop\dataset train\Dataset\Normal\Normal (2947).jpg,Normal,train
C:\Users\Admin\Desktop\dataset train\Dataset\Pneumonia-Viral\Pneumonia-Viral (1579).jpg,Pneumonia-Viral,train
C:\Users\Admin\Desktop\dataset train\Dataset\Pneumonia-Viral\Pneumonia-Viral (289).jpg,Pneumonia-Viral,train
C:\Users\Admin\Desktop\dataset train\Dataset\COVID\COVID-19 (297).jpg,COVID,train
C:\Users\Admin\Desktop\dataset train\Dataset\Pneumonia-Viral\Pneumonia-Viral (1144).jpg,Pneumonia-Viral,train
C:\Users\Admin\Desktop\dataset train\Dataset\Normal\Normal (1059).jpg,Normal,train
C:\Users\Admin\Desktop\dataset train\Dataset\Normal\Normal (411).jpg,Normal,train
C:\Users\Admin\Desktop\dataset train\Dataset\Normal\Normal (648).jpg,Normal,train
C:\Users\Admin\Desktop\dataset train\Dataset\Pneumonia-Bacterial\Pneumonia-Bacterial (1930).jpg,Pneumonia-Bacterial,train
C:\Users\Admin\Desktop\dataset train\Dataset\Pneumonia-Bacterial\Pneumonia-Bacterial (940).jpg,Pneumonia-Bacterial,train
C:\Users\Admin\Desktop\dataset train\Dataset\COVID\COVID-19 (470).jpg,COVID,train
C:\Users\Admin\Desktop\dataset train\Dataset\Normal\Normal (2462).jpg,Normal,train
C:\Users\Admin\Desktop\dataset train\Dataset\Normal\Normal (683).jpg,Normal,train
C:\Users\Admin\Desktop\dataset train\Dataset\Normal\Normal (1845).jpg,Normal,train
C:\Users\Admin\Desktop\dataset train\Dataset\Pneumonia-Bacterial\Pneumonia-Bacterial (2287).jpg,Pneumonia-Bacterial,train
C:\Users\Admin\Desktop\dataset train\Dataset\COVID\COVID-19 (604).jpg,COVID,train
C:\Users\Admin\Desktop\dataset train\Dataset\Normal\Normal (1026).jpg,Normal,train
C:\Users\Admin\Desktop\dataset train\Dataset\Normal\Normal (2477).jpg,Normal,train
C:\Users\Admin\Desktop\dataset train\Dataset\Pneumonia-Bacterial\Pneumonia-Bacterial (2969).jpg,Pneumonia-Bacterial,train
C:\Users\Admin\Desktop\dataset train\Dataset\Pneumonia-Viral\Pneumonia-Viral (843).jpg,Pneumonia-Viral,train
C:\Users\Admin\Desktop\dataset train\Dataset\Pneumonia-Bacterial\Pneumonia-Bacterial (2942).jpg,Pneumonia-Bacterial,train
C:\Users\Admin\Desktop\dataset train\Dataset\Pneumonia-Viral\Pneumonia-Viral (1007).jpg,Pneumonia-Viral,train
C:\Users\Admin\Desktop\dataset train\Dataset\Normal\Normal (1100).jpg,Normal,train
C:\Users\Admin\Desktop\dataset train\Dataset\Normal\Normal (2680).jpg,Normal,train
C:\Users\Admin\Desktop\dataset train\Dataset\Normal\Normal (2632).jpg,Normal,train
C:\Users\Admin\Desktop\dataset train\Dataset\COVID\COVID-19 (619).jpg,COVID,train
C:\Users\Admin\Desktop\dataset train\Dataset\Pneumonia-Bacterial\Pneumonia-Bacterial (2101).jpg,Pneumonia-Bacterial,train
C:\Users\Admin\Desktop\dataset train\Dataset\COVID\COVID-19 (531).jpg,COVID,train
C:\Users\Admin\Desktop\dataset train\Dataset\Pneumonia-Bacterial\Pneumonia-Bacterial (277).jpg,Pneumonia-Bacterial,train
C:\Users\Admin\Desktop\dataset train\Dataset\Pneumonia-Viral\Pneumonia-Viral (126).jpg,Pneumonia-Viral,train
C:\Users\Admin\Desktop\dataset train\Dataset\Pneumonia-Viral\Pneumonia-Viral (462).jpg,Pneumonia-Viral,train
C:\Users\Admin\Desktop\dataset train\Dataset\Pneumonia-Viral\Pneumonia-Viral (1008).jpg,Pneumonia-Viral,train
C:\Users\Admin\Desktop\dataset train\Dataset\Pneumonia-Viral\Pneumonia-Viral (788).jpg,Pneumonia-Viral,train
C:\Users\Admin\Desktop\dataset train\Dataset\Normal\Normal (14).jpg,Normal,train
C:\Users\Admin\Desktop\dataset train\Dataset\Pneumonia-Bacterial\Pneumonia-Bacterial (1438).jpg,Pneumonia-Bacterial,train
C:\Users\Admin\Desktop\dataset train\Dataset\Pneumonia-Bacterial\Pneumonia-Bacterial (1238).jpg,Pneumonia-Bacterial,train
C:\Users\Admin\Desktop\dataset train\Dataset\Pneumonia-Bacterial\Pneumonia-Bacterial (2126).jpg,Pneumonia-Bacterial,train
C:\Users\Admin\Desktop\dataset train\Dataset\Pneumonia-Bacterial\Pneumonia-Bacterial (1900).jpg,Pneumonia-Bacterial,train
C:\Users\Admin\Desktop\dataset train\Dataset\Pneumonia-Bacterial\Pneumonia-Bacterial (1987).jpg,Pneumonia-Bacterial,train
C:\Users\Admin\Desktop\dataset train\Dataset\Pneumonia-Bacterial\Pneumonia-Bacterial (1354).jpg,Pneumonia-Bacterial,train
C:\Users\Admin\Desktop\dataset train\Dataset\Pneumonia-Viral\Pneumonia-Viral (1304).jpg,Pneumonia-Viral,train
C:\Users\Admin\Desktop\dataset train\Dataset\Pneumonia-Viral\Pneumonia-Viral (589).jpg,Pneumonia-Viral,train
C:\Users\Admin\Desktop\dataset train\Dataset\Normal\Normal (1900).jpg,Normal,train
C:\Users\Admin\Desktop\dataset train\Dataset\Pneumonia-Bacterial\Pneumonia-Bacterial (2474).jpg,Pneumonia-Bacterial,train
C:\Users\Admin\Desktop\dataset train\Dataset\Normal\Normal (1657).jpg,Normal,train
C:\Users\Admin\Desktop\dataset train\Dataset\Pneumonia-Bacterial\Pneumonia-Bacterial (737).jpg,Pneumonia-Bacterial,train
C:\Users\Admin\Desktop\dataset train\Dataset\Pneumonia-Bacterial\Pneumonia-Bacterial (325).jpg,Pneumonia-Bacterial,train
C:\Users\Admin\Desktop\dataset train\Dataset\Normal\Normal (3151).jpg,Normal,train
C:\Users\Admin\Desktop\dataset train\Dataset\Normal\Normal (2115).jpg,Normal,train
C:\Users\Admin\Desktop\dataset train\Dataset\Normal\Normal (2634).jpg,Normal,train
C:\Users\Admin\Desktop\dataset train\Dataset\Normal\Normal (1830).jpg,Normal,train
C:\Users\Admin\Desktop\dataset train\Dataset\Normal\Normal (1524).jpg,Normal,train
C:\Users\Admin\Desktop\dataset train\Dataset\Normal\Normal (1292).jpg,Normal,train
C:\Users\Admin\Desktop\dataset train\Dataset\Pneumonia-Bacterial\Pneumonia-Bacterial (1390).jpg,Pneumonia-Bacterial,train
C:\Users\Admin\Desktop\dataset train\Dataset\Normal\Normal (1477).jpg,Normal,train
C:\Users\Admin\Desktop\dataset train\Dataset\Pneumonia-Bacterial\Pneumonia-Bacterial (2057).jpg,Pneumonia-Bacterial,train
C:\Users\Admin\Desktop\dataset train\Dataset\Pneumonia-Viral\Pneumonia-Viral (1317).jpg,Pneumonia-Viral,train
C:\Users\Admin\Desktop\dataset train\Dataset\Pneumonia-Bacterial\Pneumonia-Bacterial (2537).jpg,Pneumonia-Bacterial,train
C:\Users\Admin\Desktop\dataset train\Dataset\Normal\Normal (1436).jpg,Normal,train
C:\Users\Admin\Desktop\dataset train\Dataset\Normal\Normal (1928).jpg,Normal,train
C:\Users\Admin\Desktop\dataset train\Dataset\COVID\COVID-19 (1003).jpg,COVID,train
C:\Users\Admin\Desktop\dataset train\Dataset\Normal\Normal (1831).jpg,Normal,train
C:\Users\Admin\Desktop\dataset train\Dataset\Pneumonia-Viral\Pneumonia-Viral (1600).jpg,Pneumonia-Viral,train
C:\Users\Admin\Desktop\dataset train\Dataset\Normal\Normal (2125).jpg,Normal,train
C:\Users\Admin\Desktop\dataset train\Dataset\Normal\Normal (2341).jpg,Normal,train
C:\Users\Admin\Desktop\dataset train\Dataset\Normal\Normal (3221).jpg,Normal,train
C:\Users\Admin\Desktop\dataset train\Dataset\Normal\Normal (543).jpg,Normal,train
C:\Users\Admin\Desktop\dataset train\Dataset\Pneumonia-Bacterial\Pneumonia-Bacterial (1788).jpg,Pneumonia-Bacterial,train
C:\Users\Admin\Desktop\dataset train\Dataset\Pneumonia-Bacterial\Pneumonia-Bacterial (722).jpg,Pneumonia-Bacterial,train
C:\Users\Admin\Desktop\dataset train\Dataset\Normal\Normal (2813).jpg,Normal,train
C:\Users\Admin\Desktop\dataset train\Dataset\Normal\Normal (2926).jpg,Normal,train
C:\Users\Admin\Desktop\dataset train\Dataset\Pneumonia-Bacterial\Pneumonia-Bacterial (1239).jpg,Pneumonia-Bacterial,train
C:\Users\Admin\Desktop\dataset train\Dataset\COVID\COVID-19 (522).jpg,COVID,train
C:\Users\Admin\Desktop\dataset train\Dataset\Normal\Normal (655).jpg,Normal,train
C:\Users\Admin\Desktop\dataset train\Dataset\Pneumonia-Bacterial\Pneumonia-Bacterial (2882).jpg,Pneumonia-Bacterial,train
C:\Users\Admin\Desktop\dataset train\Dataset\Pneumonia-Bacterial\Pneumonia-Bacterial (2680).jpg,Pneumonia-Bacterial,train
C:\Users\Admin\Desktop\dataset train\Dataset\Pneumonia-Viral\Pneumonia-Viral (254).jpg,Pneumonia-Viral,train
C:\Users\Admin\Desktop\dataset train\Dataset\Normal\Normal (1445).jpg,Normal,train
C:\Users\Admin\Desktop\dataset train\Dataset\Pneumonia-Bacterial\Pneumonia-Bacterial (2297).jpg,Pneumonia-Bacterial,train
C:\Users\Admin\Desktop\dataset train\Dataset\Pneumonia-Bacterial\Pneumonia-Bacterial (2780).jpg,Pneumonia-Bacterial,train
C:\Users\Admin\Desktop\dataset train\Dataset\Pneumonia-Bacterial\Pneumonia-Bacterial (707).jpg,Pneumonia-Bacterial,train
C:\Users\Admin\Desktop\dataset train\Dataset\COVID\COVID-19 (361).jpg,COVID,train
C:\Users\Admin\Desktop\dataset train\Dataset\Normal\Normal (1592).jpg,Normal,train
C:\Users\Admin\Desktop\dataset train\Dataset\Pneumonia-Viral\Pneumonia-Viral (335).jpg,Pneumonia-Viral,train
C:\Users\Admin\Desktop\dataset train\Dataset\Normal\Normal (1164).jpg,Normal,train
C:\Users\Admin\Desktop\dataset train\Dataset\Pneumonia-Viral\Pneumonia-Viral (815).jpg,Pneumonia-Viral,train
C:\Users\Admin\Desktop\dataset train\Dataset\Pneumonia-Viral\Pneumonia-Viral (1124).jpg,Pneumonia-Viral,train
C:\Users\Admin\Desktop\dataset train\Dataset\COVID\COVID-19 (1198).jpg,COVID,train
C:\Users\Admin\Desktop\dataset train\Dataset\Pneumonia-Bacterial\Pneumonia-Bacterial (477).jpg,Pneumonia-Bacterial,train
C:\Users\Admin\Desktop\dataset train\Dataset\COVID\COVID-19 (1267).jpg,COVID,train
C:\Users\Admin\Desktop\dataset train\Dataset\Pneumonia-Bacterial\Pneumonia-Bacterial (1490).jpg,Pneumonia-Bacterial,train
C:\Users\Admin\Desktop\dataset train\Dataset\COVID\COVID-19 (223).jpg,COVID,train
C:\Users\Admin\Desktop\dataset train\Dataset\Pneumonia-Bacterial\Pneumonia-Bacterial (2329).jpg,Pneumonia-Bacterial,train
C:\Users\Admin\Desktop\dataset train\Dataset\COVID\COVID-19 (227).jpg,COVID,train
C:\Users\Admin\Desktop\dataset train\Dataset\Pneumonia-Viral\Pneumonia-Viral (393).jpg,Pneumonia-Viral,train
C:\Users\Admin\Desktop\dataset train\Dataset\COVID\COVID-19 (722).jpg,COVID,train
C:\Users\Admin\Desktop\dataset train\Dataset\Normal\Normal (2548).jpg,Normal,train
C:\Users\Admin\Desktop\dataset train\Dataset\Pneumonia-Bacterial\Pneumonia-Bacterial (18).jpg,Pneumonia-Bacterial,train
C:\Users\Admin\Desktop\dataset train\Dataset\Pneumonia-Bacterial\Pneumonia-Bacterial (549).jpg,Pneumonia-Bacterial,train
C:\Users\Admin\Desktop\dataset train\Dataset\Normal\Normal (591).jpg,Normal,train
C:\Users\Admin\Desktop\dataset train\Dataset\Pneumonia-Bacterial\Pneumonia-Bacterial (1112).jpg,Pneumonia-Bacterial,train
C:\Users\Admin\Desktop\dataset train\Dataset\Normal\Normal (1742).jpg,Normal,train
C:\Users\Admin\Desktop\dataset train\Dataset\Normal\Normal (1946).jpg,Normal,train
C:\Users\Admin\Desktop\dataset train\Dataset\Pneumonia-Bacterial\Pneumonia-Bacterial (1690).jpg,Pneumonia-Bacterial,train
C:\Users\Admin\Desktop\dataset train\Dataset\Pneumonia-Bacterial\Pneumonia-Bacterial (1542).jpg,Pneumonia-Bacterial,train
C:\Users\Admin\Desktop\dataset train\Dataset\COVID\COVID-19 (454).jpg,COVID,train
C:\Users\Admin\Desktop\dataset train\Dataset\Pneumonia-Bacterial\Pneumonia-Bacterial (195).jpg,Pneumonia-Bacterial,train
C:\Users\Admin\Desktop\dataset train\Dataset\Pneumonia-Viral\Pneumonia-Viral (1180).jpg,Pneumonia-Viral,train
C:\Users\Admin\Desktop\dataset train\Dataset\COVID\COVID-19 (502).jpg,COVID,train
C:\Users\Admin\Desktop\dataset train\Dataset\Normal\Normal (1394).jpg,Normal,train
C:\Users\Admin\Desktop\dataset train\Dataset\Pneumonia-Bacterial\Pneumonia-Bacterial (2701).jpg,Pneumonia-Bacterial,train
C:\Users\Admin\Desktop\dataset train\Dataset\Normal\Normal (2221).jpg,Normal,train
C:\Users\Admin\Desktop\dataset train\Dataset\Pneumonia-Bacterial\Pneumonia-Bacterial (80).jpg,Pneumonia-Bacterial,train
C:\Users\Admin\Desktop\dataset train\Dataset\Pneumonia-Viral\Pneumonia-Viral (468).jpg,Pneumonia-Viral,train
C:\Users\Admin\Desktop\dataset train\Dataset\Normal\Normal (1174).jpg,Normal,train
C:\Users\Admin\Desktop\dataset train\Dataset\Pneumonia-Bacterial\Pneumonia-Bacterial (1223).jpg,Pneumonia-Bacterial,train
C:\Users\Admin\Desktop\dataset train\Dataset\Pneumonia-Viral\Pneumonia-Viral (736).jpg,Pneumonia-Viral,train
C:\Users\Admin\Desktop\dataset train\Dataset\Pneumonia-Bacterial\Pneumonia-Bacterial (1541).jpg,Pneumonia-Bacterial,train
C:\Users\Admin\Desktop\dataset train\Dataset\Pneumonia-Bacterial\Pneumonia-Bacterial (2848).jpg,Pneumonia-Bacterial,train
C:\Users\Admin\Desktop\dataset train\Dataset\Pneumonia-Viral\Pneumonia-Viral (954).jpg,Pneumonia-Viral,train
C:\Users\Admin\Desktop\dataset train\Dataset\COVID\COVID-19 (612).jpg,COVID,train
C:\Users\Admin\Desktop\dataset train\Dataset\Normal\Normal (1460).jpg,Normal,train
C:\Users\Admin\Desktop\dataset train\Dataset\Normal\Normal (204).jpg,Normal,train
C:\Users\Admin\Desktop\dataset train\Dataset\Pneumonia-Bacterial\Pneumonia-Bacterial (525).jpg,Pneumonia-Bacterial,train
C:\Users\Admin\Desktop\dataset train\Dataset\COVID\COVID-19 (495).jpg,COVID,train
C:\Users\Admin\Desktop\dataset train\Dataset\Normal\Normal (1868).jpg,Normal,train
C:\Users\Admin\Desktop\dataset train\Dataset\Pneumonia-Bacterial\Pneumonia-Bacterial (1555).jpg,Pneumonia-Bacterial,train
C:\Users\Admin\Desktop\dataset train\Dataset\Pneumonia-Bacterial\Pneumonia-Bacterial (1253).jpg,Pneumonia-Bacterial,train
C:\Users\Admin\Desktop\dataset train\Dataset\Pneumonia-Bacterial\Pneumonia-Bacterial (1629).jpg,Pneumonia-Bacterial,train
C:\Users\Admin\Desktop\dataset train\Dataset\Normal\Normal (3147).jpg,Normal,train
C:\Users\Admin\Desktop\dataset train\Dataset\Pneumonia-Viral\Pneumonia-Viral (1269).jpg,Pneumonia-Viral,train
C:\Users\Admin\Desktop\dataset train\Dataset\Pneumonia-Bacterial\Pneumonia-Bacterial (2616).jpg,Pneumonia-Bacterial,train
C:\Users\Admin\Desktop\dataset train\Dataset\Normal\Normal (1507).jpg,Normal,train
C:\Users\Admin\Desktop\dataset train\Dataset\COVID\COVID-19 (189).jpg,COVID,train
C:\Users\Admin\Desktop\dataset train\Dataset\Normal\Normal (2039).jpg,Normal,train
C:\Users\Admin\Desktop\dataset train\Dataset\Pneumonia-Viral\Pneumonia-Viral (1386).jpg,Pneumonia-Viral,train
C:\Users\Admin\Desktop\dataset train\Dataset\Pneumonia-Viral\Pneumonia-Viral (723).jpg,Pneumonia-Viral,train
C:\Users\Admin\Desktop\dataset train\Dataset\COVID\COVID-19 (567).jpg,COVID,train
C:\Users\Admin\Desktop\dataset train\Dataset\Normal\Normal (2760).jpg,Normal,train
C:\Users\Admin\Desktop\dataset train\Dataset\COVID\COVID-19 (344).jpg,COVID,train
C:\Users\Admin\Desktop\dataset train\Dataset\COVID\COVID-19 (986).jpg,COVID,train
C:\Users\Admin\Desktop\dataset train\Dataset\Normal\Normal (2559).jpg,Normal,train
C:\Users\Admin\Desktop\dataset train\Dataset\COVID\COVID-19 (971).jpg,COVID,train
C:\Users\Admin\Desktop\dataset train\Dataset\Pneumonia-Bacterial\Pneumonia-Bacterial (784).jpg,Pneumonia-Bacterial,train
C:\Users\Admin\Desktop\dataset train\Dataset\Normal\Normal (2627).jpg,Normal,train
C:\Users\Admin\Desktop\dataset train\Dataset\COVID\COVID-19 (1008).jpg,COVID,train
C:\Users\Admin\Desktop\dataset train\Dataset\COVID\COVID-19 (1071).jpg,COVID,train
C:\Users\Admin\Desktop\dataset train\Dataset\Pneumonia-Bacterial\Pneumonia-Bacterial (1504).jpg,Pneumonia-Bacterial,train
C:\Users\Admin\Desktop\dataset train\Dataset\Normal\Normal (1797).jpg,Normal,train
C:\Users\Admin\Desktop\dataset train\Dataset\Normal\Normal (1159).jpg,Normal,train
C:\Users\Admin\Desktop\dataset train\Dataset\Normal\Normal (566).jpg,Normal,train
C:\Users\Admin\Desktop\dataset train\Dataset\Pneumonia-Viral\Pneumonia-Viral (649).jpg,Pneumonia-Viral,train
C:\Users\Admin\Desktop\dataset train\Dataset\Normal\Normal (2239).jpg,Normal,train
C:\Users\Admin\Desktop\dataset train\Dataset\Normal\Normal (1003).jpg,Normal,train
C:\Users\Admin\Desktop\dataset train\Dataset\Normal\Normal (309).jpg,Normal,train
C:\Users\Admin\Desktop\dataset train\Dataset\Normal\Normal (457).jpg,Normal,train
C:\Users\Admin\Desktop\dataset train\Dataset\Pneumonia-Bacterial\Pneumonia-Bacterial (2976).jpg,Pneumonia-Bacterial,train
C:\Users\Admin\Desktop\dataset train\Dataset\Normal\Normal (9).jpg,Normal,train
C:\Users\Admin\Desktop\dataset train\Dataset\Pneumonia-Bacterial\Pneumonia-Bacterial (1713).jpg,Pneumonia-Bacterial,train
C:\Users\Admin\Desktop\dataset train\Dataset\Normal\Normal (1504).jpg,Normal,train
C:\Users\Admin\Desktop\dataset train\Dataset\COVID\COVID-19 (67).jpg,COVID,train
C:\Users\Admin\Desktop\dataset train\Dataset\Normal\Normal (339).jpg,Normal,train
C:\Users\Admin\Desktop\dataset train\Dataset\Normal\Normal (1588).jpg,Normal,train
C:\Users\Admin\Desktop\dataset train\Dataset\Normal\Normal (2482).jpg,Normal,train
C:\Users\Admin\Desktop\dataset train\Dataset\Pneumonia-Bacterial\Pneumonia-Bacterial (512).jpg,Pneumonia-Bacterial,train
C:\Users\Admin\Desktop\dataset train\Dataset\Normal\Normal (3113).jpg,Normal,train
C:\Users\Admin\Desktop\dataset train\Dataset\Pneumonia-Bacterial\Pneumonia-Bacterial (2250).jpg,Pneumonia-Bacterial,train
C:\Users\Admin\Desktop\dataset train\Dataset\Normal\Normal (356).jpg,Normal,train
C:\Users\Admin\Desktop\dataset train\Dataset\Normal\Normal (1942).jpg,Normal,train
C:\Users\Admin\Desktop\dataset train\Dataset\Normal\Normal (213).jpg,Normal,train
C:\Users\Admin\Desktop\dataset train\Dataset\COVID\COVID-19 (388).jpg,COVID,train
C:\Users\Admin\Desktop\dataset train\Dataset\Pneumonia-Bacterial\Pneumonia-Bacterial (1785).jpg,Pneumonia-Bacterial,train
C:\Users\Admin\Desktop\dataset train\Dataset\Pneumonia-Bacterial\Pneumonia-Bacterial (1647).jpg,Pneumonia-Bacterial,train
C:\Users\Admin\Desktop\dataset train\Dataset\COVID\COVID-19 (1194).jpg,COVID,train
C:\Users\Admin\Desktop\dataset train\Dataset\Normal\Normal (323).jpg,Normal,train
C:\Users\Admin\Desktop\dataset train\Dataset\Normal\Normal (3085).jpg,Normal,train
C:\Users\Admin\Desktop\dataset train\Dataset\COVID\COVID-19 (326).jpg,COVID,train
C:\Users\Admin\Desktop\dataset train\Dataset\Normal\Normal (1005).jpg,Normal,train
C:\Users\Admin\Desktop\dataset train\Dataset\Pneumonia-Bacterial\Pneumonia-Bacterial (619).jpg,Pneumonia-Bacterial,train
C:\Users\Admin\Desktop\dataset train\Dataset\Pneumonia-Bacterial\Pneumonia-Bacterial (1544).jpg,Pneumonia-Bacterial,train
C:\Users\Admin\Desktop\dataset train\Dataset\Normal\Normal (2012).jpg,Normal,train
C:\Users\Admin\Desktop\dataset train\Dataset\Normal\Normal (958).jpg,Normal,train
C:\Users\Admin\Desktop\dataset train\Dataset\Pneumonia-Bacterial\Pneumonia-Bacterial (274).jpg,Pneumonia-Bacterial,train
C:\Users\Admin\Desktop\dataset train\Dataset\Normal\Normal (1990).jpg,Normal,train
C:\Users\Admin\Desktop\dataset train\Dataset\Normal\Normal (2102).jpg,Normal,train
C:\Users\Admin\Desktop\dataset train\Dataset\Pneumonia-Viral\Pneumonia-Viral (724).jpg,Pneumonia-Viral,train
C:\Users\Admin\Desktop\dataset train\Dataset\Pneumonia-Bacterial\Pneumonia-Bacterial (636).jpg,Pneumonia-Bacterial,train
C:\Users\Admin\Desktop\dataset train\Dataset\Pneumonia-Bacterial\Pneumonia-Bacterial (1615).jpg,Pneumonia-Bacterial,train
C:\Users\Admin\Desktop\dataset train\Dataset\Pneumonia-Bacterial\Pneumonia-Bacterial (741).jpg,Pneumonia-Bacterial,train
C:\Users\Admin\Desktop\dataset train\Dataset\COVID\COVID-19 (686).jpg,COVID,train
C:\Users\Admin\Desktop\dataset train\Dataset\Pneumonia-Bacterial\Pneumonia-Bacterial (445).jpg,Pneumonia-Bacterial,train
C:\Users\Admin\Desktop\dataset train\Dataset\Normal\Normal (1187).jpg,Normal,train
C:\Users\Admin\Desktop\dataset train\Dataset\Pneumonia-Bacterial\Pneumonia-Bacterial (2088).jpg,Pneumonia-Bacterial,train
C:\Users\Admin\Desktop\dataset train\Dataset\Pneumonia-Viral\Pneumonia-Viral (1335).jpg,Pneumonia-Viral,train
C:\Users\Admin\Desktop\dataset train\Dataset\Pneumonia-Bacterial\Pneumonia-Bacterial (1944).jpg,Pneumonia-Bacterial,train
C:\Users\Admin\Desktop\dataset train\Dataset\COVID\COVID-19 (200).jpg,COVID,train
C:\Users\Admin\Desktop\dataset train\Dataset\Pneumonia-Viral\Pneumonia-Viral (1452).jpg,Pneumonia-Viral,train
C:\Users\Admin\Desktop\dataset train\Dataset\Pneumonia-Bacterial\Pneumonia-Bacterial (2068).jpg,Pneumonia-Bacterial,train
C:\Users\Admin\Desktop\dataset train\Dataset\Pneumonia-Bacterial\Pneumonia-Bacterial (139).jpg,Pneumonia-Bacterial,train
C:\Users\Admin\Desktop\dataset train\Dataset\Pneumonia-Bacterial\Pneumonia-Bacterial (1213).jpg,Pneumonia-Bacterial,train
C:\Users\Admin\Desktop\dataset train\Dataset\Pneumonia-Bacterial\Pneumonia-Bacterial (844).jpg,Pneumonia-Bacterial,train
C:\Users\Admin\Desktop\dataset train\Dataset\Pneumonia-Viral\Pneumonia-Viral (1224).jpg,Pneumonia-Viral,train
C:\Users\Admin\Desktop\dataset train\Dataset\Pneumonia-Bacterial\Pneumonia-Bacterial (2782).jpg,Pneumonia-Bacterial,train
C:\Users\Admin\Desktop\dataset train\Dataset\Pneumonia-Bacterial\Pneumonia-Bacterial (2128).jpg,Pneumonia-Bacterial,train
C:\Users\Admin\Desktop\dataset train\Dataset\Pneumonia-Bacterial\Pneumonia-Bacterial (280).jpg,Pneumonia-Bacterial,train
C:\Users\Admin\Desktop\dataset train\Dataset\Normal\Normal (2108).jpg,Normal,train
C:\Users\Admin\Desktop\dataset train\Dataset\Pneumonia-Viral\Pneumonia-Viral (1390).jpg,Pneumonia-Viral,train
C:\Users\Admin\Desktop\dataset train\Dataset\Normal\Normal (1332).jpg,Normal,train
C:\Users\Admin\Desktop\dataset train\Dataset\Pneumonia-Viral\Pneumonia-Viral (1455).jpg,Pneumonia-Viral,train
C:\Users\Admin\Desktop\dataset train\Dataset\Normal\Normal (2484).jpg,Normal,train
C:\Users\Admin\Desktop\dataset train\Dataset\Pneumonia-Viral\Pneumonia-Viral (331).jpg,Pneumonia-Viral,train
C:\Users\Admin\Desktop\dataset train\Dataset\Pneumonia-Bacterial\Pneumonia-Bacterial (2858).jpg,Pneumonia-Bacterial,train
C:\Users\Admin\Desktop\dataset train\Dataset\Pneumonia-Bacterial\Pneumonia-Bacterial (2553).jpg,Pneumonia-Bacterial,train
C:\Users\Admin\Desktop\dataset train\Dataset\Pneumonia-Viral\Pneumonia-Viral (292).jpg,Pneumonia-Viral,train
C:\Users\Admin\Desktop\dataset train\Dataset\Pneumonia-Viral\Pneumonia-Viral (1576).jpg,Pneumonia-Viral,train
C:\Users\Admin\Desktop\dataset train\Dataset\Pneumonia-Bacterial\Pneumonia-Bacterial (432).jpg,Pneumonia-Bacterial,train
C:\Users\Admin\Desktop\dataset train\Dataset\Pneumonia-Bacterial\Pneumonia-Bacterial (2536).jpg,Pneumonia-Bacterial,train
C:\Users\Admin\Desktop\dataset train\Dataset\Pneumonia-Viral\Pneumonia-Viral (1085).jpg,Pneumonia-Viral,train
C:\Users\Admin\Desktop\dataset train\Dataset\Pneumonia-Viral\Pneumonia-Viral (102).jpg,Pneumonia-Viral,train
C:\Users\Admin\Desktop\dataset train\Dataset\Pneumonia-Bacterial\Pneumonia-Bacterial (2004).jpg,Pneumonia-Bacterial,train
C:\Users\Admin\Desktop\dataset train\Dataset\Pneumonia-Bacterial\Pneumonia-Bacterial (2342).jpg,Pneumonia-Bacterial,train
C:\Users\Admin\Desktop\dataset train\Dataset\Pneumonia-Viral\Pneumonia-Viral (825).jpg,Pneumonia-Viral,train
C:\Users\Admin\Desktop\dataset train\Dataset\Normal\Normal (2487).jpg,Normal,train
C:\Users\Admin\Desktop\dataset train\Dataset\Pneumonia-Viral\Pneumonia-Viral (354).jpg,Pneumonia-Viral,train
C:\Users\Admin\Desktop\dataset train\Dataset\Pneumonia-Bacterial\Pneumonia-Bacterial (38).jpg,Pneumonia-Bacterial,train
C:\Users\Admin\Desktop\dataset train\Dataset\Pneumonia-Viral\Pneumonia-Viral (1097).jpg,Pneumonia-Viral,train
C:\Users\Admin\Desktop\dataset train\Dataset\Pneumonia-Bacterial\Pneumonia-Bacterial (816).jpg,Pneumonia-Bacterial,train
C:\Users\Admin\Desktop\dataset train\Dataset\Pneumonia-Bacterial\Pneumonia-Bacterial (2147).jpg,Pneumonia-Bacterial,train
C:\Users\Admin\Desktop\dataset train\Dataset\Normal\Normal (2956).jpg,Normal,train
C:\Users\Admin\Desktop\dataset train\Dataset\Normal\Normal (2054).jpg,Normal,train
C:\Users\Admin\Desktop\dataset train\Dataset\COVID\COVID-19 (4).jpg,COVID,train
C:\Users\Admin\Desktop\dataset train\Dataset\Pneumonia-Bacterial\Pneumonia-Bacterial (2059).jpg,Pneumonia-Bacterial,train
C:\Users\Admin\Desktop\dataset train\Dataset\Pneumonia-Bacterial\Pneumonia-Bacterial (2022).jpg,Pneumonia-Bacterial,train
C:\Users\Admin\Desktop\dataset train\Dataset\Pneumonia-Bacterial\Pneumonia-Bacterial (751).jpg,Pneumonia-Bacterial,train
C:\Users\Admin\Desktop\dataset train\Dataset\Normal\Normal (2196).jpg,Normal,train
C:\Users\Admin\Desktop\dataset train\Dataset\Pneumonia-Viral\Pneumonia-Viral (1285).jpg,Pneumonia-Viral,train
C:\Users\Admin\Desktop\dataset train\Dataset\Normal\Normal (2867).jpg,Normal,train
C:\Users\Admin\Desktop\dataset train\Dataset\Pneumonia-Viral\Pneumonia-Viral (269).jpg,Pneumonia-Viral,train
C:\Users\Admin\Desktop\dataset train\Dataset\Pneumonia-Bacterial\Pneumonia-Bacterial (2464).jpg,Pneumonia-Bacterial,train
C:\Users\Admin\Desktop\dataset train\Dataset\Normal\Normal (2214).jpg,Normal,train
C:\Users\Admin\Desktop\dataset train\Dataset\Pneumonia-Viral\Pneumonia-Viral (1226).jpg,Pneumonia-Viral,train
C:\Users\Admin\Desktop\dataset train\Dataset\Normal\Normal (637).jpg,Normal,train
C:\Users\Admin\Desktop\dataset train\Dataset\Pneumonia-Viral\Pneumonia-Viral (1613).jpg,Pneumonia-Viral,train
C:\Users\Admin\Desktop\dataset train\Dataset\COVID\COVID-19 (275).jpg,COVID,train
C:\Users\Admin\Desktop\dataset train\Dataset\Normal\Normal (2056).jpg,Normal,train
C:\Users\Admin\Desktop\dataset train\Dataset\Pneumonia-Bacterial\Pneumonia-Bacterial (2678).jpg,Pneumonia-Bacterial,train
C:\Users\Admin\Desktop\dataset train\Dataset\Normal\Normal (511).jpg,Normal,train
C:\Users\Admin\Desktop\dataset train\Dataset\Pneumonia-Viral\Pneumonia-Viral (1031).jpg,Pneumonia-Viral,train
C:\Users\Admin\Desktop\dataset train\Dataset\Normal\Normal (2524).jpg,Normal,train
C:\Users\Admin\Desktop\dataset train\Dataset\Pneumonia-Viral\Pneumonia-Viral (130).jpg,Pneumonia-Viral,train
C:\Users\Admin\Desktop\dataset train\Dataset\Pneumonia-Viral\Pneumonia-Viral (1213).jpg,Pneumonia-Viral,train
C:\Users\Admin\Desktop\dataset train\Dataset\Pneumonia-Bacterial\Pneumonia-Bacterial (1534).jpg,Pneumonia-Bacterial,train
C:\Users\Admin\Desktop\dataset train\Dataset\Normal\Normal (1196).jpg,Normal,train
C:\Users\Admin\Desktop\dataset train\Dataset\Normal\Normal (2724).jpg,Normal,train
C:\Users\Admin\Desktop\dataset train\Dataset\Pneumonia-Bacterial\Pneumonia-Bacterial (2426).jpg,Pneumonia-Bacterial,train
C:\Users\Admin\Desktop\dataset train\Dataset\Pneumonia-Bacterial\Pneumonia-Bacterial (1889).jpg,Pneumonia-Bacterial,train
C:\Users\Admin\Desktop\dataset train\Dataset\Pneumonia-Viral\Pneumonia-Viral (662).jpg,Pneumonia-Viral,train
C:\Users\Admin\Desktop\dataset train\Dataset\Pneumonia-Viral\Pneumonia-Viral (1558).jpg,Pneumonia-Viral,train
C:\Users\Admin\Desktop\dataset train\Dataset\Pneumonia-Bacterial\Pneumonia-Bacterial (543).jpg,Pneumonia-Bacterial,train
C:\Users\Admin\Desktop\dataset train\Dataset\Normal\Normal (986).jpg,Normal,train
C:\Users\Admin\Desktop\dataset train\Dataset\Pneumonia-Viral\Pneumonia-Viral (1251).jpg,Pneumonia-Viral,train
C:\Users\Admin\Desktop\dataset train\Dataset\Normal\Normal (931).jpg,Normal,train
C:\Users\Admin\Desktop\dataset train\Dataset\Normal\Normal (1752).jpg,Normal,train
C:\Users\Admin\Desktop\dataset train\Dataset\Normal\Normal (2065).jpg,Normal,train
C:\Users\Admin\Desktop\dataset train\Dataset\Pneumonia-Bacterial\Pneumonia-Bacterial (403).jpg,Pneumonia-Bacterial,train
C:\Users\Admin\Desktop\dataset train\Dataset\Pneumonia-Viral\Pneumonia-Viral (936).jpg,Pneumonia-Viral,train
C:\Users\Admin\Desktop\dataset train\Dataset\COVID\COVID-19 (336).jpg,COVID,train
C:\Users\Admin\Desktop\dataset train\Dataset\Pneumonia-Bacterial\Pneumonia-Bacterial (2354).jpg,Pneumonia-Bacterial,train
C:\Users\Admin\Desktop\dataset train\Dataset\Pneumonia-Bacterial\Pneumonia-Bacterial (2883).jpg,Pneumonia-Bacterial,train
C:\Users\Admin\Desktop\dataset train\Dataset\Pneumonia-Bacterial\Pneumonia-Bacterial (1175).jpg,Pneumonia-Bacterial,train
C:\Users\Admin\Desktop\dataset train\Dataset\Pneumonia-Bacterial\Pneumonia-Bacterial (1948).jpg,Pneumonia-Bacterial,train
C:\Users\Admin\Desktop\dataset train\Dataset\Pneumonia-Viral\Pneumonia-Viral (37).jpg,Pneumonia-Viral,train
C:\Users\Admin\Desktop\dataset train\Dataset\Normal\Normal (2032).jpg,Normal,train
C:\Users\Admin\Desktop\dataset train\Dataset\Pneumonia-Bacterial\Pneumonia-Bacterial (761).jpg,Pneumonia-Bacterial,train
C:\Users\Admin\Desktop\dataset train\Dataset\Pneumonia-Bacterial\Pneumonia-Bacterial (2008).jpg,Pneumonia-Bacterial,train
C:\Users\Admin\Desktop\dataset train\Dataset\Normal\Normal (1024).jpg,Normal,train
C:\Users\Admin\Desktop\dataset train\Dataset\Pneumonia-Viral\Pneumonia-Viral (372).jpg,Pneumonia-Viral,train
C:\Users\Admin\Desktop\dataset train\Dataset\Normal\Normal (1072).jpg,Normal,train
C:\Users\Admin\Desktop\dataset train\Dataset\Pneumonia-Viral\Pneumonia-Viral (470).jpg,Pneumonia-Viral,train
C:\Users\Admin\Desktop\dataset train\Dataset\Pneumonia-Bacterial\Pneumonia-Bacterial (206).jpg,Pneumonia-Bacterial,train
C:\Users\Admin\Desktop\dataset train\Dataset\Pneumonia-Bacterial\Pneumonia-Bacterial (1796).jpg,Pneumonia-Bacterial,train
C:\Users\Admin\Desktop\dataset train\Dataset\COVID\COVID-19 (14).jpg,COVID,train
C:\Users\Admin\Desktop\dataset train\Dataset\Normal\Normal (2712).jpg,Normal,train
C:\Users\Admin\Desktop\dataset train\Dataset\Normal\Normal (659).jpg,Normal,train
C:\Users\Admin\Desktop\dataset train\Dataset\Pneumonia-Viral\Pneumonia-Viral (579).jpg,Pneumonia-Viral,train
C:\Users\Admin\Desktop\dataset train\Dataset\COVID\COVID-19 (1140).jpg,COVID,train
C:\Users\Admin\Desktop\dataset train\Dataset\COVID\COVID-19 (387).jpg,COVID,train
C:\Users\Admin\Desktop\dataset train\Dataset\Normal\Normal (364).jpg,Normal,train
C:\Users\Admin\Desktop\dataset train\Dataset\Normal\Normal (768).jpg,Normal,train
C:\Users\Admin\Desktop\dataset train\Dataset\COVID\COVID-19 (190).jpg,COVID,train
C:\Users\Admin\Desktop\dataset train\Dataset\Pneumonia-Bacterial\Pneumonia-Bacterial (1968).jpg,Pneumonia-Bacterial,train
C:\Users\Admin\Desktop\dataset train\Dataset\Pneumonia-Bacterial\Pneumonia-Bacterial (1756).jpg,Pneumonia-Bacterial,train
C:\Users\Admin\Desktop\dataset train\Dataset\Pneumonia-Viral\Pneumonia-Viral (1201).jpg,Pneumonia-Viral,train
C:\Users\Admin\Desktop\dataset train\Dataset\Pneumonia-Viral\Pneumonia-Viral (1592).jpg,Pneumonia-Viral,train
C:\Users\Admin\Desktop\dataset train\Dataset\Pneumonia-Viral\Pneumonia-Viral (791).jpg,Pneumonia-Viral,train
C:\Users\Admin\Desktop\dataset train\Dataset\COVID\COVID-19 (1173).jpg,COVID,train
C:\Users\Admin\Desktop\dataset train\Dataset\Pneumonia-Bacterial\Pneumonia-Bacterial (2259).jpg,Pneumonia-Bacterial,train
C:\Users\Admin\Desktop\dataset train\Dataset\Pneumonia-Viral\Pneumonia-Viral (1030).jpg,Pneumonia-Viral,train
C:\Users\Admin\Desktop\dataset train\Dataset\Pneumonia-Viral\Pneumonia-Viral (536).jpg,Pneumonia-Viral,train
C:\Users\Admin\Desktop\dataset train\Dataset\Normal\Normal (635).jpg,Normal,train
C:\Users\Admin\Desktop\dataset train\Dataset\Normal\Normal (638).jpg,Normal,train
C:\Users\Admin\Desktop\dataset train\Dataset\Pneumonia-Viral\Pneumonia-Viral (1596).jpg,Pneumonia-Viral,train
C:\Users\Admin\Desktop\dataset train\Dataset\Pneumonia-Bacterial\Pneumonia-Bacterial (1453).jpg,Pneumonia-Bacterial,train
C:\Users\Admin\Desktop\dataset train\Dataset\Pneumonia-Viral\Pneumonia-Viral (698).jpg,Pneumonia-Viral,train
C:\Users\Admin\Desktop\dataset train\Dataset\Pneumonia-Bacterial\Pneumonia-Bacterial (608).jpg,Pneumonia-Bacterial,train
C:\Users\Admin\Desktop\dataset train\Dataset\Normal\Normal (2757).jpg,Normal,train
C:\Users\Admin\Desktop\dataset train\Dataset\Pneumonia-Bacterial\Pneumonia-Bacterial (1018).jpg,Pneumonia-Bacterial,train
C:\Users\Admin\Desktop\dataset train\Dataset\Normal\Normal (656).jpg,Normal,train
C:\Users\Admin\Desktop\dataset train\Dataset\COVID\COVID-19 (469).jpg,COVID,train
C:\Users\Admin\Desktop\dataset train\Dataset\Pneumonia-Bacterial\Pneumonia-Bacterial (455).jpg,Pneumonia-Bacterial,train
C:\Users\Admin\Desktop\dataset train\Dataset\Pneumonia-Bacterial\Pneumonia-Bacterial (2340).jpg,Pneumonia-Bacterial,train
C:\Users\Admin\Desktop\dataset train\Dataset\Pneumonia-Bacterial\Pneumonia-Bacterial (1189).jpg,Pneumonia-Bacterial,train
C:\Users\Admin\Desktop\dataset train\Dataset\Pneumonia-Bacterial\Pneumonia-Bacterial (387).jpg,Pneumonia-Bacterial,train
C:\Users\Admin\Desktop\dataset train\Dataset\Normal\Normal (1051).jpg,Normal,train
C:\Users\Admin\Desktop\dataset train\Dataset\Pneumonia-Bacterial\Pneumonia-Bacterial (1503).jpg,Pneumonia-Bacterial,train
C:\Users\Admin\Desktop\dataset train\Dataset\Pneumonia-Viral\Pneumonia-Viral (782).jpg,Pneumonia-Viral,train
C:\Users\Admin\Desktop\dataset train\Dataset\Pneumonia-Viral\Pneumonia-Viral (1595).jpg,Pneumonia-Viral,train
C:\Users\Admin\Desktop\dataset train\Dataset\COVID\COVID-19 (145).jpg,COVID,train
C:\Users\Admin\Desktop\dataset train\Dataset\Normal\Normal (2306).jpg,Normal,train
C:\Users\Admin\Desktop\dataset train\Dataset\Pneumonia-Bacterial\Pneumonia-Bacterial (1226).jpg,Pneumonia-Bacterial,train
C:\Users\Admin\Desktop\dataset train\Dataset\Pneumonia-Bacterial\Pneumonia-Bacterial (133).jpg,Pneumonia-Bacterial,train
C:\Users\Admin\Desktop\dataset train\Dataset\Pneumonia-Bacterial\Pneumonia-Bacterial (1743).jpg,Pneumonia-Bacterial,train
C:\Users\Admin\Desktop\dataset train\Dataset\Pneumonia-Viral\Pneumonia-Viral (342).jpg,Pneumonia-Viral,train
C:\Users\Admin\Desktop\dataset train\Dataset\Normal\Normal (1733).jpg,Normal,train
C:\Users\Admin\Desktop\dataset train\Dataset\Pneumonia-Viral\Pneumonia-Viral (1022).jpg,Pneumonia-Viral,train
C:\Users\Admin\Desktop\dataset train\Dataset\Normal\Normal (1132).jpg,Normal,train
C:\Users\Admin\Desktop\dataset train\Dataset\Pneumonia-Bacterial\Pneumonia-Bacterial (2545).jpg,Pneumonia-Bacterial,train
C:\Users\Admin\Desktop\dataset train\Dataset\Pneumonia-Bacterial\Pneumonia-Bacterial (643).jpg,Pneumonia-Bacterial,train
C:\Users\Admin\Desktop\dataset train\Dataset\Normal\Normal (2957).jpg,Normal,train
C:\Users\Admin\Desktop\dataset train\Dataset\Normal\Normal (1991).jpg,Normal,train
C:\Users\Admin\Desktop\dataset train\Dataset\Normal\Normal (3199).jpg,Normal,train
C:\Users\Admin\Desktop\dataset train\Dataset\Normal\Normal (1817).jpg,Normal,train
C:\Users\Admin\Desktop\dataset train\Dataset\Pneumonia-Bacterial\Pneumonia-Bacterial (1413).jpg,Pneumonia-Bacterial,train
C:\Users\Admin\Desktop\dataset train\Dataset\Normal\Normal (3011).jpg,Normal,train
C:\Users\Admin\Desktop\dataset train\Dataset\Pneumonia-Bacterial\Pneumonia-Bacterial (956).jpg,Pneumonia-Bacterial,train
C:\Users\Admin\Desktop\dataset train\Dataset\Pneumonia-Bacterial\Pneumonia-Bacterial (2317).jpg,Pneumonia-Bacterial,train
C:\Users\Admin\Desktop\dataset train\Dataset\Pneumonia-Viral\Pneumonia-Viral (774).jpg,Pneumonia-Viral,train
C:\Users\Admin\Desktop\dataset train\Dataset\Pneumonia-Bacterial\Pneumonia-Bacterial (2299).jpg,Pneumonia-Bacterial,train
C:\Users\Admin\Desktop\dataset train\Dataset\Pneumonia-Bacterial\Pneumonia-Bacterial (1372).jpg,Pneumonia-Bacterial,train
C:\Users\Admin\Desktop\dataset train\Dataset\Pneumonia-Bacterial\Pneumonia-Bacterial (969).jpg,Pneumonia-Bacterial,train
C:\Users\Admin\Desktop\dataset train\Dataset\Normal\Normal (250).jpg,Normal,train
C:\Users\Admin\Desktop\dataset train\Dataset\Pneumonia-Viral\Pneumonia-Viral (26).jpg,Pneumonia-Viral,train
C:\Users\Admin\Desktop\dataset train\Dataset\Pneumonia-Viral\Pneumonia-Viral (1515).jpg,Pneumonia-Viral,train
C:\Users\Admin\Desktop\dataset train\Dataset\Normal\Normal (2167).jpg,Normal,train
C:\Users\Admin\Desktop\dataset train\Dataset\Pneumonia-Bacterial\Pneumonia-Bacterial (1357).jpg,Pneumonia-Bacterial,train
C:\Users\Admin\Desktop\dataset train\Dataset\Pneumonia-Viral\Pneumonia-Viral (367).jpg,Pneumonia-Viral,train
C:\Users\Admin\Desktop\dataset train\Dataset\Normal\Normal (2749).jpg,Normal,train
C:\Users\Admin\Desktop\dataset train\Dataset\Pneumonia-Viral\Pneumonia-Viral (827).jpg,Pneumonia-Viral,train
C:\Users\Admin\Desktop\dataset train\Dataset\Pneumonia-Viral\Pneumonia-Viral (290).jpg,Pneumonia-Viral,train
C:\Users\Admin\Desktop\dataset train\Dataset\Pneumonia-Bacterial\Pneumonia-Bacterial (2965).jpg,Pneumonia-Bacterial,train
C:\Users\Admin\Desktop\dataset train\Dataset\COVID\COVID-19 (889).jpg,COVID,train
C:\Users\Admin\Desktop\dataset train\Dataset\Normal\Normal (622).jpg,Normal,train
C:\Users\Admin\Desktop\dataset train\Dataset\COVID\COVID-19 (785).jpg,COVID,train
C:\Users\Admin\Desktop\dataset train\Dataset\Pneumonia-Bacterial\Pneumonia-Bacterial (2398).jpg,Pneumonia-Bacterial,train
C:\Users\Admin\Desktop\dataset train\Dataset\Pneumonia-Viral\Pneumonia-Viral (859).jpg,Pneumonia-Viral,train
C:\Users\Admin\Desktop\dataset train\Dataset\Pneumonia-Viral\Pneumonia-Viral (535).jpg,Pneumonia-Viral,train
C:\Users\Admin\Desktop\dataset train\Dataset\Normal\Normal (1581).jpg,Normal,train
C:\Users\Admin\Desktop\dataset train\Dataset\Normal\Normal (3170).jpg,Normal,train
C:\Users\Admin\Desktop\dataset train\Dataset\Pneumonia-Viral\Pneumonia-Viral (792).jpg,Pneumonia-Viral,train
C:\Users\Admin\Desktop\dataset train\Dataset\Pneumonia-Bacterial\Pneumonia-Bacterial (408).jpg,Pneumonia-Bacterial,train
C:\Users\Admin\Desktop\dataset train\Dataset\Normal\Normal (694).jpg,Normal,train
C:\Users\Admin\Desktop\dataset train\Dataset\Pneumonia-Bacterial\Pneumonia-Bacterial (61).jpg,Pneumonia-Bacterial,train
C:\Users\Admin\Desktop\dataset train\Dataset\Normal\Normal (122).jpg,Normal,train
C:\Users\Admin\Desktop\dataset train\Dataset\Normal\Normal (1440).jpg,Normal,train
C:\Users\Admin\Desktop\dataset train\Dataset\Normal\Normal (47).jpg,Normal,train
C:\Users\Admin\Desktop\dataset train\Dataset\Pneumonia-Viral\Pneumonia-Viral (1228).jpg,Pneumonia-Viral,train
C:\Users\Admin\Desktop\dataset train\Dataset\Pneumonia-Bacterial\Pneumonia-Bacterial (1061).jpg,Pneumonia-Bacterial,train
C:\Users\Admin\Desktop\dataset train\Dataset\COVID\COVID-19 (384).jpg,COVID,train
C:\Users\Admin\Desktop\dataset train\Dataset\Normal\Normal (721).jpg,Normal,train
C:\Users\Admin\Desktop\dataset train\Dataset\COVID\COVID-19 (400).jpg,COVID,train
C:\Users\Admin\Desktop\dataset train\Dataset\Pneumonia-Viral\Pneumonia-Viral (1061).jpg,Pneumonia-Viral,train
C:\Users\Admin\Desktop\dataset train\Dataset\Normal\Normal (1541).jpg,Normal,train
C:\Users\Admin\Desktop\dataset train\Dataset\COVID\COVID-19 (380).jpg,COVID,train
C:\Users\Admin\Desktop\dataset train\Dataset\Pneumonia-Bacterial\Pneumonia-Bacterial (1732).jpg,Pneumonia-Bacterial,train
C:\Users\Admin\Desktop\dataset train\Dataset\Pneumonia-Viral\Pneumonia-Viral (87).jpg,Pneumonia-Viral,train
C:\Users\Admin\Desktop\dataset train\Dataset\Pneumonia-Bacterial\Pneumonia-Bacterial (2451).jpg,Pneumonia-Bacterial,train
C:\Users\Admin\Desktop\dataset train\Dataset\Pneumonia-Viral\Pneumonia-Viral (576).jpg,Pneumonia-Viral,train
C:\Users\Admin\Desktop\dataset train\Dataset\Normal\Normal (154).jpg,Normal,train
C:\Users\Admin\Desktop\dataset train\Dataset\COVID\COVID-19 (1000).jpg,COVID,train
C:\Users\Admin\Desktop\dataset train\Dataset\Pneumonia-Bacterial\Pneumonia-Bacterial (715).jpg,Pneumonia-Bacterial,train
C:\Users\Admin\Desktop\dataset train\Dataset\Pneumonia-Bacterial\Pneumonia-Bacterial (594).jpg,Pneumonia-Bacterial,train
C:\Users\Admin\Desktop\dataset train\Dataset\Normal\Normal (188).jpg,Normal,train
C:\Users\Admin\Desktop\dataset train\Dataset\Pneumonia-Bacterial\Pneumonia-Bacterial (2989).jpg,Pneumonia-Bacterial,train
C:\Users\Admin\Desktop\dataset train\Dataset\Pneumonia-Viral\Pneumonia-Viral (938).jpg,Pneumonia-Viral,train
C:\Users\Admin\Desktop\dataset train\Dataset\Pneumonia-Bacterial\Pneumonia-Bacterial (1102).jpg,Pneumonia-Bacterial,train
C:\Users\Admin\Desktop\dataset train\Dataset\Normal\Normal (1688).jpg,Normal,train
C:\Users\Admin\Desktop\dataset train\Dataset\Normal\Normal (267).jpg,Normal,train
C:\Users\Admin\Desktop\dataset train\Dataset\Normal\Normal (210).jpg,Normal,train
C:\Users\Admin\Desktop\dataset train\Dataset\Pneumonia-Bacterial\Pneumonia-Bacterial (36).jpg,Pneumonia-Bacterial,train
C:\Users\Admin\Desktop\dataset train\Dataset\Normal\Normal (1508).jpg,Normal,train
C:\Users\Admin\Desktop\dataset train\Dataset\Normal\Normal (1182).jpg,Normal,train
C:\Users\Admin\Desktop\dataset train\Dataset\Pneumonia-Bacterial\Pneumonia-Bacterial (2864).jpg,Pneumonia-Bacterial,train
C:\Users\Admin\Desktop\dataset train\Dataset\Pneumonia-Bacterial\Pneumonia-Bacterial (2138).jpg,Pneumonia-Bacterial,train
C:\Users\Admin\Desktop\dataset train\Dataset\Pneumonia-Viral\Pneumonia-Viral (477).jpg,Pneumonia-Viral,train
C:\Users\Admin\Desktop\dataset train\Dataset\Normal\Normal (3056).jpg,Normal,train
C:\Users\Admin\Desktop\dataset train\Dataset\Pneumonia-Bacterial\Pneumonia-Bacterial (2402).jpg,Pneumonia-Bacterial,train
C:\Users\Admin\Desktop\dataset train\Dataset\Pneumonia-Viral\Pneumonia-Viral (1337).jpg,Pneumonia-Viral,train
C:\Users\Admin\Desktop\dataset train\Dataset\Normal\Normal (2421).jpg,Normal,train
C:\Users\Admin\Desktop\dataset train\Dataset\Normal\Normal (1499).jpg,Normal,train
C:\Users\Admin\Desktop\dataset train\Dataset\Pneumonia-Bacterial\Pneumonia-Bacterial (2431).jpg,Pneumonia-Bacterial,train
C:\Users\Admin\Desktop\dataset train\Dataset\COVID\COVID-19 (577).jpg,COVID,train
C:\Users\Admin\Desktop\dataset train\Dataset\Normal\Normal (1198).jpg,Normal,train
C:\Users\Admin\Desktop\dataset train\Dataset\Pneumonia-Viral\Pneumonia-Viral (657).jpg,Pneumonia-Viral,train
C:\Users\Admin\Desktop\dataset train\Dataset\Pneumonia-Bacterial\Pneumonia-Bacterial (1923).jpg,Pneumonia-Bacterial,train
C:\Users\Admin\Desktop\dataset train\Dataset\Pneumonia-Bacterial\Pneumonia-Bacterial (2834).jpg,Pneumonia-Bacterial,train
C:\Users\Admin\Desktop\dataset train\Dataset\Normal\Normal (388).jpg,Normal,train
C:\Users\Admin\Desktop\dataset train\Dataset\Pneumonia-Viral\Pneumonia-Viral (1198).jpg,Pneumonia-Viral,train
C:\Users\Admin\Desktop\dataset train\Dataset\Pneumonia-Bacterial\Pneumonia-Bacterial (2627).jpg,Pneumonia-Bacterial,train
C:\Users\Admin\Desktop\dataset train\Dataset\Pneumonia-Bacterial\Pneumonia-Bacterial (1533).jpg,Pneumonia-Bacterial,train
C:\Users\Admin\Desktop\dataset train\Dataset\Pneumonia-Bacterial\Pneumonia-Bacterial (1790).jpg,Pneumonia-Bacterial,train
C:\Users\Admin\Desktop\dataset train\Dataset\COVID\COVID-19 (225).jpg,COVID,train
C:\Users\Admin\Desktop\dataset train\Dataset\COVID\COVID-19 (457).jpg,COVID,train
C:\Users\Admin\Desktop\dataset train\Dataset\Pneumonia-Bacterial\Pneumonia-Bacterial (1802).jpg,Pneumonia-Bacterial,train
C:\Users\Admin\Desktop\dataset train\Dataset\Pneumonia-Bacterial\Pneumonia-Bacterial (113).jpg,Pneumonia-Bacterial,train
C:\Users\Admin\Desktop\dataset train\Dataset\Pneumonia-Viral\Pneumonia-Viral (670).jpg,Pneumonia-Viral,train
C:\Users\Admin\Desktop\dataset train\Dataset\Pneumonia-Bacterial\Pneumonia-Bacterial (235).jpg,Pneumonia-Bacterial,train
C:\Users\Admin\Desktop\dataset train\Dataset\Normal\Normal (44).jpg,Normal,train
C:\Users\Admin\Desktop\dataset train\Dataset\Normal\Normal (2863).jpg,Normal,train
C:\Users\Admin\Desktop\dataset train\Dataset\COVID\COVID-19 (250).jpg,COVID,train
C:\Users\Admin\Desktop\dataset train\Dataset\Pneumonia-Viral\Pneumonia-Viral (882).jpg,Pneumonia-Viral,train
C:\Users\Admin\Desktop\dataset train\Dataset\Pneumonia-Viral\Pneumonia-Viral (466).jpg,Pneumonia-Viral,train
C:\Users\Admin\Desktop\dataset train\Dataset\Normal\Normal (398).jpg,Normal,train
C:\Users\Admin\Desktop\dataset train\Dataset\Pneumonia-Viral\Pneumonia-Viral (127).jpg,Pneumonia-Viral,train
C:\Users\Admin\Desktop\dataset train\Dataset\COVID\COVID-19 (173).jpg,COVID,train
C:\Users\Admin\Desktop\dataset train\Dataset\Pneumonia-Bacterial\Pneumonia-Bacterial (1215).jpg,Pneumonia-Bacterial,train
C:\Users\Admin\Desktop\dataset train\Dataset\Pneumonia-Viral\Pneumonia-Viral (864).jpg,Pneumonia-Viral,train
C:\Users\Admin\Desktop\dataset train\Dataset\COVID\COVID-19 (839).jpg,COVID,train
C:\Users\Admin\Desktop\dataset train\Dataset\Pneumonia-Bacterial\Pneumonia-Bacterial (1227).jpg,Pneumonia-Bacterial,train
C:\Users\Admin\Desktop\dataset train\Dataset\COVID\COVID-19 (748).jpg,COVID,train
C:\Users\Admin\Desktop\dataset train\Dataset\Pneumonia-Bacterial\Pneumonia-Bacterial (2996).jpg,Pneumonia-Bacterial,train
C:\Users\Admin\Desktop\dataset train\Dataset\Pneumonia-Bacterial\Pneumonia-Bacterial (448).jpg,Pneumonia-Bacterial,train
C:\Users\Admin\Desktop\dataset train\Dataset\Normal\Normal (652).jpg,Normal,train
C:\Users\Admin\Desktop\dataset train\Dataset\Normal\Normal (1096).jpg,Normal,train
C:\Users\Admin\Desktop\dataset train\Dataset\Pneumonia-Viral\Pneumonia-Viral (840).jpg,Pneumonia-Viral,train
C:\Users\Admin\Desktop\dataset train\Dataset\Normal\Normal (1682).jpg,Normal,train
C:\Users\Admin\Desktop\dataset train\Dataset\Pneumonia-Viral\Pneumonia-Viral (340).jpg,Pneumonia-Viral,train
C:\Users\Admin\Desktop\dataset train\Dataset\Pneumonia-Viral\Pneumonia-Viral (6).jpg,Pneumonia-Viral,train
C:\Users\Admin\Desktop\dataset train\Dataset\Normal\Normal (2812).jpg,Normal,train
C:\Users\Admin\Desktop\dataset train\Dataset\Normal\Normal (407).jpg,Normal,train
C:\Users\Admin\Desktop\dataset train\Dataset\Pneumonia-Viral\Pneumonia-Viral (1119).jpg,Pneumonia-Viral,train
C:\Users\Admin\Desktop\dataset train\Dataset\Normal\Normal (1879).jpg,Normal,train
C:\Users\Admin\Desktop\dataset train\Dataset\Pneumonia-Viral\Pneumonia-Viral (17).jpg,Pneumonia-Viral,train
C:\Users\Admin\Desktop\dataset train\Dataset\Normal\Normal (3065).jpg,Normal,train
C:\Users\Admin\Desktop\dataset train\Dataset\Pneumonia-Bacterial\Pneumonia-Bacterial (1193).jpg,Pneumonia-Bacterial,train
C:\Users\Admin\Desktop\dataset train\Dataset\Normal\Normal (1130).jpg,Normal,train
C:\Users\Admin\Desktop\dataset train\Dataset\COVID\COVID-19 (758).jpg,COVID,train
C:\Users\Admin\Desktop\dataset train\Dataset\Normal\Normal (294).jpg,Normal,train
C:\Users\Admin\Desktop\dataset train\Dataset\Pneumonia-Viral\Pneumonia-Viral (314).jpg,Pneumonia-Viral,train
C:\Users\Admin\Desktop\dataset train\Dataset\Pneumonia-Bacterial\Pneumonia-Bacterial (1671).jpg,Pneumonia-Bacterial,train
C:\Users\Admin\Desktop\dataset train\Dataset\Pneumonia-Bacterial\Pneumonia-Bacterial (1434).jpg,Pneumonia-Bacterial,train
C:\Users\Admin\Desktop\dataset train\Dataset\COVID\COVID-19 (827).jpg,COVID,train
C:\Users\Admin\Desktop\dataset train\Dataset\Pneumonia-Viral\Pneumonia-Viral (1202).jpg,Pneumonia-Viral,train
C:\Users\Admin\Desktop\dataset train\Dataset\Pneumonia-Bacterial\Pneumonia-Bacterial (2800).jpg,Pneumonia-Bacterial,train
C:\Users\Admin\Desktop\dataset train\Dataset\Pneumonia-Viral\Pneumonia-Viral (400).jpg,Pneumonia-Viral,train
C:\Users\Admin\Desktop\dataset train\Dataset\Normal\Normal (2170).jpg,Normal,train
C:\Users\Admin\Desktop\dataset train\Dataset\Pneumonia-Bacterial\Pneumonia-Bacterial (1955).jpg,Pneumonia-Bacterial,train
C:\Users\Admin\Desktop\dataset train\Dataset\COVID\COVID-19 (1120).jpg,COVID,train
C:\Users\Admin\Desktop\dataset train\Dataset\Pneumonia-Bacterial\Pneumonia-Bacterial (650).jpg,Pneumonia-Bacterial,train
C:\Users\Admin\Desktop\dataset train\Dataset\Pneumonia-Viral\Pneumonia-Viral (1217).jpg,Pneumonia-Viral,train
C:\Users\Admin\Desktop\dataset train\Dataset\Pneumonia-Viral\Pneumonia-Viral (748).jpg,Pneumonia-Viral,train
C:\Users\Admin\Desktop\dataset train\Dataset\COVID\COVID-19 (188).jpg,COVID,train
C:\Users\Admin\Desktop\dataset train\Dataset\COVID\COVID-19 (230).jpg,COVID,train
C:\Users\Admin\Desktop\dataset train\Dataset\Pneumonia-Viral\Pneumonia-Viral (471).jpg,Pneumonia-Viral,train
C:\Users\Admin\Desktop\dataset train\Dataset\Normal\Normal (1309).jpg,Normal,train
C:\Users\Admin\Desktop\dataset train\Dataset\Normal\Normal (1128).jpg,Normal,train
C:\Users\Admin\Desktop\dataset train\Dataset\Pneumonia-Viral\Pneumonia-Viral (501).jpg,Pneumonia-Viral,train
C:\Users\Admin\Desktop\dataset train\Dataset\Pneumonia-Bacterial\Pneumonia-Bacterial (1338).jpg,Pneumonia-Bacterial,train
C:\Users\Admin\Desktop\dataset train\Dataset\Normal\Normal (1220).jpg,Normal,train
C:\Users\Admin\Desktop\dataset train\Dataset\Pneumonia-Bacterial\Pneumonia-Bacterial (839).jpg,Pneumonia-Bacterial,train
C:\Users\Admin\Desktop\dataset train\Dataset\Pneumonia-Viral\Pneumonia-Viral (307).jpg,Pneumonia-Viral,train
C:\Users\Admin\Desktop\dataset train\Dataset\Pneumonia-Bacterial\Pneumonia-Bacterial (2167).jpg,Pneumonia-Bacterial,train
C:\Users\Admin\Desktop\dataset train\Dataset\Normal\Normal (1633).jpg,Normal,train
C:\Users\Admin\Desktop\dataset train\Dataset\Pneumonia-Viral\Pneumonia-Viral (1259).jpg,Pneumonia-Viral,train
C:\Users\Admin\Desktop\dataset train\Dataset\Pneumonia-Bacterial\Pneumonia-Bacterial (735).jpg,Pneumonia-Bacterial,train
C:\Users\Admin\Desktop\dataset train\Dataset\Pneumonia-Bacterial\Pneumonia-Bacterial (597).jpg,Pneumonia-Bacterial,train
C:\Users\Admin\Desktop\dataset train\Dataset\Pneumonia-Bacterial\Pneumonia-Bacterial (2327).jpg,Pneumonia-Bacterial,train
C:\Users\Admin\Desktop\dataset train\Dataset\Pneumonia-Viral\Pneumonia-Viral (534).jpg,Pneumonia-Viral,train
C:\Users\Admin\Desktop\dataset train\Dataset\Normal\Normal (2343).jpg,Normal,train
C:\Users\Admin\Desktop\dataset train\Dataset\Normal\Normal (1769).jpg,Normal,train
C:\Users\Admin\Desktop\dataset train\Dataset\Normal\Normal (1435).jpg,Normal,train
C:\Users\Admin\Desktop\dataset train\Dataset\Pneumonia-Viral\Pneumonia-Viral (798).jpg,Pneumonia-Viral,train
C:\Users\Admin\Desktop\dataset train\Dataset\COVID\COVID-19 (1095).jpg,COVID,train
C:\Users\Admin\Desktop\dataset train\Dataset\Pneumonia-Viral\Pneumonia-Viral (929).jpg,Pneumonia-Viral,train
C:\Users\Admin\Desktop\dataset train\Dataset\Normal\Normal (2098).jpg,Normal,train
C:\Users\Admin\Desktop\dataset train\Dataset\Normal\Normal (750).jpg,Normal,train
C:\Users\Admin\Desktop\dataset train\Dataset\Normal\Normal (1687).jpg,Normal,train
C:\Users\Admin\Desktop\dataset train\Dataset\Pneumonia-Bacterial\Pneumonia-Bacterial (2588).jpg,Pneumonia-Bacterial,train
C:\Users\Admin\Desktop\dataset train\Dataset\COVID\COVID-19 (161).jpg,COVID,train
C:\Users\Admin\Desktop\dataset train\Dataset\Normal\Normal (818).jpg,Normal,train
C:\Users\Admin\Desktop\dataset train\Dataset\Pneumonia-Bacterial\Pneumonia-Bacterial (2361).jpg,Pneumonia-Bacterial,train
C:\Users\Admin\Desktop\dataset train\Dataset\Normal\Normal (3045).jpg,Normal,train
C:\Users\Admin\Desktop\dataset train\Dataset\Normal\Normal (1602).jpg,Normal,train
C:\Users\Admin\Desktop\dataset train\Dataset\Normal\Normal (2783).jpg,Normal,train
C:\Users\Admin\Desktop\dataset train\Dataset\Normal\Normal (2146).jpg,Normal,train
C:\Users\Admin\Desktop\dataset train\Dataset\Pneumonia-Bacterial\Pneumonia-Bacterial (1013).jpg,Pneumonia-Bacterial,train
C:\Users\Admin\Desktop\dataset train\Dataset\Pneumonia-Bacterial\Pneumonia-Bacterial (1383).jpg,Pneumonia-Bacterial,train
C:\Users\Admin\Desktop\dataset train\Dataset\Pneumonia-Bacterial\Pneumonia-Bacterial (635).jpg,Pneumonia-Bacterial,train
C:\Users\Admin\Desktop\dataset train\Dataset\COVID\COVID-19 (717).jpg,COVID,train
C:\Users\Admin\Desktop\dataset train\Dataset\Normal\Normal (24).jpg,Normal,train
C:\Users\Admin\Desktop\dataset train\Dataset\Pneumonia-Bacterial\Pneumonia-Bacterial (662).jpg,Pneumonia-Bacterial,train
C:\Users\Admin\Desktop\dataset train\Dataset\Pneumonia-Viral\Pneumonia-Viral (1262).jpg,Pneumonia-Viral,train
C:\Users\Admin\Desktop\dataset train\Dataset\Pneumonia-Bacterial\Pneumonia-Bacterial (850).jpg,Pneumonia-Bacterial,train
C:\Users\Admin\Desktop\dataset train\Dataset\Normal\Normal (707).jpg,Normal,train
C:\Users\Admin\Desktop\dataset train\Dataset\COVID\COVID-19 (1083).jpg,COVID,train
C:\Users\Admin\Desktop\dataset train\Dataset\Pneumonia-Viral\Pneumonia-Viral (281).jpg,Pneumonia-Viral,train
C:\Users\Admin\Desktop\dataset train\Dataset\Pneumonia-Bacterial\Pneumonia-Bacterial (1047).jpg,Pneumonia-Bacterial,train
C:\Users\Admin\Desktop\dataset train\Dataset\COVID\COVID-19 (482).jpg,COVID,train
C:\Users\Admin\Desktop\dataset train\Dataset\Normal\Normal (336).jpg,Normal,train
C:\Users\Admin\Desktop\dataset train\Dataset\COVID\COVID-19 (266).jpg,COVID,train
C:\Users\Admin\Desktop\dataset train\Dataset\Normal\Normal (2081).jpg,Normal,train
C:\Users\Admin\Desktop\dataset train\Dataset\Pneumonia-Viral\Pneumonia-Viral (463).jpg,Pneumonia-Viral,train
C:\Users\Admin\Desktop\dataset train\Dataset\Pneumonia-Viral\Pneumonia-Viral (1091).jpg,Pneumonia-Viral,train
C:\Users\Admin\Desktop\dataset train\Dataset\Normal\Normal (3143).jpg,Normal,train
C:\Users\Admin\Desktop\dataset train\Dataset\Pneumonia-Bacterial\Pneumonia-Bacterial (2902).jpg,Pneumonia-Bacterial,train
C:\Users\Admin\Desktop\dataset train\Dataset\Pneumonia-Bacterial\Pneumonia-Bacterial (2781).jpg,Pneumonia-Bacterial,train
C:\Users\Admin\Desktop\dataset train\Dataset\Normal\Normal (1243).jpg,Normal,train
C:\Users\Admin\Desktop\dataset train\Dataset\COVID\COVID-19 (280).jpg,COVID,train
C:\Users\Admin\Desktop\dataset train\Dataset\Normal\Normal (678).jpg,Normal,train
C:\Users\Admin\Desktop\dataset train\Dataset\Pneumonia-Bacterial\Pneumonia-Bacterial (2726).jpg,Pneumonia-Bacterial,train
C:\Users\Admin\Desktop\dataset train\Dataset\COVID\COVID-19 (1265).jpg,COVID,train
C:\Users\Admin\Desktop\dataset train\Dataset\Pneumonia-Viral\Pneumonia-Viral (632).jpg,Pneumonia-Viral,train
C:\Users\Admin\Desktop\dataset train\Dataset\COVID\COVID-19 (498).jpg,COVID,train
C:\Users\Admin\Desktop\dataset train\Dataset\Normal\Normal (2776).jpg,Normal,train
C:\Users\Admin\Desktop\dataset train\Dataset\COVID\COVID-19 (898).jpg,COVID,train
C:\Users\Admin\Desktop\dataset train\Dataset\Normal\Normal (1009).jpg,Normal,train
C:\Users\Admin\Desktop\dataset train\Dataset\Normal\Normal (1125).jpg,Normal,train
C:\Users\Admin\Desktop\dataset train\Dataset\Pneumonia-Bacterial\Pneumonia-Bacterial (1655).jpg,Pneumonia-Bacterial,train
C:\Users\Admin\Desktop\dataset train\Dataset\Normal\Normal (588).jpg,Normal,train
C:\Users\Admin\Desktop\dataset train\Dataset\Pneumonia-Bacterial\Pneumonia-Bacterial (550).jpg,Pneumonia-Bacterial,train
C:\Users\Admin\Desktop\dataset train\Dataset\Pneumonia-Viral\Pneumonia-Viral (278).jpg,Pneumonia-Viral,train
C:\Users\Admin\Desktop\dataset train\Dataset\Normal\Normal (2067).jpg,Normal,train
C:\Users\Admin\Desktop\dataset train\Dataset\Pneumonia-Bacterial\Pneumonia-Bacterial (1310).jpg,Pneumonia-Bacterial,train
C:\Users\Admin\Desktop\dataset train\Dataset\Pneumonia-Bacterial\Pneumonia-Bacterial (2463).jpg,Pneumonia-Bacterial,train
C:\Users\Admin\Desktop\dataset train\Dataset\Normal\Normal (2912).jpg,Normal,train
C:\Users\Admin\Desktop\dataset train\Dataset\Pneumonia-Bacterial\Pneumonia-Bacterial (1089).jpg,Pneumonia-Bacterial,train
C:\Users\Admin\Desktop\dataset train\Dataset\Pneumonia-Bacterial\Pneumonia-Bacterial (2923).jpg,Pneumonia-Bacterial,train
C:\Users\Admin\Desktop\dataset train\Dataset\COVID\COVID-19 (990).jpg,COVID,train
C:\Users\Admin\Desktop\dataset train\Dataset\COVID\COVID-19 (430).jpg,COVID,train
C:\Users\Admin\Desktop\dataset train\Dataset\COVID\COVID-19 (1122).jpg,COVID,train
C:\Users\Admin\Desktop\dataset train\Dataset\Normal\Normal (2333).jpg,Normal,train
C:\Users\Admin\Desktop\dataset train\Dataset\Pneumonia-Viral\Pneumonia-Viral (257).jpg,Pneumonia-Viral,train
C:\Users\Admin\Desktop\dataset train\Dataset\Pneumonia-Bacterial\Pneumonia-Bacterial (2622).jpg,Pneumonia-Bacterial,train
C:\Users\Admin\Desktop\dataset train\Dataset\Normal\Normal (371).jpg,Normal,train
C:\Users\Admin\Desktop\dataset train\Dataset\Pneumonia-Bacterial\Pneumonia-Bacterial (1260).jpg,Pneumonia-Bacterial,train
C:\Users\Admin\Desktop\dataset train\Dataset\Normal\Normal (1088).jpg,Normal,train
C:\Users\Admin\Desktop\dataset train\Dataset\Normal\Normal (1810).jpg,Normal,train
C:\Users\Admin\Desktop\dataset train\Dataset\Pneumonia-Viral\Pneumonia-Viral (1045).jpg,Pneumonia-Viral,train
C:\Users\Admin\Desktop\dataset train\Dataset\COVID\COVID-19 (812).jpg,COVID,train
C:\Users\Admin\Desktop\dataset train\Dataset\Normal\Normal (2582).jpg,Normal,train
C:\Users\Admin\Desktop\dataset train\Dataset\Pneumonia-Bacterial\Pneumonia-Bacterial (2886).jpg,Pneumonia-Bacterial,train
C:\Users\Admin\Desktop\dataset train\Dataset\Normal\Normal (2905).jpg,Normal,train
C:\Users\Admin\Desktop\dataset train\Dataset\Pneumonia-Viral\Pneumonia-Viral (1565).jpg,Pneumonia-Viral,train
C:\Users\Admin\Desktop\dataset train\Dataset\Pneumonia-Bacterial\Pneumonia-Bacterial (1952).jpg,Pneumonia-Bacterial,train
C:\Users\Admin\Desktop\dataset train\Dataset\Normal\Normal (906).jpg,Normal,train
C:\Users\Admin\Desktop\dataset train\Dataset\Pneumonia-Bacterial\Pneumonia-Bacterial (1724).jpg,Pneumonia-Bacterial,train
C:\Users\Admin\Desktop\dataset train\Dataset\Pneumonia-Bacterial\Pneumonia-Bacterial (2023).jpg,Pneumonia-Bacterial,train
C:\Users\Admin\Desktop\dataset train\Dataset\Normal\Normal (689).jpg,Normal,train
C:\Users\Admin\Desktop\dataset train\Dataset\Pneumonia-Bacterial\Pneumonia-Bacterial (1269).jpg,Pneumonia-Bacterial,train
C:\Users\Admin\Desktop\dataset train\Dataset\Normal\Normal (827).jpg,Normal,train
C:\Users\Admin\Desktop\dataset train\Dataset\Pneumonia-Bacterial\Pneumonia-Bacterial (828).jpg,Pneumonia-Bacterial,train
C:\Users\Admin\Desktop\dataset train\Dataset\Normal\Normal (1593).jpg,Normal,train
C:\Users\Admin\Desktop\dataset train\Dataset\Pneumonia-Viral\Pneumonia-Viral (63).jpg,Pneumonia-Viral,train
C:\Users\Admin\Desktop\dataset train\Dataset\Pneumonia-Bacterial\Pneumonia-Bacterial (2145).jpg,Pneumonia-Bacterial,train
C:\Users\Admin\Desktop\dataset train\Dataset\Normal\Normal (310).jpg,Normal,train
C:\Users\Admin\Desktop\dataset train\Dataset\COVID\COVID-19 (836).jpg,COVID,train
C:\Users\Admin\Desktop\dataset train\Dataset\Pneumonia-Bacterial\Pneumonia-Bacterial (345).jpg,Pneumonia-Bacterial,train
C:\Users\Admin\Desktop\dataset train\Dataset\Pneumonia-Viral\Pneumonia-Viral (311).jpg,Pneumonia-Viral,train
C:\Users\Admin\Desktop\dataset train\Dataset\Pneumonia-Bacterial\Pneumonia-Bacterial (612).jpg,Pneumonia-Bacterial,train
C:\Users\Admin\Desktop\dataset train\Dataset\Normal\Normal (503).jpg,Normal,train
C:\Users\Admin\Desktop\dataset train\Dataset\Normal\Normal (2396).jpg,Normal,train
C:\Users\Admin\Desktop\dataset train\Dataset\COVID\COVID-19 (451).jpg,COVID,train
C:\Users\Admin\Desktop\dataset train\Dataset\Normal\Normal (2378).jpg,Normal,train
C:\Users\Admin\Desktop\dataset train\Dataset\Pneumonia-Bacterial\Pneumonia-Bacterial (1521).jpg,Pneumonia-Bacterial,train
C:\Users\Admin\Desktop\dataset train\Dataset\Normal\Normal (1549).jpg,Normal,train
C:\Users\Admin\Desktop\dataset train\Dataset\Normal\Normal (2339).jpg,Normal,train
C:\Users\Admin\Desktop\dataset train\Dataset\Pneumonia-Bacterial\Pneumonia-Bacterial (2462).jpg,Pneumonia-Bacterial,train
C:\Users\Admin\Desktop\dataset train\Dataset\Normal\Normal (2037).jpg,Normal,train
C:\Users\Admin\Desktop\dataset train\Dataset\Pneumonia-Viral\Pneumonia-Viral (551).jpg,Pneumonia-Viral,train
C:\Users\Admin\Desktop\dataset train\Dataset\Pneumonia-Viral\Pneumonia-Viral (605).jpg,Pneumonia-Viral,train
C:\Users\Admin\Desktop\dataset train\Dataset\Normal\Normal (150).jpg,Normal,train
C:\Users\Admin\Desktop\dataset train\Dataset\Pneumonia-Viral\Pneumonia-Viral (1320).jpg,Pneumonia-Viral,train
C:\Users\Admin\Desktop\dataset train\Dataset\Normal\Normal (110).jpg,Normal,train
C:\Users\Admin\Desktop\dataset train\Dataset\COVID\COVID-19 (115).jpg,COVID,train
C:\Users\Admin\Desktop\dataset train\Dataset\Pneumonia-Bacterial\Pneumonia-Bacterial (2146).jpg,Pneumonia-Bacterial,train
C:\Users\Admin\Desktop\dataset train\Dataset\COVID\COVID-19 (1152).jpg,COVID,train
C:\Users\Admin\Desktop\dataset train\Dataset\Pneumonia-Bacterial\Pneumonia-Bacterial (2759).jpg,Pneumonia-Bacterial,train
C:\Users\Admin\Desktop\dataset train\Dataset\Pneumonia-Bacterial\Pneumonia-Bacterial (587).jpg,Pneumonia-Bacterial,train
C:\Users\Admin\Desktop\dataset train\Dataset\Pneumonia-Bacterial\Pneumonia-Bacterial (1333).jpg,Pneumonia-Bacterial,train
C:\Users\Admin\Desktop\dataset train\Dataset\Pneumonia-Viral\Pneumonia-Viral (994).jpg,Pneumonia-Viral,train
C:\Users\Admin\Desktop\dataset train\Dataset\Pneumonia-Bacterial\Pneumonia-Bacterial (1160).jpg,Pneumonia-Bacterial,train
C:\Users\Admin\Desktop\dataset train\Dataset\COVID\COVID-19 (61).jpg,COVID,train
C:\Users\Admin\Desktop\dataset train\Dataset\Pneumonia-Bacterial\Pneumonia-Bacterial (380).jpg,Pneumonia-Bacterial,train
C:\Users\Admin\Desktop\dataset train\Dataset\Pneumonia-Bacterial\Pneumonia-Bacterial (2112).jpg,Pneumonia-Bacterial,train
C:\Users\Admin\Desktop\dataset train\Dataset\COVID\COVID-19 (245).jpg,COVID,train
C:\Users\Admin\Desktop\dataset train\Dataset\Normal\Normal (2024).jpg,Normal,train
C:\Users\Admin\Desktop\dataset train\Dataset\Normal\Normal (2938).jpg,Normal,train
C:\Users\Admin\Desktop\dataset train\Dataset\Pneumonia-Viral\Pneumonia-Viral (1239).jpg,Pneumonia-Viral,train
C:\Users\Admin\Desktop\dataset train\Dataset\COVID\COVID-19 (572).jpg,COVID,train
C:\Users\Admin\Desktop\dataset train\Dataset\Pneumonia-Viral\Pneumonia-Viral (155).jpg,Pneumonia-Viral,train
C:\Users\Admin\Desktop\dataset train\Dataset\Pneumonia-Bacterial\Pneumonia-Bacterial (555).jpg,Pneumonia-Bacterial,train
C:\Users\Admin\Desktop\dataset train\Dataset\Pneumonia-Viral\Pneumonia-Viral (889).jpg,Pneumonia-Viral,train
C:\Users\Admin\Desktop\dataset train\Dataset\Pneumonia-Bacterial\Pneumonia-Bacterial (286).jpg,Pneumonia-Bacterial,train
C:\Users\Admin\Desktop\dataset train\Dataset\Pneumonia-Viral\Pneumonia-Viral (208).jpg,Pneumonia-Viral,train
C:\Users\Admin\Desktop\dataset train\Dataset\Pneumonia-Bacterial\Pneumonia-Bacterial (406).jpg,Pneumonia-Bacterial,train
C:\Users\Admin\Desktop\dataset train\Dataset\Pneumonia-Bacterial\Pneumonia-Bacterial (1920).jpg,Pneumonia-Bacterial,train
C:\Users\Admin\Desktop\dataset train\Dataset\Normal\Normal (2153).jpg,Normal,train
C:\Users\Admin\Desktop\dataset train\Dataset\Normal\Normal (397).jpg,Normal,train
C:\Users\Admin\Desktop\dataset train\Dataset\COVID\COVID-19 (405).jpg,COVID,train
C:\Users\Admin\Desktop\dataset train\Dataset\Pneumonia-Bacterial\Pneumonia-Bacterial (684).jpg,Pneumonia-Bacterial,train
C:\Users\Admin\Desktop\dataset train\Dataset\Normal\Normal (887).jpg,Normal,train
C:\Users\Admin\Desktop\dataset train\Dataset\Pneumonia-Bacterial\Pneumonia-Bacterial (631).jpg,Pneumonia-Bacterial,train
C:\Users\Admin\Desktop\dataset train\Dataset\Normal\Normal (3047).jpg,Normal,train
C:\Users\Admin\Desktop\dataset train\Dataset\Pneumonia-Bacterial\Pneumonia-Bacterial (1654).jpg,Pneumonia-Bacterial,train
C:\Users\Admin\Desktop\dataset train\Dataset\Pneumonia-Bacterial\Pneumonia-Bacterial (2135).jpg,Pneumonia-Bacterial,train
C:\Users\Admin\Desktop\dataset train\Dataset\COVID\COVID-19 (962).jpg,COVID,train
C:\Users\Admin\Desktop\dataset train\Dataset\COVID\COVID-19 (940).jpg,COVID,train
C:\Users\Admin\Desktop\dataset train\Dataset\Pneumonia-Bacterial\Pneumonia-Bacterial (1675).jpg,Pneumonia-Bacterial,train
C:\Users\Admin\Desktop\dataset train\Dataset\Pneumonia-Bacterial\Pneumonia-Bacterial (1704).jpg,Pneumonia-Bacterial,train
C:\Users\Admin\Desktop\dataset train\Dataset\Normal\Normal (2885).jpg,Normal,train
C:\Users\Admin\Desktop\dataset train\Dataset\Pneumonia-Bacterial\Pneumonia-Bacterial (469).jpg,Pneumonia-Bacterial,train
C:\Users\Admin\Desktop\dataset train\Dataset\Normal\Normal (1755).jpg,Normal,train
C:\Users\Admin\Desktop\dataset train\Dataset\COVID\COVID-19 (684).jpg,COVID,train
C:\Users\Admin\Desktop\dataset train\Dataset\Normal\Normal (2727).jpg,Normal,train
C:\Users\Admin\Desktop\dataset train\Dataset\Normal\Normal (669).jpg,Normal,train
C:\Users\Admin\Desktop\dataset train\Dataset\Pneumonia-Bacterial\Pneumonia-Bacterial (2006).jpg,Pneumonia-Bacterial,train
C:\Users\Admin\Desktop\dataset train\Dataset\Normal\Normal (1498).jpg,Normal,train
C:\Users\Admin\Desktop\dataset train\Dataset\Normal\Normal (1260).jpg,Normal,train
C:\Users\Admin\Desktop\dataset train\Dataset\Normal\Normal (1778).jpg,Normal,train
C:\Users\Admin\Desktop\dataset train\Dataset\Pneumonia-Bacterial\Pneumonia-Bacterial (1327).jpg,Pneumonia-Bacterial,train
C:\Users\Admin\Desktop\dataset train\Dataset\Pneumonia-Bacterial\Pneumonia-Bacterial (2245).jpg,Pneumonia-Bacterial,train
C:\Users\Admin\Desktop\dataset train\Dataset\COVID\COVID-19 (241).jpg,COVID,train
C:\Users\Admin\Desktop\dataset train\Dataset\COVID\COVID-19 (1041).jpg,COVID,train
C:\Users\Admin\Desktop\dataset train\Dataset\Normal\Normal (2946).jpg,Normal,train
C:\Users\Admin\Desktop\dataset train\Dataset\Normal\Normal (2049).jpg,Normal,train
C:\Users\Admin\Desktop\dataset train\Dataset\COVID\COVID-19 (70).jpg,COVID,train
C:\Users\Admin\Desktop\dataset train\Dataset\Pneumonia-Bacterial\Pneumonia-Bacterial (308).jpg,Pneumonia-Bacterial,train
C:\Users\Admin\Desktop\dataset train\Dataset\Pneumonia-Bacterial\Pneumonia-Bacterial (1652).jpg,Pneumonia-Bacterial,train
C:\Users\Admin\Desktop\dataset train\Dataset\COVID\COVID-19 (963).jpg,COVID,train
C:\Users\Admin\Desktop\dataset train\Dataset\Normal\Normal (2337).jpg,Normal,train
C:\Users\Admin\Desktop\dataset train\Dataset\Normal\Normal (1074).jpg,Normal,train
C:\Users\Admin\Desktop\dataset train\Dataset\Normal\Normal (1569).jpg,Normal,train
C:\Users\Admin\Desktop\dataset train\Dataset\Pneumonia-Viral\Pneumonia-Viral (5).jpg,Pneumonia-Viral,train
C:\Users\Admin\Desktop\dataset train\Dataset\Pneumonia-Bacterial\Pneumonia-Bacterial (129).jpg,Pneumonia-Bacterial,train
C:\Users\Admin\Desktop\dataset train\Dataset\Pneumonia-Viral\Pneumonia-Viral (19).jpg,Pneumonia-Viral,train
C:\Users\Admin\Desktop\dataset train\Dataset\Normal\Normal (167).jpg,Normal,train
C:\Users\Admin\Desktop\dataset train\Dataset\COVID\COVID-19 (488).jpg,COVID,train
C:\Users\Admin\Desktop\dataset train\Dataset\Pneumonia-Viral\Pneumonia-Viral (89).jpg,Pneumonia-Viral,train
C:\Users\Admin\Desktop\dataset train\Dataset\Pneumonia-Bacterial\Pneumonia-Bacterial (1731).jpg,Pneumonia-Bacterial,train
C:\Users\Admin\Desktop\dataset train\Dataset\Pneumonia-Bacterial\Pneumonia-Bacterial (975).jpg,Pneumonia-Bacterial,train
C:\Users\Admin\Desktop\dataset train\Dataset\Normal\Normal (3007).jpg,Normal,train
C:\Users\Admin\Desktop\dataset train\Dataset\Pneumonia-Viral\Pneumonia-Viral (1175).jpg,Pneumonia-Viral,train
C:\Users\Admin\Desktop\dataset train\Dataset\Pneumonia-Bacterial\Pneumonia-Bacterial (2362).jpg,Pneumonia-Bacterial,train
C:\Users\Admin\Desktop\dataset train\Dataset\Pneumonia-Bacterial\Pneumonia-Bacterial (930).jpg,Pneumonia-Bacterial,train
C:\Users\Admin\Desktop\dataset train\Dataset\Normal\Normal (355).jpg,Normal,train
C:\Users\Admin\Desktop\dataset train\Dataset\Pneumonia-Viral\Pneumonia-Viral (1530).jpg,Pneumonia-Viral,train
C:\Users\Admin\Desktop\dataset train\Dataset\Pneumonia-Bacterial\Pneumonia-Bacterial (2671).jpg,Pneumonia-Bacterial,train
C:\Users\Admin\Desktop\dataset train\Dataset\Normal\Normal (3035).jpg,Normal,train
C:\Users\Admin\Desktop\dataset train\Dataset\Pneumonia-Bacterial\Pneumonia-Bacterial (835).jpg,Pneumonia-Bacterial,train
C:\Users\Admin\Desktop\dataset train\Dataset\COVID\COVID-19 (517).jpg,COVID,train
C:\Users\Admin\Desktop\dataset train\Dataset\Normal\Normal (738).jpg,Normal,train
C:\Users\Admin\Desktop\dataset train\Dataset\COVID\COVID-19 (167).jpg,COVID,train
C:\Users\Admin\Desktop\dataset train\Dataset\Pneumonia-Bacterial\Pneumonia-Bacterial (364).jpg,Pneumonia-Bacterial,train
C:\Users\Admin\Desktop\dataset train\Dataset\Normal\Normal (303).jpg,Normal,train
C:\Users\Admin\Desktop\dataset train\Dataset\Pneumonia-Bacterial\Pneumonia-Bacterial (1344).jpg,Pneumonia-Bacterial,train
C:\Users\Admin\Desktop\dataset train\Dataset\Normal\Normal (2546).jpg,Normal,train
C:\Users\Admin\Desktop\dataset train\Dataset\Pneumonia-Bacterial\Pneumonia-Bacterial (444).jpg,Pneumonia-Bacterial,train
C:\Users\Admin\Desktop\dataset train\Dataset\Pneumonia-Viral\Pneumonia-Viral (1568).jpg,Pneumonia-Viral,train
C:\Users\Admin\Desktop\dataset train\Dataset\Normal\Normal (2925).jpg,Normal,train
C:\Users\Admin\Desktop\dataset train\Dataset\Pneumonia-Bacterial\Pneumonia-Bacterial (992).jpg,Pneumonia-Bacterial,train
C:\Users\Admin\Desktop\dataset train\Dataset\Pneumonia-Viral\Pneumonia-Viral (1284).jpg,Pneumonia-Viral,train
C:\Users\Admin\Desktop\dataset train\Dataset\Normal\Normal (2459).jpg,Normal,train
C:\Users\Admin\Desktop\dataset train\Dataset\Normal\Normal (2029).jpg,Normal,train
C:\Users\Admin\Desktop\dataset train\Dataset\Pneumonia-Viral\Pneumonia-Viral (691).jpg,Pneumonia-Viral,train
C:\Users\Admin\Desktop\dataset train\Dataset\COVID\COVID-19 (1011).jpg,COVID,train
C:\Users\Admin\Desktop\dataset train\Dataset\Pneumonia-Bacterial\Pneumonia-Bacterial (820).jpg,Pneumonia-Bacterial,train
C:\Users\Admin\Desktop\dataset train\Dataset\Normal\Normal (833).jpg,Normal,train
C:\Users\Admin\Desktop\dataset train\Dataset\COVID\COVID-19 (516).jpg,COVID,train
C:\Users\Admin\Desktop\dataset train\Dataset\Pneumonia-Viral\Pneumonia-Viral (1186).jpg,Pneumonia-Viral,train
C:\Users\Admin\Desktop\dataset train\Dataset\Pneumonia-Bacterial\Pneumonia-Bacterial (1162).jpg,Pneumonia-Bacterial,train
C:\Users\Admin\Desktop\dataset train\Dataset\COVID\COVID-19 (939).jpg,COVID,train
C:\Users\Admin\Desktop\dataset train\Dataset\Normal\Normal (907).jpg,Normal,train
C:\Users\Admin\Desktop\dataset train\Dataset\Pneumonia-Bacterial\Pneumonia-Bacterial (1606).jpg,Pneumonia-Bacterial,train
C:\Users\Admin\Desktop\dataset train\Dataset\Pneumonia-Viral\Pneumonia-Viral (525).jpg,Pneumonia-Viral,train
C:\Users\Admin\Desktop\dataset train\Dataset\Pneumonia-Viral\Pneumonia-Viral (1426).jpg,Pneumonia-Viral,train
C:\Users\Admin\Desktop\dataset train\Dataset\Pneumonia-Viral\Pneumonia-Viral (923).jpg,Pneumonia-Viral,train
C:\Users\Admin\Desktop\dataset train\Dataset\Pneumonia-Viral\Pneumonia-Viral (1380).jpg,Pneumonia-Viral,train
C:\Users\Admin\Desktop\dataset train\Dataset\Pneumonia-Bacterial\Pneumonia-Bacterial (413).jpg,Pneumonia-Bacterial,train
C:\Users\Admin\Desktop\dataset train\Dataset\Pneumonia-Bacterial\Pneumonia-Bacterial (363).jpg,Pneumonia-Bacterial,train
C:\Users\Admin\Desktop\dataset train\Dataset\COVID\COVID-19 (952).jpg,COVID,train
C:\Users\Admin\Desktop\dataset train\Dataset\COVID\COVID-19 (137).jpg,COVID,train
C:\Users\Admin\Desktop\dataset train\Dataset\Normal\Normal (2291).jpg,Normal,train
C:\Users\Admin\Desktop\dataset train\Dataset\Pneumonia-Bacterial\Pneumonia-Bacterial (2074).jpg,Pneumonia-Bacterial,train
C:\Users\Admin\Desktop\dataset train\Dataset\Pneumonia-Bacterial\Pneumonia-Bacterial (2660).jpg,Pneumonia-Bacterial,train
C:\Users\Admin\Desktop\dataset train\Dataset\Pneumonia-Bacterial\Pneumonia-Bacterial (2292).jpg,Pneumonia-Bacterial,train
C:\Users\Admin\Desktop\dataset train\Dataset\Pneumonia-Viral\Pneumonia-Viral (713).jpg,Pneumonia-Viral,train
C:\Users\Admin\Desktop\dataset train\Dataset\Normal\Normal (1423).jpg,Normal,train
C:\Users\Admin\Desktop\dataset train\Dataset\Pneumonia-Bacterial\Pneumonia-Bacterial (270).jpg,Pneumonia-Bacterial,train
C:\Users\Admin\Desktop\dataset train\Dataset\Pneumonia-Bacterial\Pneumonia-Bacterial (846).jpg,Pneumonia-Bacterial,train
C:\Users\Admin\Desktop\dataset train\Dataset\COVID\COVID-19 (316).jpg,COVID,train
C:\Users\Admin\Desktop\dataset train\Dataset\Pneumonia-Viral\Pneumonia-Viral (1370).jpg,Pneumonia-Viral,train
C:\Users\Admin\Desktop\dataset train\Dataset\Normal\Normal (2259).jpg,Normal,train
C:\Users\Admin\Desktop\dataset train\Dataset\Pneumonia-Bacterial\Pneumonia-Bacterial (1259).jpg,Pneumonia-Bacterial,train
C:\Users\Admin\Desktop\dataset train\Dataset\Pneumonia-Bacterial\Pneumonia-Bacterial (2807).jpg,Pneumonia-Bacterial,train
C:\Users\Admin\Desktop\dataset train\Dataset\Normal\Normal (372).jpg,Normal,train
C:\Users\Admin\Desktop\dataset train\Dataset\Normal\Normal (358).jpg,Normal,train
C:\Users\Admin\Desktop\dataset train\Dataset\Normal\Normal (1758).jpg,Normal,train
C:\Users\Admin\Desktop\dataset train\Dataset\Pneumonia-Bacterial\Pneumonia-Bacterial (1978).jpg,Pneumonia-Bacterial,train
C:\Users\Admin\Desktop\dataset train\Dataset\Normal\Normal (828).jpg,Normal,train
C:\Users\Admin\Desktop\dataset train\Dataset\Pneumonia-Bacterial\Pneumonia-Bacterial (2036).jpg,Pneumonia-Bacterial,train
C:\Users\Admin\Desktop\dataset train\Dataset\Pneumonia-Viral\Pneumonia-Viral (533).jpg,Pneumonia-Viral,train
C:\Users\Admin\Desktop\dataset train\Dataset\Normal\Normal (885).jpg,Normal,train
C:\Users\Admin\Desktop\dataset train\Dataset\Normal\Normal (1288).jpg,Normal,train
C:\Users\Admin\Desktop\dataset train\Dataset\Pneumonia-Viral\Pneumonia-Viral (228).jpg,Pneumonia-Viral,train
C:\Users\Admin\Desktop\dataset train\Dataset\Normal\Normal (572).jpg,Normal,train
C:\Users\Admin\Desktop\dataset train\Dataset\Pneumonia-Bacterial\Pneumonia-Bacterial (2284).jpg,Pneumonia-Bacterial,train
C:\Users\Admin\Desktop\dataset train\Dataset\Pneumonia-Viral\Pneumonia-Viral (816).jpg,Pneumonia-Viral,train
C:\Users\Admin\Desktop\dataset train\Dataset\Pneumonia-Viral\Pneumonia-Viral (1076).jpg,Pneumonia-Viral,train
C:\Users\Admin\Desktop\dataset train\Dataset\Pneumonia-Viral\Pneumonia-Viral (1411).jpg,Pneumonia-Viral,train
C:\Users\Admin\Desktop\dataset train\Dataset\Normal\Normal (752).jpg,Normal,train
C:\Users\Admin\Desktop\dataset train\Dataset\Normal\Normal (2356).jpg,Normal,train
C:\Users\Admin\Desktop\dataset train\Dataset\Pneumonia-Bacterial\Pneumonia-Bacterial (1869).jpg,Pneumonia-Bacterial,train
C:\Users\Admin\Desktop\dataset train\Dataset\Pneumonia-Bacterial\Pneumonia-Bacterial (119).jpg,Pneumonia-Bacterial,train
C:\Users\Admin\Desktop\dataset train\Dataset\Normal\Normal (1319).jpg,Normal,train
C:\Users\Admin\Desktop\dataset train\Dataset\Pneumonia-Viral\Pneumonia-Viral (1425).jpg,Pneumonia-Viral,train
C:\Users\Admin\Desktop\dataset train\Dataset\COVID\COVID-19 (338).jpg,COVID,train
C:\Users\Admin\Desktop\dataset train\Dataset\Normal\Normal (2089).jpg,Normal,train
C:\Users\Admin\Desktop\dataset train\Dataset\Normal\Normal (646).jpg,Normal,train
C:\Users\Admin\Desktop\dataset train\Dataset\Pneumonia-Bacterial\Pneumonia-Bacterial (2768).jpg,Pneumonia-Bacterial,train
C:\Users\Admin\Desktop\dataset train\Dataset\Pneumonia-Viral\Pneumonia-Viral (1475).jpg,Pneumonia-Viral,train
C:\Users\Admin\Desktop\dataset train\Dataset\Normal\Normal (87).jpg,Normal,train
C:\Users\Admin\Desktop\dataset train\Dataset\Pneumonia-Bacterial\Pneumonia-Bacterial (2400).jpg,Pneumonia-Bacterial,train
C:\Users\Admin\Desktop\dataset train\Dataset\COVID\COVID-19 (1099).jpg,COVID,train
C:\Users\Admin\Desktop\dataset train\Dataset\Pneumonia-Bacterial\Pneumonia-Bacterial (1041).jpg,Pneumonia-Bacterial,train
C:\Users\Admin\Desktop\dataset train\Dataset\Normal\Normal (2447).jpg,Normal,train
C:\Users\Admin\Desktop\dataset train\Dataset\Normal\Normal (2915).jpg,Normal,train
C:\Users\Admin\Desktop\dataset train\Dataset\Pneumonia-Viral\Pneumonia-Viral (716).jpg,Pneumonia-Viral,train
C:\Users\Admin\Desktop\dataset train\Dataset\Normal\Normal (1772).jpg,Normal,train
C:\Users\Admin\Desktop\dataset train\Dataset\Normal\Normal (948).jpg,Normal,train
C:\Users\Admin\Desktop\dataset train\Dataset\Pneumonia-Viral\Pneumonia-Viral (8).jpg,Pneumonia-Viral,train
C:\Users\Admin\Desktop\dataset train\Dataset\Pneumonia-Bacterial\Pneumonia-Bacterial (2651).jpg,Pneumonia-Bacterial,train
C:\Users\Admin\Desktop\dataset train\Dataset\Pneumonia-Bacterial\Pneumonia-Bacterial (1526).jpg,Pneumonia-Bacterial,train
C:\Users\Admin\Desktop\dataset train\Dataset\Normal\Normal (3055).jpg,Normal,train
C:\Users\Admin\Desktop\dataset train\Dataset\Pneumonia-Bacterial\Pneumonia-Bacterial (1176).jpg,Pneumonia-Bacterial,train
C:\Users\Admin\Desktop\dataset train\Dataset\Pneumonia-Bacterial\Pneumonia-Bacterial (1691).jpg,Pneumonia-Bacterial,train
C:\Users\Admin\Desktop\dataset train\Dataset\Pneumonia-Viral\Pneumonia-Viral (715).jpg,Pneumonia-Viral,train
C:\Users\Admin\Desktop\dataset train\Dataset\COVID\COVID-19 (249).jpg,COVID,train
C:\Users\Admin\Desktop\dataset train\Dataset\Pneumonia-Viral\Pneumonia-Viral (1622).jpg,Pneumonia-Viral,train
C:\Users\Admin\Desktop\dataset train\Dataset\Normal\Normal (53).jpg,Normal,train
C:\Users\Admin\Desktop\dataset train\Dataset\Pneumonia-Viral\Pneumonia-Viral (353).jpg,Pneumonia-Viral,train
C:\Users\Admin\Desktop\dataset train\Dataset\Normal\Normal (1323).jpg,Normal,train
C:\Users\Admin\Desktop\dataset train\Dataset\Pneumonia-Viral\Pneumonia-Viral (1371).jpg,Pneumonia-Viral,train
C:\Users\Admin\Desktop\dataset train\Dataset\Pneumonia-Bacterial\Pneumonia-Bacterial (2171).jpg,Pneumonia-Bacterial,train
C:\Users\Admin\Desktop\dataset train\Dataset\COVID\COVID-19 (716).jpg,COVID,train
C:\Users\Admin\Desktop\dataset train\Dataset\Pneumonia-Bacterial\Pneumonia-Bacterial (2453).jpg,Pneumonia-Bacterial,train
C:\Users\Admin\Desktop\dataset train\Dataset\COVID\COVID-19 (875).jpg,COVID,train
C:\Users\Admin\Desktop\dataset train\Dataset\COVID\COVID-19 (998).jpg,COVID,train
C:\Users\Admin\Desktop\dataset train\Dataset\COVID\COVID-19 (1236).jpg,COVID,train
C:\Users\Admin\Desktop\dataset train\Dataset\Normal\Normal (2868).jpg,Normal,train
C:\Users\Admin\Desktop\dataset train\Dataset\Normal\Normal (764).jpg,Normal,train
C:\Users\Admin\Desktop\dataset train\Dataset\Normal\Normal (2393).jpg,Normal,train
C:\Users\Admin\Desktop\dataset train\Dataset\Pneumonia-Bacterial\Pneumonia-Bacterial (2556).jpg,Pneumonia-Bacterial,train
C:\Users\Admin\Desktop\dataset train\Dataset\Normal\Normal (3245).jpg,Normal,train
C:\Users\Admin\Desktop\dataset train\Dataset\Normal\Normal (2022).jpg,Normal,train
C:\Users\Admin\Desktop\dataset train\Dataset\Pneumonia-Bacterial\Pneumonia-Bacterial (2945).jpg,Pneumonia-Bacterial,train
C:\Users\Admin\Desktop\dataset train\Dataset\COVID\COVID-19 (146).jpg,COVID,train
C:\Users\Admin\Desktop\dataset train\Dataset\Normal\Normal (3203).jpg,Normal,train
C:\Users\Admin\Desktop\dataset train\Dataset\Pneumonia-Viral\Pneumonia-Viral (982).jpg,Pneumonia-Viral,train
C:\Users\Admin\Desktop\dataset train\Dataset\Normal\Normal (291).jpg,Normal,train
C:\Users\Admin\Desktop\dataset train\Dataset\Pneumonia-Bacterial\Pneumonia-Bacterial (2258).jpg,Pneumonia-Bacterial,train
C:\Users\Admin\Desktop\dataset train\Dataset\Pneumonia-Bacterial\Pneumonia-Bacterial (2603).jpg,Pneumonia-Bacterial,train
C:\Users\Admin\Desktop\dataset train\Dataset\Pneumonia-Viral\Pneumonia-Viral (1277).jpg,Pneumonia-Viral,train
C:\Users\Admin\Desktop\dataset train\Dataset\Normal\Normal (403).jpg,Normal,train
C:\Users\Admin\Desktop\dataset train\Dataset\Pneumonia-Bacterial\Pneumonia-Bacterial (1939).jpg,Pneumonia-Bacterial,train
C:\Users\Admin\Desktop\dataset train\Dataset\Pneumonia-Viral\Pneumonia-Viral (86).jpg,Pneumonia-Viral,train
C:\Users\Admin\Desktop\dataset train\Dataset\COVID\COVID-19 (219).jpg,COVID,train
C:\Users\Admin\Desktop\dataset train\Dataset\Pneumonia-Viral\Pneumonia-Viral (837).jpg,Pneumonia-Viral,train
C:\Users\Admin\Desktop\dataset train\Dataset\Normal\Normal (58).jpg,Normal,train
C:\Users\Admin\Desktop\dataset train\Dataset\COVID\COVID-19 (327).jpg,COVID,train
C:\Users\Admin\Desktop\dataset train\Dataset\Pneumonia-Bacterial\Pneumonia-Bacterial (1454).jpg,Pneumonia-Bacterial,train
C:\Users\Admin\Desktop\dataset train\Dataset\Pneumonia-Viral\Pneumonia-Viral (681).jpg,Pneumonia-Viral,train
C:\Users\Admin\Desktop\dataset train\Dataset\Pneumonia-Bacterial\Pneumonia-Bacterial (472).jpg,Pneumonia-Bacterial,train
C:\Users\Admin\Desktop\dataset train\Dataset\Normal\Normal (1983).jpg,Normal,train
C:\Users\Admin\Desktop\dataset train\Dataset\Normal\Normal (1965).jpg,Normal,train
C:\Users\Admin\Desktop\dataset train\Dataset\Normal\Normal (3024).jpg,Normal,train
C:\Users\Admin\Desktop\dataset train\Dataset\Pneumonia-Bacterial\Pneumonia-Bacterial (2295).jpg,Pneumonia-Bacterial,train
C:\Users\Admin\Desktop\dataset train\Dataset\COVID\COVID-19 (24).jpg,COVID,train
C:\Users\Admin\Desktop\dataset train\Dataset\Pneumonia-Bacterial\Pneumonia-Bacterial (2683).jpg,Pneumonia-Bacterial,train
C:\Users\Admin\Desktop\dataset train\Dataset\COVID\COVID-19 (13).jpg,COVID,train
C:\Users\Admin\Desktop\dataset train\Dataset\Normal\Normal (2359).jpg,Normal,train
C:\Users\Admin\Desktop\dataset train\Dataset\Pneumonia-Viral\Pneumonia-Viral (530).jpg,Pneumonia-Viral,train
C:\Users\Admin\Desktop\dataset train\Dataset\COVID\COVID-19 (179).jpg,COVID,train
C:\Users\Admin\Desktop\dataset train\Dataset\Normal\Normal (551).jpg,Normal,train
C:\Users\Admin\Desktop\dataset train\Dataset\Pneumonia-Bacterial\Pneumonia-Bacterial (2732).jpg,Pneumonia-Bacterial,train
C:\Users\Admin\Desktop\dataset train\Dataset\Normal\Normal (3016).jpg,Normal,train
C:\Users\Admin\Desktop\dataset train\Dataset\Normal\Normal (472).jpg,Normal,train
C:\Users\Admin\Desktop\dataset train\Dataset\Pneumonia-Bacterial\Pneumonia-Bacterial (146).jpg,Pneumonia-Bacterial,train
C:\Users\Admin\Desktop\dataset train\Dataset\Pneumonia-Bacterial\Pneumonia-Bacterial (537).jpg,Pneumonia-Bacterial,train
C:\Users\Admin\Desktop\dataset train\Dataset\Pneumonia-Bacterial\Pneumonia-Bacterial (35).jpg,Pneumonia-Bacterial,train
C:\Users\Admin\Desktop\dataset train\Dataset\Normal\Normal (2965).jpg,Normal,train
C:\Users\Admin\Desktop\dataset train\Dataset\Normal\Normal (192).jpg,Normal,train
C:\Users\Admin\Desktop\dataset train\Dataset\Pneumonia-Viral\Pneumonia-Viral (1580).jpg,Pneumonia-Viral,train
C:\Users\Admin\Desktop\dataset train\Dataset\Normal\Normal (2222).jpg,Normal,train
C:\Users\Admin\Desktop\dataset train\Dataset\Normal\Normal (860).jpg,Normal,train
C:\Users\Admin\Desktop\dataset train\Dataset\Normal\Normal (2564).jpg,Normal,train
C:\Users\Admin\Desktop\dataset train\Dataset\Pneumonia-Viral\Pneumonia-Viral (1432).jpg,Pneumonia-Viral,train
C:\Users\Admin\Desktop\dataset train\Dataset\Pneumonia-Bacterial\Pneumonia-Bacterial (1104).jpg,Pneumonia-Bacterial,train
C:\Users\Admin\Desktop\dataset train\Dataset\Normal\Normal (2649).jpg,Normal,train
C:\Users\Admin\Desktop\dataset train\Dataset\Normal\Normal (1649).jpg,Normal,train
C:\Users\Admin\Desktop\dataset train\Dataset\Pneumonia-Bacterial\Pneumonia-Bacterial (2957).jpg,Pneumonia-Bacterial,train
C:\Users\Admin\Desktop\dataset train\Dataset\Pneumonia-Bacterial\Pneumonia-Bacterial (1971).jpg,Pneumonia-Bacterial,train
C:\Users\Admin\Desktop\dataset train\Dataset\Normal\Normal (1256).jpg,Normal,train
C:\Users\Admin\Desktop\dataset train\Dataset\Pneumonia-Bacterial\Pneumonia-Bacterial (237).jpg,Pneumonia-Bacterial,train
C:\Users\Admin\Desktop\dataset train\Dataset\Pneumonia-Viral\Pneumonia-Viral (688).jpg,Pneumonia-Viral,train
C:\Users\Admin\Desktop\dataset train\Dataset\Pneumonia-Bacterial\Pneumonia-Bacterial (2925).jpg,Pneumonia-Bacterial,train
C:\Users\Admin\Desktop\dataset train\Dataset\Pneumonia-Viral\Pneumonia-Viral (80).jpg,Pneumonia-Viral,train
C:\Users\Admin\Desktop\dataset train\Dataset\COVID\COVID-19 (818).jpg,COVID,train
C:\Users\Admin\Desktop\dataset train\Dataset\Normal\Normal (1702).jpg,Normal,train
C:\Users\Admin\Desktop\dataset train\Dataset\COVID\COVID-19 (342).jpg,COVID,train
C:\Users\Admin\Desktop\dataset train\Dataset\Normal\Normal (2829).jpg,Normal,train
C:\Users\Admin\Desktop\dataset train\Dataset\Normal\Normal (493).jpg,Normal,train
C:\Users\Admin\Desktop\dataset train\Dataset\Normal\Normal (936).jpg,Normal,train
C:\Users\Admin\Desktop\dataset train\Dataset\Pneumonia-Bacterial\Pneumonia-Bacterial (1660).jpg,Pneumonia-Bacterial,train
C:\Users\Admin\Desktop\dataset train\Dataset\Pneumonia-Bacterial\Pneumonia-Bacterial (2376).jpg,Pneumonia-Bacterial,train
C:\Users\Admin\Desktop\dataset train\Dataset\Pneumonia-Viral\Pneumonia-Viral (131).jpg,Pneumonia-Viral,train
C:\Users\Admin\Desktop\dataset train\Dataset\Normal\Normal (26).jpg,Normal,train
C:\Users\Admin\Desktop\dataset train\Dataset\Pneumonia-Bacterial\Pneumonia-Bacterial (1142).jpg,Pneumonia-Bacterial,train
C:\Users\Admin\Desktop\dataset train\Dataset\Pneumonia-Viral\Pneumonia-Viral (1327).jpg,Pneumonia-Viral,train
C:\Users\Admin\Desktop\dataset train\Dataset\Normal\Normal (2101).jpg,Normal,train
C:\Users\Admin\Desktop\dataset train\Dataset\Normal\Normal (1968).jpg,Normal,train
C:\Users\Admin\Desktop\dataset train\Dataset\Normal\Normal (2338).jpg,Normal,train
C:\Users\Admin\Desktop\dataset train\Dataset\Normal\Normal (800).jpg,Normal,train
C:\Users\Admin\Desktop\dataset train\Dataset\Normal\Normal (1664).jpg,Normal,train
C:\Users\Admin\Desktop\dataset train\Dataset\Pneumonia-Bacterial\Pneumonia-Bacterial (1546).jpg,Pneumonia-Bacterial,train
C:\Users\Admin\Desktop\dataset train\Dataset\Pneumonia-Bacterial\Pneumonia-Bacterial (2378).jpg,Pneumonia-Bacterial,train
C:\Users\Admin\Desktop\dataset train\Dataset\COVID\COVID-19 (943).jpg,COVID,train
C:\Users\Admin\Desktop\dataset train\Dataset\Normal\Normal (220).jpg,Normal,train
C:\Users\Admin\Desktop\dataset train\Dataset\Pneumonia-Viral\Pneumonia-Viral (1528).jpg,Pneumonia-Viral,train
C:\Users\Admin\Desktop\dataset train\Dataset\Pneumonia-Bacterial\Pneumonia-Bacterial (2452).jpg,Pneumonia-Bacterial,train
C:\Users\Admin\Desktop\dataset train\Dataset\Normal\Normal (142).jpg,Normal,train
C:\Users\Admin\Desktop\dataset train\Dataset\Pneumonia-Bacterial\Pneumonia-Bacterial (90).jpg,Pneumonia-Bacterial,train
C:\Users\Admin\Desktop\dataset train\Dataset\COVID\COVID-19 (837).jpg,COVID,train
C:\Users\Admin\Desktop\dataset train\Dataset\Pneumonia-Bacterial\Pneumonia-Bacterial (2532).jpg,Pneumonia-Bacterial,train
C:\Users\Admin\Desktop\dataset train\Dataset\Normal\Normal (829).jpg,Normal,train
C:\Users\Admin\Desktop\dataset train\Dataset\COVID\COVID-19 (300).jpg,COVID,train
C:\Users\Admin\Desktop\dataset train\Dataset\Normal\Normal (1487).jpg,Normal,train
C:\Users\Admin\Desktop\dataset train\Dataset\Normal\Normal (3030).jpg,Normal,train
C:\Users\Admin\Desktop\dataset train\Dataset\Normal\Normal (1416).jpg,Normal,train
C:\Users\Admin\Desktop\dataset train\Dataset\Pneumonia-Viral\Pneumonia-Viral (1397).jpg,Pneumonia-Viral,train
C:\Users\Admin\Desktop\dataset train\Dataset\Pneumonia-Bacterial\Pneumonia-Bacterial (1669).jpg,Pneumonia-Bacterial,train
C:\Users\Admin\Desktop\dataset train\Dataset\Normal\Normal (1045).jpg,Normal,train
C:\Users\Admin\Desktop\dataset train\Dataset\Normal\Normal (1109).jpg,Normal,train
C:\Users\Admin\Desktop\dataset train\Dataset\Pneumonia-Viral\Pneumonia-Viral (356).jpg,Pneumonia-Viral,train
C:\Users\Admin\Desktop\dataset train\Dataset\Normal\Normal (2310).jpg,Normal,train
C:\Users\Admin\Desktop\dataset train\Dataset\Normal\Normal (593).jpg,Normal,train
C:\Users\Admin\Desktop\dataset train\Dataset\Pneumonia-Bacterial\Pneumonia-Bacterial (693).jpg,Pneumonia-Bacterial,train
C:\Users\Admin\Desktop\dataset train\Dataset\Pneumonia-Viral\Pneumonia-Viral (242).jpg,Pneumonia-Viral,train
C:\Users\Admin\Desktop\dataset train\Dataset\Pneumonia-Viral\Pneumonia-Viral (427).jpg,Pneumonia-Viral,train
C:\Users\Admin\Desktop\dataset train\Dataset\Normal\Normal (921).jpg,Normal,train
C:\Users\Admin\Desktop\dataset train\Dataset\Normal\Normal (1606).jpg,Normal,train
C:\Users\Admin\Desktop\dataset train\Dataset\Normal\Normal (1576).jpg,Normal,train
C:\Users\Admin\Desktop\dataset train\Dataset\COVID\COVID-19 (1177).jpg,COVID,train
C:\Users\Admin\Desktop\dataset train\Dataset\Pneumonia-Bacterial\Pneumonia-Bacterial (1172).jpg,Pneumonia-Bacterial,train
C:\Users\Admin\Desktop\dataset train\Dataset\Pneumonia-Bacterial\Pneumonia-Bacterial (2294).jpg,Pneumonia-Bacterial,train
C:\Users\Admin\Desktop\dataset train\Dataset\Pneumonia-Bacterial\Pneumonia-Bacterial (544).jpg,Pneumonia-Bacterial,train
C:\Users\Admin\Desktop\dataset train\Dataset\Pneumonia-Viral\Pneumonia-Viral (718).jpg,Pneumonia-Viral,train
C:\Users\Admin\Desktop\dataset train\Dataset\Pneumonia-Viral\Pneumonia-Viral (1172).jpg,Pneumonia-Viral,train
C:\Users\Admin\Desktop\dataset train\Dataset\Pneumonia-Viral\Pneumonia-Viral (930).jpg,Pneumonia-Viral,train
C:\Users\Admin\Desktop\dataset train\Dataset\Pneumonia-Bacterial\Pneumonia-Bacterial (1828).jpg,Pneumonia-Bacterial,train
C:\Users\Admin\Desktop\dataset train\Dataset\Pneumonia-Viral\Pneumonia-Viral (831).jpg,Pneumonia-Viral,train
C:\Users\Admin\Desktop\dataset train\Dataset\Pneumonia-Bacterial\Pneumonia-Bacterial (2776).jpg,Pneumonia-Bacterial,train
C:\Users\Admin\Desktop\dataset train\Dataset\Normal\Normal (3268).jpg,Normal,train
C:\Users\Admin\Desktop\dataset train\Dataset\COVID\COVID-19 (744).jpg,COVID,train
C:\Users\Admin\Desktop\dataset train\Dataset\Normal\Normal (1485).jpg,Normal,train
C:\Users\Admin\Desktop\dataset train\Dataset\Normal\Normal (2707).jpg,Normal,train
C:\Users\Admin\Desktop\dataset train\Dataset\Normal\Normal (1344).jpg,Normal,train
C:\Users\Admin\Desktop\dataset train\Dataset\Pneumonia-Bacterial\Pneumonia-Bacterial (2637).jpg,Pneumonia-Bacterial,train
C:\Users\Admin\Desktop\dataset train\Dataset\Normal\Normal (699).jpg,Normal,train
C:\Users\Admin\Desktop\dataset train\Dataset\COVID\COVID-19 (91).jpg,COVID,train
C:\Users\Admin\Desktop\dataset train\Dataset\Pneumonia-Viral\Pneumonia-Viral (1341).jpg,Pneumonia-Viral,train
C:\Users\Admin\Desktop\dataset train\Dataset\Normal\Normal (3233).jpg,Normal,train
C:\Users\Admin\Desktop\dataset train\Dataset\Normal\Normal (143).jpg,Normal,train
C:\Users\Admin\Desktop\dataset train\Dataset\COVID\COVID-19 (487).jpg,COVID,train
C:\Users\Admin\Desktop\dataset train\Dataset\Pneumonia-Bacterial\Pneumonia-Bacterial (212).jpg,Pneumonia-Bacterial,train
C:\Users\Admin\Desktop\dataset train\Dataset\Pneumonia-Viral\Pneumonia-Viral (1394).jpg,Pneumonia-Viral,train
C:\Users\Admin\Desktop\dataset train\Dataset\Pneumonia-Bacterial\Pneumonia-Bacterial (605).jpg,Pneumonia-Bacterial,train
C:\Users\Admin\Desktop\dataset train\Dataset\Normal\Normal (2866).jpg,Normal,train
C:\Users\Admin\Desktop\dataset train\Dataset\Pneumonia-Bacterial\Pneumonia-Bacterial (131).jpg,Pneumonia-Bacterial,train
C:\Users\Admin\Desktop\dataset train\Dataset\Pneumonia-Bacterial\Pneumonia-Bacterial (1852).jpg,Pneumonia-Bacterial,train
C:\Users\Admin\Desktop\dataset train\Dataset\COVID\COVID-19 (787).jpg,COVID,train
C:\Users\Admin\Desktop\dataset train\Dataset\Pneumonia-Viral\Pneumonia-Viral (1009).jpg,Pneumonia-Viral,train
C:\Users\Admin\Desktop\dataset train\Dataset\Pneumonia-Bacterial\Pneumonia-Bacterial (1181).jpg,Pneumonia-Bacterial,train
C:\Users\Admin\Desktop\dataset train\Dataset\Pneumonia-Viral\Pneumonia-Viral (1037).jpg,Pneumonia-Viral,train
C:\Users\Admin\Desktop\dataset train\Dataset\Normal\Normal (2657).jpg,Normal,train
C:\Users\Admin\Desktop\dataset train\Dataset\Normal\Normal (565).jpg,Normal,train
C:\Users\Admin\Desktop\dataset train\Dataset\Normal\Normal (2345).jpg,Normal,train
C:\Users\Admin\Desktop\dataset train\Dataset\Pneumonia-Viral\Pneumonia-Viral (500).jpg,Pneumonia-Viral,train
C:\Users\Admin\Desktop\dataset train\Dataset\COVID\COVID-19 (774).jpg,COVID,train
C:\Users\Admin\Desktop\dataset train\Dataset\COVID\COVID-19 (345).jpg,COVID,train
C:\Users\Admin\Desktop\dataset train\Dataset\Pneumonia-Bacterial\Pneumonia-Bacterial (1705).jpg,Pneumonia-Bacterial,train
C:\Users\Admin\Desktop\dataset train\Dataset\Pneumonia-Viral\Pneumonia-Viral (1027).jpg,Pneumonia-Viral,train
C:\Users\Admin\Desktop\dataset train\Dataset\Normal\Normal (2448).jpg,Normal,train
C:\Users\Admin\Desktop\dataset train\Dataset\Normal\Normal (1039).jpg,Normal,train
C:\Users\Admin\Desktop\dataset train\Dataset\Normal\Normal (2662).jpg,Normal,train
C:\Users\Admin\Desktop\dataset train\Dataset\Normal\Normal (2767).jpg,Normal,train
C:\Users\Admin\Desktop\dataset train\Dataset\Normal\Normal (2726).jpg,Normal,train
C:\Users\Admin\Desktop\dataset train\Dataset\Pneumonia-Bacterial\Pneumonia-Bacterial (1744).jpg,Pneumonia-Bacterial,train
C:\Users\Admin\Desktop\dataset train\Dataset\Pneumonia-Bacterial\Pneumonia-Bacterial (2569).jpg,Pneumonia-Bacterial,train
C:\Users\Admin\Desktop\dataset train\Dataset\COVID\COVID-19 (1224).jpg,COVID,train
C:\Users\Admin\Desktop\dataset train\Dataset\Pneumonia-Viral\Pneumonia-Viral (337).jpg,Pneumonia-Viral,train
C:\Users\Admin\Desktop\dataset train\Dataset\Pneumonia-Viral\Pneumonia-Viral (1442).jpg,Pneumonia-Viral,train
C:\Users\Admin\Desktop\dataset train\Dataset\Normal\Normal (1444).jpg,Normal,train
C:\Users\Admin\Desktop\dataset train\Dataset\COVID\COVID-19 (271).jpg,COVID,train
C:\Users\Admin\Desktop\dataset train\Dataset\Normal\Normal (3038).jpg,Normal,train
C:\Users\Admin\Desktop\dataset train\Dataset\COVID\COVID-19 (961).jpg,COVID,train
C:\Users\Admin\Desktop\dataset train\Dataset\Pneumonia-Viral\Pneumonia-Viral (1054).jpg,Pneumonia-Viral,train
C:\Users\Admin\Desktop\dataset train\Dataset\Normal\Normal (820).jpg,Normal,train
C:\Users\Admin\Desktop\dataset train\Dataset\Pneumonia-Bacterial\Pneumonia-Bacterial (2069).jpg,Pneumonia-Bacterial,train
C:\Users\Admin\Desktop\dataset train\Dataset\COVID\COVID-19 (523).jpg,COVID,train
C:\Users\Admin\Desktop\dataset train\Dataset\Normal\Normal (480).jpg,Normal,train
C:\Users\Admin\Desktop\dataset train\Dataset\COVID\COVID-19 (628).jpg,COVID,train
C:\Users\Admin\Desktop\dataset train\Dataset\Pneumonia-Bacterial\Pneumonia-Bacterial (2504).jpg,Pneumonia-Bacterial,train
C:\Users\Admin\Desktop\dataset train\Dataset\Pneumonia-Bacterial\Pneumonia-Bacterial (2421).jpg,Pneumonia-Bacterial,train
C:\Users\Admin\Desktop\dataset train\Dataset\Normal\Normal (2181).jpg,Normal,train
C:\Users\Admin\Desktop\dataset train\Dataset\Pneumonia-Viral\Pneumonia-Viral (1583).jpg,Pneumonia-Viral,train
C:\Users\Admin\Desktop\dataset train\Dataset\COVID\COVID-19 (508).jpg,COVID,train
C:\Users\Admin\Desktop\dataset train\Dataset\COVID\COVID-19 (1051).jpg,COVID,train
C:\Users\Admin\Desktop\dataset train\Dataset\Pneumonia-Viral\Pneumonia-Viral (666).jpg,Pneumonia-Viral,train
C:\Users\Admin\Desktop\dataset train\Dataset\Pneumonia-Viral\Pneumonia-Viral (1264).jpg,Pneumonia-Viral,train
C:\Users\Admin\Desktop\dataset train\Dataset\Normal\Normal (2349).jpg,Normal,train
C:\Users\Admin\Desktop\dataset train\Dataset\Normal\Normal (1491).jpg,Normal,train
C:\Users\Admin\Desktop\dataset train\Dataset\Normal\Normal (1027).jpg,Normal,train
C:\Users\Admin\Desktop\dataset train\Dataset\Pneumonia-Viral\Pneumonia-Viral (283).jpg,Pneumonia-Viral,train
C:\Users\Admin\Desktop\dataset train\Dataset\Pneumonia-Viral\Pneumonia-Viral (1537).jpg,Pneumonia-Viral,train
C:\Users\Admin\Desktop\dataset train\Dataset\Pneumonia-Bacterial\Pneumonia-Bacterial (2927).jpg,Pneumonia-Bacterial,train
C:\Users\Admin\Desktop\dataset train\Dataset\Normal\Normal (1494).jpg,Normal,train
C:\Users\Admin\Desktop\dataset train\Dataset\Normal\Normal (1929).jpg,Normal,train
C:\Users\Admin\Desktop\dataset train\Dataset\Normal\Normal (1483).jpg,Normal,train
C:\Users\Admin\Desktop\dataset train\Dataset\Pneumonia-Bacterial\Pneumonia-Bacterial (1410).jpg,Pneumonia-Bacterial,train
C:\Users\Admin\Desktop\dataset train\Dataset\Pneumonia-Bacterial\Pneumonia-Bacterial (1026).jpg,Pneumonia-Bacterial,train
C:\Users\Admin\Desktop\dataset train\Dataset\Pneumonia-Viral\Pneumonia-Viral (1151).jpg,Pneumonia-Viral,train
C:\Users\Admin\Desktop\dataset train\Dataset\Pneumonia-Viral\Pneumonia-Viral (384).jpg,Pneumonia-Viral,train
C:\Users\Admin\Desktop\dataset train\Dataset\Normal\Normal (571).jpg,Normal,train
C:\Users\Admin\Desktop\dataset train\Dataset\Pneumonia-Bacterial\Pneumonia-Bacterial (2368).jpg,Pneumonia-Bacterial,train
C:\Users\Admin\Desktop\dataset train\Dataset\Pneumonia-Viral\Pneumonia-Viral (886).jpg,Pneumonia-Viral,train
C:\Users\Admin\Desktop\dataset train\Dataset\Normal\Normal (1443).jpg,Normal,train
C:\Users\Admin\Desktop\dataset train\Dataset\Pneumonia-Bacterial\Pneumonia-Bacterial (2231).jpg,Pneumonia-Bacterial,train
C:\Users\Admin\Desktop\dataset train\Dataset\Pneumonia-Bacterial\Pneumonia-Bacterial (663).jpg,Pneumonia-Bacterial,train
C:\Users\Admin\Desktop\dataset train\Dataset\Pneumonia-Viral\Pneumonia-Viral (1295).jpg,Pneumonia-Viral,train
C:\Users\Admin\Desktop\dataset train\Dataset\Normal\Normal (1663).jpg,Normal,train
C:\Users\Admin\Desktop\dataset train\Dataset\Pneumonia-Bacterial\Pneumonia-Bacterial (1427).jpg,Pneumonia-Bacterial,train
C:\Users\Admin\Desktop\dataset train\Dataset\Normal\Normal (1207).jpg,Normal,train
C:\Users\Admin\Desktop\dataset train\Dataset\Pneumonia-Viral\Pneumonia-Viral (1449).jpg,Pneumonia-Viral,train
C:\Users\Admin\Desktop\dataset train\Dataset\Pneumonia-Bacterial\Pneumonia-Bacterial (2561).jpg,Pneumonia-Bacterial,train
C:\Users\Admin\Desktop\dataset train\Dataset\Normal\Normal (1001).jpg,Normal,train
C:\Users\Admin\Desktop\dataset train\Dataset\Pneumonia-Viral\Pneumonia-Viral (866).jpg,Pneumonia-Viral,train
C:\Users\Admin\Desktop\dataset train\Dataset\Pneumonia-Bacterial\Pneumonia-Bacterial (100).jpg,Pneumonia-Bacterial,train
C:\Users\Admin\Desktop\dataset train\Dataset\COVID\COVID-19 (947).jpg,COVID,train
C:\Users\Admin\Desktop\dataset train\Dataset\Pneumonia-Bacterial\Pneumonia-Bacterial (2013).jpg,Pneumonia-Bacterial,train
C:\Users\Admin\Desktop\dataset train\Dataset\COVID\COVID-19 (1067).jpg,COVID,train
C:\Users\Admin\Desktop\dataset train\Dataset\Pneumonia-Bacterial\Pneumonia-Bacterial (2469).jpg,Pneumonia-Bacterial,train
C:\Users\Admin\Desktop\dataset train\Dataset\COVID\COVID-19 (969).jpg,COVID,train
C:\Users\Admin\Desktop\dataset train\Dataset\Normal\Normal (73).jpg,Normal,train
C:\Users\Admin\Desktop\dataset train\Dataset\Pneumonia-Bacterial\Pneumonia-Bacterial (2817).jpg,Pneumonia-Bacterial,train
C:\Users\Admin\Desktop\dataset train\Dataset\Pneumonia-Bacterial\Pneumonia-Bacterial (2971).jpg,Pneumonia-Bacterial,train
C:\Users\Admin\Desktop\dataset train\Dataset\COVID\COVID-19 (762).jpg,COVID,train
C:\Users\Admin\Desktop\dataset train\Dataset\Normal\Normal (75).jpg,Normal,train
C:\Users\Admin\Desktop\dataset train\Dataset\Normal\Normal (2696).jpg,Normal,train
C:\Users\Admin\Desktop\dataset train\Dataset\COVID\COVID-19 (714).jpg,COVID,train
C:\Users\Admin\Desktop\dataset train\Dataset\COVID\COVID-19 (1270).jpg,COVID,train
C:\Users\Admin\Desktop\dataset train\Dataset\Pneumonia-Viral\Pneumonia-Viral (280).jpg,Pneumonia-Viral,train
C:\Users\Admin\Desktop\dataset train\Dataset\COVID\COVID-19 (1082).jpg,COVID,train
C:\Users\Admin\Desktop\dataset train\Dataset\Pneumonia-Viral\Pneumonia-Viral (138).jpg,Pneumonia-Viral,train
C:\Users\Admin\Desktop\dataset train\Dataset\Normal\Normal (1819).jpg,Normal,train
C:\Users\Admin\Desktop\dataset train\Dataset\Normal\Normal (2449).jpg,Normal,train
C:\Users\Admin\Desktop\dataset train\Dataset\Pneumonia-Bacterial\Pneumonia-Bacterial (697).jpg,Pneumonia-Bacterial,train
C:\Users\Admin\Desktop\dataset train\Dataset\Pneumonia-Bacterial\Pneumonia-Bacterial (2477).jpg,Pneumonia-Bacterial,train
C:\Users\Admin\Desktop\dataset train\Dataset\Pneumonia-Viral\Pneumonia-Viral (717).jpg,Pneumonia-Viral,train
C:\Users\Admin\Desktop\dataset train\Dataset\Pneumonia-Viral\Pneumonia-Viral (1299).jpg,Pneumonia-Viral,train
C:\Users\Admin\Desktop\dataset train\Dataset\Pneumonia-Viral\Pneumonia-Viral (1366).jpg,Pneumonia-Viral,train
C:\Users\Admin\Desktop\dataset train\Dataset\Pneumonia-Bacterial\Pneumonia-Bacterial (1209).jpg,Pneumonia-Bacterial,train
C:\Users\Admin\Desktop\dataset train\Dataset\Pneumonia-Viral\Pneumonia-Viral (1254).jpg,Pneumonia-Viral,train
C:\Users\Admin\Desktop\dataset train\Dataset\Normal\Normal (886).jpg,Normal,train
C:\Users\Admin\Desktop\dataset train\Dataset\Normal\Normal (347).jpg,Normal,train
C:\Users\Admin\Desktop\dataset train\Dataset\Pneumonia-Bacterial\Pneumonia-Bacterial (1792).jpg,Pneumonia-Bacterial,train
C:\Users\Admin\Desktop\dataset train\Dataset\Pneumonia-Bacterial\Pneumonia-Bacterial (1329).jpg,Pneumonia-Bacterial,train
C:\Users\Admin\Desktop\dataset train\Dataset\Normal\Normal (3137).jpg,Normal,train
C:\Users\Admin\Desktop\dataset train\Dataset\Normal\Normal (1610).jpg,Normal,train
C:\Users\Admin\Desktop\dataset train\Dataset\Pneumonia-Bacterial\Pneumonia-Bacterial (2913).jpg,Pneumonia-Bacterial,train
C:\Users\Admin\Desktop\dataset train\Dataset\COVID\COVID-19 (946).jpg,COVID,train
C:\Users\Admin\Desktop\dataset train\Dataset\Normal\Normal (2361).jpg,Normal,train
C:\Users\Admin\Desktop\dataset train\Dataset\COVID\COVID-19 (22).jpg,COVID,train
C:\Users\Admin\Desktop\dataset train\Dataset\Pneumonia-Viral\Pneumonia-Viral (1077).jpg,Pneumonia-Viral,train
C:\Users\Admin\Desktop\dataset train\Dataset\Pneumonia-Bacterial\Pneumonia-Bacterial (2554).jpg,Pneumonia-Bacterial,train
C:\Users\Admin\Desktop\dataset train\Dataset\Pneumonia-Bacterial\Pneumonia-Bacterial (791).jpg,Pneumonia-Bacterial,train
C:\Users\Admin\Desktop\dataset train\Dataset\Normal\Normal (2808).jpg,Normal,train
C:\Users\Admin\Desktop\dataset train\Dataset\Normal\Normal (2935).jpg,Normal,train
C:\Users\Admin\Desktop\dataset train\Dataset\Normal\Normal (774).jpg,Normal,train
C:\Users\Admin\Desktop\dataset train\Dataset\Pneumonia-Bacterial\Pneumonia-Bacterial (2940).jpg,Pneumonia-Bacterial,train
C:\Users\Admin\Desktop\dataset train\Dataset\Pneumonia-Bacterial\Pneumonia-Bacterial (1888).jpg,Pneumonia-Bacterial,train
C:\Users\Admin\Desktop\dataset train\Dataset\Normal\Normal (1829).jpg,Normal,train
C:\Users\Admin\Desktop\dataset train\Dataset\COVID\COVID-19 (79).jpg,COVID,train
C:\Users\Admin\Desktop\dataset train\Dataset\Pneumonia-Bacterial\Pneumonia-Bacterial (436).jpg,Pneumonia-Bacterial,train
C:\Users\Admin\Desktop\dataset train\Dataset\Pneumonia-Bacterial\Pneumonia-Bacterial (1060).jpg,Pneumonia-Bacterial,train
C:\Users\Admin\Desktop\dataset train\Dataset\Normal\Normal (2709).jpg,Normal,train
C:\Users\Admin\Desktop\dataset train\Dataset\Normal\Normal (2208).jpg,Normal,train
C:\Users\Admin\Desktop\dataset train\Dataset\Normal\Normal (308).jpg,Normal,train
C:\Users\Admin\Desktop\dataset train\Dataset\Pneumonia-Viral\Pneumonia-Viral (350).jpg,Pneumonia-Viral,train
C:\Users\Admin\Desktop\dataset train\Dataset\Normal\Normal (2635).jpg,Normal,train
C:\Users\Admin\Desktop\dataset train\Dataset\Pneumonia-Bacterial\Pneumonia-Bacterial (2812).jpg,Pneumonia-Bacterial,train
C:\Users\Admin\Desktop\dataset train\Dataset\Normal\Normal (1835).jpg,Normal,train
C:\Users\Admin\Desktop\dataset train\Dataset\Pneumonia-Bacterial\Pneumonia-Bacterial (134).jpg,Pneumonia-Bacterial,train
C:\Users\Admin\Desktop\dataset train\Dataset\Pneumonia-Viral\Pneumonia-Viral (659).jpg,Pneumonia-Viral,train
C:\Users\Admin\Desktop\dataset train\Dataset\Normal\Normal (2903).jpg,Normal,train
C:\Users\Admin\Desktop\dataset train\Dataset\Pneumonia-Bacterial\Pneumonia-Bacterial (1914).jpg,Pneumonia-Bacterial,train
C:\Users\Admin\Desktop\dataset train\Dataset\Normal\Normal (1916).jpg,Normal,train
C:\Users\Admin\Desktop\dataset train\Dataset\Normal\Normal (685).jpg,Normal,train
C:\Users\Admin\Desktop\dataset train\Dataset\Pneumonia-Viral\Pneumonia-Viral (824).jpg,Pneumonia-Viral,train
C:\Users\Admin\Desktop\dataset train\Dataset\Normal\Normal (2701).jpg,Normal,train
C:\Users\Admin\Desktop\dataset train\Dataset\COVID\COVID-19 (666).jpg,COVID,train
C:\Users\Admin\Desktop\dataset train\Dataset\Normal\Normal (657).jpg,Normal,train
C:\Users\Admin\Desktop\dataset train\Dataset\Normal\Normal (930).jpg,Normal,train
C:\Users\Admin\Desktop\dataset train\Dataset\Normal\Normal (2051).jpg,Normal,train
C:\Users\Admin\Desktop\dataset train\Dataset\Pneumonia-Viral\Pneumonia-Viral (921).jpg,Pneumonia-Viral,train
C:\Users\Admin\Desktop\dataset train\Dataset\Normal\Normal (2385).jpg,Normal,train
C:\Users\Admin\Desktop\dataset train\Dataset\Pneumonia-Viral\Pneumonia-Viral (183).jpg,Pneumonia-Viral,train
C:\Users\Admin\Desktop\dataset train\Dataset\Pneumonia-Bacterial\Pneumonia-Bacterial (2369).jpg,Pneumonia-Bacterial,train
C:\Users\Admin\Desktop\dataset train\Dataset\Pneumonia-Viral\Pneumonia-Viral (403).jpg,Pneumonia-Viral,train
C:\Users\Admin\Desktop\dataset train\Dataset\Pneumonia-Viral\Pneumonia-Viral (1427).jpg,Pneumonia-Viral,train
C:\Users\Admin\Desktop\dataset train\Dataset\Normal\Normal (269).jpg,Normal,train
C:\Users\Admin\Desktop\dataset train\Dataset\COVID\COVID-19 (213).jpg,COVID,train
C:\Users\Admin\Desktop\dataset train\Dataset\Pneumonia-Viral\Pneumonia-Viral (1651).jpg,Pneumonia-Viral,train
C:\Users\Admin\Desktop\dataset train\Dataset\Pneumonia-Viral\Pneumonia-Viral (355).jpg,Pneumonia-Viral,train
C:\Users\Admin\Desktop\dataset train\Dataset\Pneumonia-Bacterial\Pneumonia-Bacterial (1708).jpg,Pneumonia-Bacterial,train
C:\Users\Admin\Desktop\dataset train\Dataset\COVID\COVID-19 (580).jpg,COVID,train
C:\Users\Admin\Desktop\dataset train\Dataset\Pneumonia-Bacterial\Pneumonia-Bacterial (583).jpg,Pneumonia-Bacterial,train
C:\Users\Admin\Desktop\dataset train\Dataset\Normal\Normal (706).jpg,Normal,train
C:\Users\Admin\Desktop\dataset train\Dataset\Pneumonia-Viral\Pneumonia-Viral (909).jpg,Pneumonia-Viral,train
C:\Users\Admin\Desktop\dataset train\Dataset\Normal\Normal (1988).jpg,Normal,train
C:\Users\Admin\Desktop\dataset train\Dataset\Normal\Normal (2485).jpg,Normal,train
C:\Users\Admin\Desktop\dataset train\Dataset\Normal\Normal (1567).jpg,Normal,train
C:\Users\Admin\Desktop\dataset train\Dataset\Pneumonia-Bacterial\Pneumonia-Bacterial (228).jpg,Pneumonia-Bacterial,train
C:\Users\Admin\Desktop\dataset train\Dataset\Pneumonia-Bacterial\Pneumonia-Bacterial (2826).jpg,Pneumonia-Bacterial,train
C:\Users\Admin\Desktop\dataset train\Dataset\Normal\Normal (127).jpg,Normal,train
C:\Users\Admin\Desktop\dataset train\Dataset\Normal\Normal (1878).jpg,Normal,train
C:\Users\Admin\Desktop\dataset train\Dataset\Pneumonia-Viral\Pneumonia-Viral (766).jpg,Pneumonia-Viral,train
C:\Users\Admin\Desktop\dataset train\Dataset\Normal\Normal (2091).jpg,Normal,train
C:\Users\Admin\Desktop\dataset train\Dataset\Normal\Normal (866).jpg,Normal,train
C:\Users\Admin\Desktop\dataset train\Dataset\Pneumonia-Bacterial\Pneumonia-Bacterial (531).jpg,Pneumonia-Bacterial,train
C:\Users\Admin\Desktop\dataset train\Dataset\Normal\Normal (285).jpg,Normal,train
C:\Users\Admin\Desktop\dataset train\Dataset\Normal\Normal (446).jpg,Normal,train
C:\Users\Admin\Desktop\dataset train\Dataset\Pneumonia-Viral\Pneumonia-Viral (1291).jpg,Pneumonia-Viral,train
C:\Users\Admin\Desktop\dataset train\Dataset\COVID\COVID-19 (312).jpg,COVID,train
C:\Users\Admin\Desktop\dataset train\Dataset\Normal\Normal (1025).jpg,Normal,train
C:\Users\Admin\Desktop\dataset train\Dataset\Pneumonia-Viral\Pneumonia-Viral (439).jpg,Pneumonia-Viral,train
C:\Users\Admin\Desktop\dataset train\Dataset\Pneumonia-Bacterial\Pneumonia-Bacterial (2778).jpg,Pneumonia-Bacterial,train
C:\Users\Admin\Desktop\dataset train\Dataset\Normal\Normal (1898).jpg,Normal,train
C:\Users\Admin\Desktop\dataset train\Dataset\Pneumonia-Bacterial\Pneumonia-Bacterial (1981).jpg,Pneumonia-Bacterial,train
C:\Users\Admin\Desktop\dataset train\Dataset\Normal\Normal (2568).jpg,Normal,train
C:\Users\Admin\Desktop\dataset train\Dataset\COVID\COVID-19 (1086).jpg,COVID,train
C:\Users\Admin\Desktop\dataset train\Dataset\Normal\Normal (1558).jpg,Normal,train
C:\Users\Admin\Desktop\dataset train\Dataset\COVID\COVID-19 (1039).jpg,COVID,train
C:\Users\Admin\Desktop\dataset train\Dataset\Normal\Normal (82).jpg,Normal,train
C:\Users\Admin\Desktop\dataset train\Dataset\Pneumonia-Bacterial\Pneumonia-Bacterial (536).jpg,Pneumonia-Bacterial,train
C:\Users\Admin\Desktop\dataset train\Dataset\Normal\Normal (940).jpg,Normal,train
C:\Users\Admin\Desktop\dataset train\Dataset\Pneumonia-Bacterial\Pneumonia-Bacterial (995).jpg,Pneumonia-Bacterial,train
C:\Users\Admin\Desktop\dataset train\Dataset\Pneumonia-Bacterial\Pneumonia-Bacterial (2860).jpg,Pneumonia-Bacterial,train
C:\Users\Admin\Desktop\dataset train\Dataset\Normal\Normal (538).jpg,Normal,train
C:\Users\Admin\Desktop\dataset train\Dataset\Normal\Normal (1730).jpg,Normal,train
C:\Users\Admin\Desktop\dataset train\Dataset\Normal\Normal (172).jpg,Normal,train
C:\Users\Admin\Desktop\dataset train\Dataset\Pneumonia-Bacterial\Pneumonia-Bacterial (2801).jpg,Pneumonia-Bacterial,train
C:\Users\Admin\Desktop\dataset train\Dataset\Pneumonia-Bacterial\Pneumonia-Bacterial (2555).jpg,Pneumonia-Bacterial,train
C:\Users\Admin\Desktop\dataset train\Dataset\Normal\Normal (1334).jpg,Normal,train
C:\Users\Admin\Desktop\dataset train\Dataset\Normal\Normal (1978).jpg,Normal,train
C:\Users\Admin\Desktop\dataset train\Dataset\Pneumonia-Viral\Pneumonia-Viral (1477).jpg,Pneumonia-Viral,train
C:\Users\Admin\Desktop\dataset train\Dataset\Normal\Normal (346).jpg,Normal,train
C:\Users\Admin\Desktop\dataset train\Dataset\Normal\Normal (3255).jpg,Normal,train
C:\Users\Admin\Desktop\dataset train\Dataset\Pneumonia-Bacterial\Pneumonia-Bacterial (1769).jpg,Pneumonia-Bacterial,train
C:\Users\Admin\Desktop\dataset train\Dataset\Normal\Normal (1160).jpg,Normal,train
C:\Users\Admin\Desktop\dataset train\Dataset\Pneumonia-Viral\Pneumonia-Viral (1155).jpg,Pneumonia-Viral,train
C:\Users\Admin\Desktop\dataset train\Dataset\Normal\Normal (383).jpg,Normal,train
C:\Users\Admin\Desktop\dataset train\Dataset\Pneumonia-Bacterial\Pneumonia-Bacterial (2230).jpg,Pneumonia-Bacterial,train
C:\Users\Admin\Desktop\dataset train\Dataset\Pneumonia-Viral\Pneumonia-Viral (375).jpg,Pneumonia-Viral,train
C:\Users\Admin\Desktop\dataset train\Dataset\Normal\Normal (608).jpg,Normal,train
C:\Users\Admin\Desktop\dataset train\Dataset\Pneumonia-Bacterial\Pneumonia-Bacterial (1816).jpg,Pneumonia-Bacterial,train
C:\Users\Admin\Desktop\dataset train\Dataset\Pneumonia-Viral\Pneumonia-Viral (1405).jpg,Pneumonia-Viral,train
C:\Users\Admin\Desktop\dataset train\Dataset\Normal\Normal (2110).jpg,Normal,train
C:\Users\Admin\Desktop\dataset train\Dataset\Pneumonia-Bacterial\Pneumonia-Bacterial (937).jpg,Pneumonia-Bacterial,train
C:\Users\Admin\Desktop\dataset train\Dataset\Pneumonia-Bacterial\Pneumonia-Bacterial (1424).jpg,Pneumonia-Bacterial,train
C:\Users\Admin\Desktop\dataset train\Dataset\Pneumonia-Bacterial\Pneumonia-Bacterial (1957).jpg,Pneumonia-Bacterial,train
C:\Users\Admin\Desktop\dataset train\Dataset\Normal\Normal (624).jpg,Normal,train
C:\Users\Admin\Desktop\dataset train\Dataset\Normal\Normal (742).jpg,Normal,train
C:\Users\Admin\Desktop\dataset train\Dataset\Pneumonia-Viral\Pneumonia-Viral (1111).jpg,Pneumonia-Viral,train
C:\Users\Admin\Desktop\dataset train\Dataset\Normal\Normal (1844).jpg,Normal,train
C:\Users\Admin\Desktop\dataset train\Dataset\Pneumonia-Bacterial\Pneumonia-Bacterial (2407).jpg,Pneumonia-Bacterial,train
C:\Users\Admin\Desktop\dataset train\Dataset\Pneumonia-Bacterial\Pneumonia-Bacterial (2047).jpg,Pneumonia-Bacterial,train
C:\Users\Admin\Desktop\dataset train\Dataset\Normal\Normal (2761).jpg,Normal,train
C:\Users\Admin\Desktop\dataset train\Dataset\Normal\Normal (996).jpg,Normal,train
C:\Users\Admin\Desktop\dataset train\Dataset\Pneumonia-Bacterial\Pneumonia-Bacterial (526).jpg,Pneumonia-Bacterial,train
C:\Users\Admin\Desktop\dataset train\Dataset\Normal\Normal (2993).jpg,Normal,train
C:\Users\Admin\Desktop\dataset train\Dataset\COVID\COVID-19 (315).jpg,COVID,train
C:\Users\Admin\Desktop\dataset train\Dataset\Normal\Normal (2554).jpg,Normal,train
C:\Users\Admin\Desktop\dataset train\Dataset\Pneumonia-Viral\Pneumonia-Viral (1266).jpg,Pneumonia-Viral,train
C:\Users\Admin\Desktop\dataset train\Dataset\Pneumonia-Viral\Pneumonia-Viral (1508).jpg,Pneumonia-Viral,train
C:\Users\Admin\Desktop\dataset train\Dataset\Pneumonia-Bacterial\Pneumonia-Bacterial (1105).jpg,Pneumonia-Bacterial,train
C:\Users\Admin\Desktop\dataset train\Dataset\Pneumonia-Bacterial\Pneumonia-Bacterial (1456).jpg,Pneumonia-Bacterial,train
C:\Users\Admin\Desktop\dataset train\Dataset\COVID\COVID-19 (395).jpg,COVID,train
C:\Users\Admin\Desktop\dataset train\Dataset\Normal\Normal (1262).jpg,Normal,train
C:\Users\Admin\Desktop\dataset train\Dataset\Pneumonia-Bacterial\Pneumonia-Bacterial (1531).jpg,Pneumonia-Bacterial,train
C:\Users\Admin\Desktop\dataset train\Dataset\COVID\COVID-19 (49).jpg,COVID,train
C:\Users\Admin\Desktop\dataset train\Dataset\Pneumonia-Viral\Pneumonia-Viral (1627).jpg,Pneumonia-Viral,train
C:\Users\Admin\Desktop\dataset train\Dataset\Pneumonia-Viral\Pneumonia-Viral (900).jpg,Pneumonia-Viral,train
C:\Users\Admin\Desktop\dataset train\Dataset\COVID\COVID-19 (592).jpg,COVID,train
C:\Users\Admin\Desktop\dataset train\Dataset\Pneumonia-Bacterial\Pneumonia-Bacterial (2521).jpg,Pneumonia-Bacterial,train
C:\Users\Admin\Desktop\dataset train\Dataset\Normal\Normal (876).jpg,Normal,train
C:\Users\Admin\Desktop\dataset train\Dataset\Pneumonia-Viral\Pneumonia-Viral (29).jpg,Pneumonia-Viral,train
C:\Users\Admin\Desktop\dataset train\Dataset\Pneumonia-Bacterial\Pneumonia-Bacterial (1125).jpg,Pneumonia-Bacterial,train
C:\Users\Admin\Desktop\dataset train\Dataset\COVID\COVID-19 (957).jpg,COVID,train
C:\Users\Admin\Desktop\dataset train\Dataset\Normal\Normal (1228).jpg,Normal,train
C:\Users\Admin\Desktop\dataset train\Dataset\Pneumonia-Bacterial\Pneumonia-Bacterial (2307).jpg,Pneumonia-Bacterial,train
C:\Users\Admin\Desktop\dataset train\Dataset\Pneumonia-Bacterial\Pneumonia-Bacterial (2590).jpg,Pneumonia-Bacterial,train
C:\Users\Admin\Desktop\dataset train\Dataset\Normal\Normal (1761).jpg,Normal,train
C:\Users\Admin\Desktop\dataset train\Dataset\Pneumonia-Bacterial\Pneumonia-Bacterial (2730).jpg,Pneumonia-Bacterial,train
C:\Users\Admin\Desktop\dataset train\Dataset\Pneumonia-Bacterial\Pneumonia-Bacterial (360).jpg,Pneumonia-Bacterial,train
C:\Users\Admin\Desktop\dataset train\Dataset\Pneumonia-Bacterial\Pneumonia-Bacterial (1487).jpg,Pneumonia-Bacterial,train
C:\Users\Admin\Desktop\dataset train\Dataset\Normal\Normal (197).jpg,Normal,train
C:\Users\Admin\Desktop\dataset train\Dataset\COVID\COVID-19 (1255).jpg,COVID,train
C:\Users\Admin\Desktop\dataset train\Dataset\Normal\Normal (1015).jpg,Normal,train
C:\Users\Admin\Desktop\dataset train\Dataset\Normal\Normal (3162).jpg,Normal,train
C:\Users\Admin\Desktop\dataset train\Dataset\Normal\Normal (2788).jpg,Normal,train
C:\Users\Admin\Desktop\dataset train\Dataset\Pneumonia-Bacterial\Pneumonia-Bacterial (1941).jpg,Pneumonia-Bacterial,train
C:\Users\Admin\Desktop\dataset train\Dataset\Pneumonia-Viral\Pneumonia-Viral (1418).jpg,Pneumonia-Viral,train
C:\Users\Admin\Desktop\dataset train\Dataset\Normal\Normal (374).jpg,Normal,train
C:\Users\Admin\Desktop\dataset train\Dataset\Pneumonia-Viral\Pneumonia-Viral (446).jpg,Pneumonia-Viral,train
C:\Users\Admin\Desktop\dataset train\Dataset\Pneumonia-Bacterial\Pneumonia-Bacterial (671).jpg,Pneumonia-Bacterial,train
C:\Users\Admin\Desktop\dataset train\Dataset\Normal\Normal (2021).jpg,Normal,train
C:\Users\Admin\Desktop\dataset train\Dataset\COVID\COVID-19 (1026).jpg,COVID,train
C:\Users\Admin\Desktop\dataset train\Dataset\Normal\Normal (2053).jpg,Normal,train
C:\Users\Admin\Desktop\dataset train\Dataset\Normal\Normal (2394).jpg,Normal,train
C:\Users\Admin\Desktop\dataset train\Dataset\Pneumonia-Bacterial\Pneumonia-Bacterial (2281).jpg,Pneumonia-Bacterial,train
C:\Users\Admin\Desktop\dataset train\Dataset\Pneumonia-Bacterial\Pneumonia-Bacterial (2152).jpg,Pneumonia-Bacterial,train
C:\Users\Admin\Desktop\dataset train\Dataset\Pneumonia-Bacterial\Pneumonia-Bacterial (2423).jpg,Pneumonia-Bacterial,train
C:\Users\Admin\Desktop\dataset train\Dataset\Normal\Normal (1356).jpg,Normal,train
C:\Users\Admin\Desktop\dataset train\Dataset\Pneumonia-Bacterial\Pneumonia-Bacterial (2668).jpg,Pneumonia-Bacterial,train
C:\Users\Admin\Desktop\dataset train\Dataset\COVID\COVID-19 (626).jpg,COVID,train
C:\Users\Admin\Desktop\dataset train\Dataset\Normal\Normal (1793).jpg,Normal,train
C:\Users\Admin\Desktop\dataset train\Dataset\Normal\Normal (449).jpg,Normal,train
C:\Users\Admin\Desktop\dataset train\Dataset\Pneumonia-Viral\Pneumonia-Viral (540).jpg,Pneumonia-Viral,train
C:\Users\Admin\Desktop\dataset train\Dataset\Pneumonia-Bacterial\Pneumonia-Bacterial (498).jpg,Pneumonia-Bacterial,train
C:\Users\Admin\Desktop\dataset train\Dataset\COVID\COVID-19 (859).jpg,COVID,train
C:\Users\Admin\Desktop\dataset train\Dataset\COVID\COVID-19 (732).jpg,COVID,train
C:\Users\Admin\Desktop\dataset train\Dataset\Normal\Normal (1452).jpg,Normal,train
C:\Users\Admin\Desktop\dataset train\Dataset\Normal\Normal (3235).jpg,Normal,train
C:\Users\Admin\Desktop\dataset train\Dataset\Pneumonia-Viral\Pneumonia-Viral (1035).jpg,Pneumonia-Viral,train
C:\Users\Admin\Desktop\dataset train\Dataset\Normal\Normal (1760).jpg,Normal,train
C:\Users\Admin\Desktop\dataset train\Dataset\COVID\COVID-19 (15).jpg,COVID,train
C:\Users\Admin\Desktop\dataset train\Dataset\Pneumonia-Bacterial\Pneumonia-Bacterial (475).jpg,Pneumonia-Bacterial,train
C:\Users\Admin\Desktop\dataset train\Dataset\Pneumonia-Viral\Pneumonia-Viral (79).jpg,Pneumonia-Viral,train
C:\Users\Admin\Desktop\dataset train\Dataset\COVID\COVID-19 (772).jpg,COVID,train
C:\Users\Admin\Desktop\dataset train\Dataset\Pneumonia-Viral\Pneumonia-Viral (1547).jpg,Pneumonia-Viral,train
C:\Users\Admin\Desktop\dataset train\Dataset\Normal\Normal (42).jpg,Normal,train
C:\Users\Admin\Desktop\dataset train\Dataset\Pneumonia-Bacterial\Pneumonia-Bacterial (2091).jpg,Pneumonia-Bacterial,train
C:\Users\Admin\Desktop\dataset train\Dataset\Pneumonia-Viral\Pneumonia-Viral (1419).jpg,Pneumonia-Viral,train
C:\Users\Admin\Desktop\dataset train\Dataset\Pneumonia-Viral\Pneumonia-Viral (1243).jpg,Pneumonia-Viral,train
C:\Users\Admin\Desktop\dataset train\Dataset\Normal\Normal (2050).jpg,Normal,train
C:\Users\Admin\Desktop\dataset train\Dataset\Pneumonia-Bacterial\Pneumonia-Bacterial (346).jpg,Pneumonia-Bacterial,train
C:\Users\Admin\Desktop\dataset train\Dataset\Pneumonia-Bacterial\Pneumonia-Bacterial (910).jpg,Pneumonia-Bacterial,train
C:\Users\Admin\Desktop\dataset train\Dataset\COVID\COVID-19 (1220).jpg,COVID,train
C:\Users\Admin\Desktop\dataset train\Dataset\Pneumonia-Bacterial\Pneumonia-Bacterial (664).jpg,Pneumonia-Bacterial,train
C:\Users\Admin\Desktop\dataset train\Dataset\Normal\Normal (1958).jpg,Normal,train
C:\Users\Admin\Desktop\dataset train\Dataset\Normal\Normal (2238).jpg,Normal,train
C:\Users\Admin\Desktop\dataset train\Dataset\Pneumonia-Bacterial\Pneumonia-Bacterial (2038).jpg,Pneumonia-Bacterial,train
C:\Users\Admin\Desktop\dataset train\Dataset\COVID\COVID-19 (425).jpg,COVID,train
C:\Users\Admin\Desktop\dataset train\Dataset\COVID\COVID-19 (309).jpg,COVID,train
C:\Users\Admin\Desktop\dataset train\Dataset\Normal\Normal (3265).jpg,Normal,train
C:\Users\Admin\Desktop\dataset train\Dataset\COVID\COVID-19 (1207).jpg,COVID,train
C:\Users\Admin\Desktop\dataset train\Dataset\Normal\Normal (2273).jpg,Normal,train
C:\Users\Admin\Desktop\dataset train\Dataset\Normal\Normal (1104).jpg,Normal,train
C:\Users\Admin\Desktop\dataset train\Dataset\Pneumonia-Bacterial\Pneumonia-Bacterial (2084).jpg,Pneumonia-Bacterial,train
C:\Users\Admin\Desktop\dataset train\Dataset\Normal\Normal (1798).jpg,Normal,train
C:\Users\Admin\Desktop\dataset train\Dataset\Normal\Normal (1034).jpg,Normal,train
C:\Users\Admin\Desktop\dataset train\Dataset\Normal\Normal (917).jpg,Normal,train
C:\Users\Admin\Desktop\dataset train\Dataset\Normal\Normal (732).jpg,Normal,train
C:\Users\Admin\Desktop\dataset train\Dataset\Normal\Normal (604).jpg,Normal,train
C:\Users\Admin\Desktop\dataset train\Dataset\Normal\Normal (1624).jpg,Normal,train
C:\Users\Admin\Desktop\dataset train\Dataset\COVID\COVID-19 (490).jpg,COVID,train
C:\Users\Admin\Desktop\dataset train\Dataset\Pneumonia-Bacterial\Pneumonia-Bacterial (1399).jpg,Pneumonia-Bacterial,train
C:\Users\Admin\Desktop\dataset train\Dataset\Normal\Normal (366).jpg,Normal,train
C:\Users\Admin\Desktop\dataset train\Dataset\Normal\Normal (3209).jpg,Normal,train
C:\Users\Admin\Desktop\dataset train\Dataset\Normal\Normal (3159).jpg,Normal,train
C:\Users\Admin\Desktop\dataset train\Dataset\Normal\Normal (563).jpg,Normal,train
C:\Users\Admin\Desktop\dataset train\Dataset\Pneumonia-Bacterial\Pneumonia-Bacterial (649).jpg,Pneumonia-Bacterial,train
C:\Users\Admin\Desktop\dataset train\Dataset\Normal\Normal (2362).jpg,Normal,train
C:\Users\Admin\Desktop\dataset train\Dataset\Normal\Normal (900).jpg,Normal,train
C:\Users\Admin\Desktop\dataset train\Dataset\Pneumonia-Viral\Pneumonia-Viral (1046).jpg,Pneumonia-Viral,train
C:\Users\Admin\Desktop\dataset train\Dataset\Normal\Normal (1920).jpg,Normal,train
C:\Users\Admin\Desktop\dataset train\Dataset\Pneumonia-Bacterial\Pneumonia-Bacterial (579).jpg,Pneumonia-Bacterial,train
C:\Users\Admin\Desktop\dataset train\Dataset\Pneumonia-Bacterial\Pneumonia-Bacterial (1337).jpg,Pneumonia-Bacterial,train
C:\Users\Admin\Desktop\dataset train\Dataset\Pneumonia-Viral\Pneumonia-Viral (413).jpg,Pneumonia-Viral,train
C:\Users\Admin\Desktop\dataset train\Dataset\Pneumonia-Bacterial\Pneumonia-Bacterial (2699).jpg,Pneumonia-Bacterial,train
C:\Users\Admin\Desktop\dataset train\Dataset\Pneumonia-Bacterial\Pneumonia-Bacterial (458).jpg,Pneumonia-Bacterial,train
C:\Users\Admin\Desktop\dataset train\Dataset\Pneumonia-Bacterial\Pneumonia-Bacterial (347).jpg,Pneumonia-Bacterial,train
C:\Users\Admin\Desktop\dataset train\Dataset\Pneumonia-Bacterial\Pneumonia-Bacterial (609).jpg,Pneumonia-Bacterial,train
C:\Users\Admin\Desktop\dataset train\Dataset\Pneumonia-Bacterial\Pneumonia-Bacterial (669).jpg,Pneumonia-Bacterial,train
C:\Users\Admin\Desktop\dataset train\Dataset\Pneumonia-Bacterial\Pneumonia-Bacterial (381).jpg,Pneumonia-Bacterial,train
C:\Users\Admin\Desktop\dataset train\Dataset\COVID\COVID-19 (1146).jpg,COVID,train
C:\Users\Admin\Desktop\dataset train\Dataset\Pneumonia-Bacterial\Pneumonia-Bacterial (783).jpg,Pneumonia-Bacterial,train
C:\Users\Admin\Desktop\dataset train\Dataset\Normal\Normal (1806).jpg,Normal,train
C:\Users\Admin\Desktop\dataset train\Dataset\Pneumonia-Bacterial\Pneumonia-Bacterial (1048).jpg,Pneumonia-Bacterial,train
C:\Users\Admin\Desktop\dataset train\Dataset\Pneumonia-Viral\Pneumonia-Viral (309).jpg,Pneumonia-Viral,train
C:\Users\Admin\Desktop\dataset train\Dataset\COVID\COVID-19 (907).jpg,COVID,train
C:\Users\Admin\Desktop\dataset train\Dataset\Pneumonia-Bacterial\Pneumonia-Bacterial (1074).jpg,Pneumonia-Bacterial,train
C:\Users\Admin\Desktop\dataset train\Dataset\Normal\Normal (743).jpg,Normal,train
C:\Users\Admin\Desktop\dataset train\Dataset\COVID\COVID-19 (529).jpg,COVID,train
C:\Users\Admin\Desktop\dataset train\Dataset\COVID\COVID-19 (1195).jpg,COVID,train
C:\Users\Admin\Desktop\dataset train\Dataset\Pneumonia-Bacterial\Pneumonia-Bacterial (2115).jpg,Pneumonia-Bacterial,train
C:\Users\Admin\Desktop\dataset train\Dataset\Normal\Normal (2140).jpg,Normal,train
C:\Users\Admin\Desktop\dataset train\Dataset\Pneumonia-Bacterial\Pneumonia-Bacterial (2187).jpg,Pneumonia-Bacterial,train
C:\Users\Admin\Desktop\dataset train\Dataset\Normal\Normal (1924).jpg,Normal,train
C:\Users\Admin\Desktop\dataset train\Dataset\Pneumonia-Viral\Pneumonia-Viral (198).jpg,Pneumonia-Viral,train
C:\Users\Admin\Desktop\dataset train\Dataset\Pneumonia-Bacterial\Pneumonia-Bacterial (2029).jpg,Pneumonia-Bacterial,train
C:\Users\Admin\Desktop\dataset train\Dataset\Pneumonia-Bacterial\Pneumonia-Bacterial (763).jpg,Pneumonia-Bacterial,train
C:\Users\Admin\Desktop\dataset train\Dataset\Normal\Normal (1979).jpg,Normal,train
C:\Users\Admin\Desktop\dataset train\Dataset\COVID\COVID-19 (69).jpg,COVID,train
C:\Users\Admin\Desktop\dataset train\Dataset\Pneumonia-Bacterial\Pneumonia-Bacterial (689).jpg,Pneumonia-Bacterial,train
C:\Users\Admin\Desktop\dataset train\Dataset\COVID\COVID-19 (138).jpg,COVID,train
C:\Users\Admin\Desktop\dataset train\Dataset\Pneumonia-Viral\Pneumonia-Viral (1173).jpg,Pneumonia-Viral,train
C:\Users\Admin\Desktop\dataset train\Dataset\Pneumonia-Bacterial\Pneumonia-Bacterial (1540).jpg,Pneumonia-Bacterial,train
C:\Users\Admin\Desktop\dataset train\Dataset\Normal\Normal (185).jpg,Normal,train
C:\Users\Admin\Desktop\dataset train\Dataset\Normal\Normal (2973).jpg,Normal,train
C:\Users\Admin\Desktop\dataset train\Dataset\Normal\Normal (2998).jpg,Normal,train
C:\Users\Admin\Desktop\dataset train\Dataset\Normal\Normal (2710).jpg,Normal,train
C:\Users\Admin\Desktop\dataset train\Dataset\Pneumonia-Viral\Pneumonia-Viral (925).jpg,Pneumonia-Viral,train
C:\Users\Admin\Desktop\dataset train\Dataset\Normal\Normal (2822).jpg,Normal,train
C:\Users\Admin\Desktop\dataset train\Dataset\Normal\Normal (439).jpg,Normal,train
C:\Users\Admin\Desktop\dataset train\Dataset\Normal\Normal (1744).jpg,Normal,train
C:\Users\Admin\Desktop\dataset train\Dataset\COVID\COVID-19 (394).jpg,COVID,train
C:\Users\Admin\Desktop\dataset train\Dataset\Normal\Normal (918).jpg,Normal,train
C:\Users\Admin\Desktop\dataset train\Dataset\Normal\Normal (2308).jpg,Normal,train
C:\Users\Admin\Desktop\dataset train\Dataset\COVID\COVID-19 (1047).jpg,COVID,train
C:\Users\Admin\Desktop\dataset train\Dataset\Normal\Normal (884).jpg,Normal,train
C:\Users\Admin\Desktop\dataset train\Dataset\Pneumonia-Bacterial\Pneumonia-Bacterial (278).jpg,Pneumonia-Bacterial,train
C:\Users\Admin\Desktop\dataset train\Dataset\Pneumonia-Bacterial\Pneumonia-Bacterial (370).jpg,Pneumonia-Bacterial,train
C:\Users\Admin\Desktop\dataset train\Dataset\Pneumonia-Bacterial\Pneumonia-Bacterial (2157).jpg,Pneumonia-Bacterial,train
C:\Users\Admin\Desktop\dataset train\Dataset\COVID\COVID-19 (951).jpg,COVID,train
C:\Users\Admin\Desktop\dataset train\Dataset\Normal\Normal (1415).jpg,Normal,train
C:\Users\Admin\Desktop\dataset train\Dataset\Pneumonia-Bacterial\Pneumonia-Bacterial (161).jpg,Pneumonia-Bacterial,train
C:\Users\Admin\Desktop\dataset train\Dataset\Normal\Normal (2009).jpg,Normal,train
C:\Users\Admin\Desktop\dataset train\Dataset\Pneumonia-Bacterial\Pneumonia-Bacterial (1440).jpg,Pneumonia-Bacterial,train
C:\Users\Admin\Desktop\dataset train\Dataset\Normal\Normal (1952).jpg,Normal,train
C:\Users\Admin\Desktop\dataset train\Dataset\COVID\COVID-19 (399).jpg,COVID,train
C:\Users\Admin\Desktop\dataset train\Dataset\Normal\Normal (2613).jpg,Normal,train
C:\Users\Admin\Desktop\dataset train\Dataset\Pneumonia-Viral\Pneumonia-Viral (1070).jpg,Pneumonia-Viral,train
C:\Users\Admin\Desktop\dataset train\Dataset\Normal\Normal (1151).jpg,Normal,train
C:\Users\Admin\Desktop\dataset train\Dataset\Normal\Normal (1422).jpg,Normal,train
C:\Users\Admin\Desktop\dataset train\Dataset\Pneumonia-Viral\Pneumonia-Viral (383).jpg,Pneumonia-Viral,train
C:\Users\Admin\Desktop\dataset train\Dataset\Normal\Normal (2774).jpg,Normal,train
C:\Users\Admin\Desktop\dataset train\Dataset\Pneumonia-Bacterial\Pneumonia-Bacterial (1582).jpg,Pneumonia-Bacterial,train
C:\Users\Admin\Desktop\dataset train\Dataset\COVID\COVID-19 (662).jpg,COVID,train
C:\Users\Admin\Desktop\dataset train\Dataset\Pneumonia-Bacterial\Pneumonia-Bacterial (2103).jpg,Pneumonia-Bacterial,train
C:\Users\Admin\Desktop\dataset train\Dataset\Normal\Normal (1470).jpg,Normal,train
C:\Users\Admin\Desktop\dataset train\Dataset\Pneumonia-Bacterial\Pneumonia-Bacterial (2042).jpg,Pneumonia-Bacterial,train
C:\Users\Admin\Desktop\dataset train\Dataset\Pneumonia-Bacterial\Pneumonia-Bacterial (2582).jpg,Pneumonia-Bacterial,train
C:\Users\Admin\Desktop\dataset train\Dataset\Pneumonia-Bacterial\Pneumonia-Bacterial (721).jpg,Pneumonia-Bacterial,train
C:\Users\Admin\Desktop\dataset train\Dataset\Normal\Normal (2931).jpg,Normal,train
C:\Users\Admin\Desktop\dataset train\Dataset\Pneumonia-Bacterial\Pneumonia-Bacterial (2898).jpg,Pneumonia-Bacterial,train
C:\Users\Admin\Desktop\dataset train\Dataset\COVID\COVID-19 (526).jpg,COVID,train
C:\Users\Admin\Desktop\dataset train\Dataset\Pneumonia-Bacterial\Pneumonia-Bacterial (1340).jpg,Pneumonia-Bacterial,train
C:\Users\Admin\Desktop\dataset train\Dataset\Normal\Normal (1249).jpg,Normal,train
C:\Users\Admin\Desktop\dataset train\Dataset\Pneumonia-Bacterial\Pneumonia-Bacterial (880).jpg,Pneumonia-Bacterial,train
C:\Users\Admin\Desktop\dataset train\Dataset\Pneumonia-Viral\Pneumonia-Viral (1363).jpg,Pneumonia-Viral,train
C:\Users\Admin\Desktop\dataset train\Dataset\Pneumonia-Bacterial\Pneumonia-Bacterial (1907).jpg,Pneumonia-Bacterial,train
C:\Users\Admin\Desktop\dataset train\Dataset\Pneumonia-Bacterial\Pneumonia-Bacterial (361).jpg,Pneumonia-Bacterial,train
C:\Users\Admin\Desktop\dataset train\Dataset\Pneumonia-Bacterial\Pneumonia-Bacterial (1915).jpg,Pneumonia-Bacterial,train
C:\Users\Admin\Desktop\dataset train\Dataset\Pneumonia-Bacterial\Pneumonia-Bacterial (779).jpg,Pneumonia-Bacterial,train
C:\Users\Admin\Desktop\dataset train\Dataset\Normal\Normal (3023).jpg,Normal,train
C:\Users\Admin\Desktop\dataset train\Dataset\Pneumonia-Bacterial\Pneumonia-Bacterial (539).jpg,Pneumonia-Bacterial,train
C:\Users\Admin\Desktop\dataset train\Dataset\Normal\Normal (2528).jpg,Normal,train
C:\Users\Admin\Desktop\dataset train\Dataset\Pneumonia-Bacterial\Pneumonia-Bacterial (2164).jpg,Pneumonia-Bacterial,train
C:\Users\Admin\Desktop\dataset train\Dataset\Pneumonia-Bacterial\Pneumonia-Bacterial (1301).jpg,Pneumonia-Bacterial,train
C:\Users\Admin\Desktop\dataset train\Dataset\Normal\Normal (1474).jpg,Normal,train
C:\Users\Admin\Desktop\dataset train\Dataset\Pneumonia-Viral\Pneumonia-Viral (28).jpg,Pneumonia-Viral,train
C:\Users\Admin\Desktop\dataset train\Dataset\Normal\Normal (2158).jpg,Normal,train
C:\Users\Admin\Desktop\dataset train\Dataset\Pneumonia-Viral\Pneumonia-Viral (818).jpg,Pneumonia-Viral,train
C:\Users\Admin\Desktop\dataset train\Dataset\Pneumonia-Viral\Pneumonia-Viral (67).jpg,Pneumonia-Viral,train
C:\Users\Admin\Desktop\dataset train\Dataset\Pneumonia-Bacterial\Pneumonia-Bacterial (2351).jpg,Pneumonia-Bacterial,train
C:\Users\Admin\Desktop\dataset train\Dataset\Normal\Normal (1021).jpg,Normal,train
C:\Users\Admin\Desktop\dataset train\Dataset\COVID\COVID-19 (1048).jpg,COVID,train
C:\Users\Admin\Desktop\dataset train\Dataset\Normal\Normal (2264).jpg,Normal,train
C:\Users\Admin\Desktop\dataset train\Dataset\Pneumonia-Viral\Pneumonia-Viral (171).jpg,Pneumonia-Viral,train
C:\Users\Admin\Desktop\dataset train\Dataset\Pneumonia-Viral\Pneumonia-Viral (1531).jpg,Pneumonia-Viral,train
C:\Users\Admin\Desktop\dataset train\Dataset\Normal\Normal (2913).jpg,Normal,train
C:\Users\Admin\Desktop\dataset train\Dataset\COVID\COVID-19 (600).jpg,COVID,train
C:\Users\Admin\Desktop\dataset train\Dataset\Normal\Normal (1580).jpg,Normal,train
C:\Users\Admin\Desktop\dataset train\Dataset\COVID\COVID-19 (956).jpg,COVID,train
C:\Users\Admin\Desktop\dataset train\Dataset\COVID\COVID-19 (328).jpg,COVID,train
C:\Users\Admin\Desktop\dataset train\Dataset\COVID\COVID-19 (166).jpg,COVID,train
C:\Users\Admin\Desktop\dataset train\Dataset\Pneumonia-Bacterial\Pneumonia-Bacterial (1396).jpg,Pneumonia-Bacterial,train
C:\Users\Admin\Desktop\dataset train\Dataset\COVID\COVID-19 (504).jpg,COVID,train
C:\Users\Admin\Desktop\dataset train\Dataset\Pneumonia-Bacterial\Pneumonia-Bacterial (2127).jpg,Pneumonia-Bacterial,train
C:\Users\Admin\Desktop\dataset train\Dataset\Pneumonia-Bacterial\Pneumonia-Bacterial (1804).jpg,Pneumonia-Bacterial,train
C:\Users\Admin\Desktop\dataset train\Dataset\Pneumonia-Bacterial\Pneumonia-Bacterial (1117).jpg,Pneumonia-Bacterial,train
C:\Users\Admin\Desktop\dataset train\Dataset\Normal\Normal (225).jpg,Normal,train
C:\Users\Admin\Desktop\dataset train\Dataset\COVID\COVID-19 (554).jpg,COVID,train
C:\Users\Admin\Desktop\dataset train\Dataset\Pneumonia-Bacterial\Pneumonia-Bacterial (1093).jpg,Pneumonia-Bacterial,train
C:\Users\Admin\Desktop\dataset train\Dataset\Normal\Normal (2064).jpg,Normal,train
C:\Users\Admin\Desktop\dataset train\Dataset\Normal\Normal (223).jpg,Normal,train
C:\Users\Admin\Desktop\dataset train\Dataset\Normal\Normal (2527).jpg,Normal,train
C:\Users\Admin\Desktop\dataset train\Dataset\Pneumonia-Bacterial\Pneumonia-Bacterial (1635).jpg,Pneumonia-Bacterial,train
C:\Users\Admin\Desktop\dataset train\Dataset\COVID\COVID-19 (43).jpg,COVID,train
C:\Users\Admin\Desktop\dataset train\Dataset\Pneumonia-Bacterial\Pneumonia-Bacterial (942).jpg,Pneumonia-Bacterial,train
C:\Users\Admin\Desktop\dataset train\Dataset\Pneumonia-Viral\Pneumonia-Viral (846).jpg,Pneumonia-Viral,train
C:\Users\Admin\Desktop\dataset train\Dataset\COVID\COVID-19 (1245).jpg,COVID,train
C:\Users\Admin\Desktop\dataset train\Dataset\Pneumonia-Bacterial\Pneumonia-Bacterial (256).jpg,Pneumonia-Bacterial,train
C:\Users\Admin\Desktop\dataset train\Dataset\Normal\Normal (545).jpg,Normal,train
C:\Users\Admin\Desktop\dataset train\Dataset\Normal\Normal (2755).jpg,Normal,train
C:\Users\Admin\Desktop\dataset train\Dataset\Pneumonia-Bacterial\Pneumonia-Bacterial (1491).jpg,Pneumonia-Bacterial,train
C:\Users\Admin\Desktop\dataset train\Dataset\Normal\Normal (2964).jpg,Normal,train
C:\Users\Admin\Desktop\dataset train\Dataset\Pneumonia-Bacterial\Pneumonia-Bacterial (2617).jpg,Pneumonia-Bacterial,train
C:\Users\Admin\Desktop\dataset train\Dataset\Pneumonia-Bacterial\Pneumonia-Bacterial (1395).jpg,Pneumonia-Bacterial,train
C:\Users\Admin\Desktop\dataset train\Dataset\COVID\COVID-19 (1136).jpg,COVID,train
C:\Users\Admin\Desktop\dataset train\Dataset\COVID\COVID-19 (1018).jpg,COVID,train
C:\Users\Admin\Desktop\dataset train\Dataset\COVID\COVID-19 (949).jpg,COVID,train
C:\Users\Admin\Desktop\dataset train\Dataset\Normal\Normal (62).jpg,Normal,train
C:\Users\Admin\Desktop\dataset train\Dataset\Pneumonia-Bacterial\Pneumonia-Bacterial (25).jpg,Pneumonia-Bacterial,train
C:\Users\Admin\Desktop\dataset train\Dataset\Normal\Normal (274).jpg,Normal,train
C:\Users\Admin\Desktop\dataset train\Dataset\Normal\Normal (729).jpg,Normal,train
C:\Users\Admin\Desktop\dataset train\Dataset\Normal\Normal (1291).jpg,Normal,train
C:\Users\Admin\Desktop\dataset train\Dataset\Normal\Normal (1709).jpg,Normal,train
C:\Users\Admin\Desktop\dataset train\Dataset\Normal\Normal (1183).jpg,Normal,train
C:\Users\Admin\Desktop\dataset train\Dataset\Normal\Normal (2078).jpg,Normal,train
C:\Users\Admin\Desktop\dataset train\Dataset\Pneumonia-Bacterial\Pneumonia-Bacterial (2797).jpg,Pneumonia-Bacterial,train
C:\Users\Admin\Desktop\dataset train\Dataset\Normal\Normal (2562).jpg,Normal,train
C:\Users\Admin\Desktop\dataset train\Dataset\Normal\Normal (3267).jpg,Normal,train
C:\Users\Admin\Desktop\dataset train\Dataset\Pneumonia-Bacterial\Pneumonia-Bacterial (1843).jpg,Pneumonia-Bacterial,train
C:\Users\Admin\Desktop\dataset train\Dataset\Pneumonia-Bacterial\Pneumonia-Bacterial (1820).jpg,Pneumonia-Bacterial,train
C:\Users\Admin\Desktop\dataset train\Dataset\Pneumonia-Bacterial\Pneumonia-Bacterial (600).jpg,Pneumonia-Bacterial,train
C:\Users\Admin\Desktop\dataset train\Dataset\Pneumonia-Bacterial\Pneumonia-Bacterial (207).jpg,Pneumonia-Bacterial,train
C:\Users\Admin\Desktop\dataset train\Dataset\Pneumonia-Viral\Pneumonia-Viral (151).jpg,Pneumonia-Viral,train
C:\Users\Admin\Desktop\dataset train\Dataset\Pneumonia-Viral\Pneumonia-Viral (1467).jpg,Pneumonia-Viral,train
C:\Users\Admin\Desktop\dataset train\Dataset\Normal\Normal (2411).jpg,Normal,train
C:\Users\Admin\Desktop\dataset train\Dataset\Normal\Normal (1225).jpg,Normal,train
C:\Users\Admin\Desktop\dataset train\Dataset\Pneumonia-Viral\Pneumonia-Viral (1154).jpg,Pneumonia-Viral,train
C:\Users\Admin\Desktop\dataset train\Dataset\Normal\Normal (990).jpg,Normal,train
C:\Users\Admin\Desktop\dataset train\Dataset\Pneumonia-Bacterial\Pneumonia-Bacterial (582).jpg,Pneumonia-Bacterial,train
C:\Users\Admin\Desktop\dataset train\Dataset\COVID\COVID-19 (299).jpg,COVID,train
C:\Users\Admin\Desktop\dataset train\Dataset\Pneumonia-Viral\Pneumonia-Viral (508).jpg,Pneumonia-Viral,train
C:\Users\Admin\Desktop\dataset train\Dataset\Pneumonia-Bacterial\Pneumonia-Bacterial (2987).jpg,Pneumonia-Bacterial,train
C:\Users\Admin\Desktop\dataset train\Dataset\Normal\Normal (451).jpg,Normal,train
C:\Users\Admin\Desktop\dataset train\Dataset\Pneumonia-Bacterial\Pneumonia-Bacterial (2285).jpg,Pneumonia-Bacterial,train
C:\Users\Admin\Desktop\dataset train\Dataset\Pneumonia-Bacterial\Pneumonia-Bacterial (987).jpg,Pneumonia-Bacterial,train
C:\Users\Admin\Desktop\dataset train\Dataset\COVID\COVID-19 (155).jpg,COVID,train
C:\Users\Admin\Desktop\dataset train\Dataset\Normal\Normal (3051).jpg,Normal,train
C:\Users\Admin\Desktop\dataset train\Dataset\Pneumonia-Bacterial\Pneumonia-Bacterial (2015).jpg,Pneumonia-Bacterial,train
C:\Users\Admin\Desktop\dataset train\Dataset\Pneumonia-Viral\Pneumonia-Viral (1306).jpg,Pneumonia-Viral,train
C:\Users\Admin\Desktop\dataset train\Dataset\Normal\Normal (2223).jpg,Normal,train
C:\Users\Admin\Desktop\dataset train\Dataset\Pneumonia-Viral\Pneumonia-Viral (451).jpg,Pneumonia-Viral,train
C:\Users\Admin\Desktop\dataset train\Dataset\COVID\COVID-19 (1197).jpg,COVID,train
C:\Users\Admin\Desktop\dataset train\Dataset\Pneumonia-Bacterial\Pneumonia-Bacterial (1385).jpg,Pneumonia-Bacterial,train
C:\Users\Admin\Desktop\dataset train\Dataset\Normal\Normal (3174).jpg,Normal,train
C:\Users\Admin\Desktop\dataset train\Dataset\Pneumonia-Bacterial\Pneumonia-Bacterial (297).jpg,Pneumonia-Bacterial,train
C:\Users\Admin\Desktop\dataset train\Dataset\Normal\Normal (879).jpg,Normal,train
C:\Users\Admin\Desktop\dataset train\Dataset\Normal\Normal (3070).jpg,Normal,train
C:\Users\Admin\Desktop\dataset train\Dataset\Pneumonia-Viral\Pneumonia-Viral (364).jpg,Pneumonia-Viral,train
C:\Users\Admin\Desktop\dataset train\Dataset\Pneumonia-Bacterial\Pneumonia-Bacterial (1115).jpg,Pneumonia-Bacterial,train
C:\Users\Admin\Desktop\dataset train\Dataset\Pneumonia-Viral\Pneumonia-Viral (1141).jpg,Pneumonia-Viral,train
C:\Users\Admin\Desktop\dataset train\Dataset\Pneumonia-Viral\Pneumonia-Viral (1301).jpg,Pneumonia-Viral,train
C:\Users\Admin\Desktop\dataset train\Dataset\COVID\COVID-19 (597).jpg,COVID,train
C:\Users\Admin\Desktop\dataset train\Dataset\COVID\COVID-19 (936).jpg,COVID,train
C:\Users\Admin\Desktop\dataset train\Dataset\Pneumonia-Bacterial\Pneumonia-Bacterial (1776).jpg,Pneumonia-Bacterial,train
C:\Users\Admin\Desktop\dataset train\Dataset\Normal\Normal (1143).jpg,Normal,train
C:\Users\Admin\Desktop\dataset train\Dataset\COVID\COVID-19 (925).jpg,COVID,train
C:\Users\Admin\Desktop\dataset train\Dataset\COVID\COVID-19 (794).jpg,COVID,train
C:\Users\Admin\Desktop\dataset train\Dataset\Pneumonia-Bacterial\Pneumonia-Bacterial (395).jpg,Pneumonia-Bacterial,train
C:\Users\Admin\Desktop\dataset train\Dataset\Pneumonia-Bacterial\Pneumonia-Bacterial (706).jpg,Pneumonia-Bacterial,train
C:\Users\Admin\Desktop\dataset train\Dataset\Normal\Normal (491).jpg,Normal,train
C:\Users\Admin\Desktop\dataset train\Dataset\Normal\Normal (2172).jpg,Normal,train
C:\Users\Admin\Desktop\dataset train\Dataset\COVID\COVID-19 (432).jpg,COVID,train
C:\Users\Admin\Desktop\dataset train\Dataset\Normal\Normal (2377).jpg,Normal,train
C:\Users\Admin\Desktop\dataset train\Dataset\COVID\COVID-19 (650).jpg,COVID,train
C:\Users\Admin\Desktop\dataset train\Dataset\Normal\Normal (1390).jpg,Normal,train
C:\Users\Admin\Desktop\dataset train\Dataset\Pneumonia-Bacterial\Pneumonia-Bacterial (2338).jpg,Pneumonia-Bacterial,train
C:\Users\Admin\Desktop\dataset train\Dataset\COVID\COVID-19 (1002).jpg,COVID,train
C:\Users\Admin\Desktop\dataset train\Dataset\Pneumonia-Viral\Pneumonia-Viral (506).jpg,Pneumonia-Viral,train
C:\Users\Admin\Desktop\dataset train\Dataset\Pneumonia-Bacterial\Pneumonia-Bacterial (661).jpg,Pneumonia-Bacterial,train
C:\Users\Admin\Desktop\dataset train\Dataset\Pneumonia-Bacterial\Pneumonia-Bacterial (384).jpg,Pneumonia-Bacterial,train
C:\Users\Admin\Desktop\dataset train\Dataset\Normal\Normal (1038).jpg,Normal,train
C:\Users\Admin\Desktop\dataset train\Dataset\Pneumonia-Bacterial\Pneumonia-Bacterial (2048).jpg,Pneumonia-Bacterial,train
C:\Users\Admin\Desktop\dataset train\Dataset\Normal\Normal (3079).jpg,Normal,train
C:\Users\Admin\Desktop\dataset train\Dataset\Pneumonia-Bacterial\Pneumonia-Bacterial (819).jpg,Pneumonia-Bacterial,train
C:\Users\Admin\Desktop\dataset train\Dataset\Normal\Normal (2706).jpg,Normal,train
C:\Users\Admin\Desktop\dataset train\Dataset\Normal\Normal (1931).jpg,Normal,train
C:\Users\Admin\Desktop\dataset train\Dataset\Pneumonia-Bacterial\Pneumonia-Bacterial (41).jpg,Pneumonia-Bacterial,train
C:\Users\Admin\Desktop\dataset train\Dataset\Normal\Normal (2909).jpg,Normal,train
C:\Users\Admin\Desktop\dataset train\Dataset\Pneumonia-Viral\Pneumonia-Viral (435).jpg,Pneumonia-Viral,train
C:\Users\Admin\Desktop\dataset train\Dataset\Pneumonia-Viral\Pneumonia-Viral (402).jpg,Pneumonia-Viral,train
C:\Users\Admin\Desktop\dataset train\Dataset\Pneumonia-Viral\Pneumonia-Viral (117).jpg,Pneumonia-Viral,train
C:\Users\Admin\Desktop\dataset train\Dataset\Normal\Normal (1767).jpg,Normal,train
C:\Users\Admin\Desktop\dataset train\Dataset\Pneumonia-Viral\Pneumonia-Viral (320).jpg,Pneumonia-Viral,train
C:\Users\Admin\Desktop\dataset train\Dataset\Pneumonia-Viral\Pneumonia-Viral (999).jpg,Pneumonia-Viral,train
C:\Users\Admin\Desktop\dataset train\Dataset\Pneumonia-Bacterial\Pneumonia-Bacterial (1642).jpg,Pneumonia-Bacterial,train
C:\Users\Admin\Desktop\dataset train\Dataset\Pneumonia-Viral\Pneumonia-Viral (1215).jpg,Pneumonia-Viral,train
C:\Users\Admin\Desktop\dataset train\Dataset\Normal\Normal (695).jpg,Normal,train
C:\Users\Admin\Desktop\dataset train\Dataset\Normal\Normal (816).jpg,Normal,train
C:\Users\Admin\Desktop\dataset train\Dataset\Pneumonia-Viral\Pneumonia-Viral (1052).jpg,Pneumonia-Viral,train
C:\Users\Admin\Desktop\dataset train\Dataset\Normal\Normal (2884).jpg,Normal,train
C:\Users\Admin\Desktop\dataset train\Dataset\COVID\COVID-19 (1121).jpg,COVID,train
C:\Users\Admin\Desktop\dataset train\Dataset\Normal\Normal (724).jpg,Normal,train
C:\Users\Admin\Desktop\dataset train\Dataset\Pneumonia-Viral\Pneumonia-Viral (754).jpg,Pneumonia-Viral,train
C:\Users\Admin\Desktop\dataset train\Dataset\Normal\Normal (3181).jpg,Normal,train
C:\Users\Admin\Desktop\dataset train\Dataset\Pneumonia-Viral\Pneumonia-Viral (178).jpg,Pneumonia-Viral,train
C:\Users\Admin\Desktop\dataset train\Dataset\Normal\Normal (69).jpg,Normal,train
C:\Users\Admin\Desktop\dataset train\Dataset\COVID\COVID-19 (120).jpg,COVID,train
C:\Users\Admin\Desktop\dataset train\Dataset\Pneumonia-Bacterial\Pneumonia-Bacterial (2960).jpg,Pneumonia-Bacterial,train
C:\Users\Admin\Desktop\dataset train\Dataset\Normal\Normal (470).jpg,Normal,train
C:\Users\Admin\Desktop\dataset train\Dataset\Normal\Normal (1294).jpg,Normal,train
C:\Users\Admin\Desktop\dataset train\Dataset\Normal\Normal (1574).jpg,Normal,train
C:\Users\Admin\Desktop\dataset train\Dataset\Pneumonia-Bacterial\Pneumonia-Bacterial (1940).jpg,Pneumonia-Bacterial,train
C:\Users\Admin\Desktop\dataset train\Dataset\Pneumonia-Bacterial\Pneumonia-Bacterial (2593).jpg,Pneumonia-Bacterial,train
C:\Users\Admin\Desktop\dataset train\Dataset\Pneumonia-Bacterial\Pneumonia-Bacterial (2110).jpg,Pneumonia-Bacterial,train
C:\Users\Admin\Desktop\dataset train\Dataset\Normal\Normal (863).jpg,Normal,train
C:\Users\Admin\Desktop\dataset train\Dataset\Normal\Normal (680).jpg,Normal,train
C:\Users\Admin\Desktop\dataset train\Dataset\Pneumonia-Viral\Pneumonia-Viral (1087).jpg,Pneumonia-Viral,train
C:\Users\Admin\Desktop\dataset train\Dataset\Pneumonia-Bacterial\Pneumonia-Bacterial (1854).jpg,Pneumonia-Bacterial,train
C:\Users\Admin\Desktop\dataset train\Dataset\COVID\COVID-19 (217).jpg,COVID,train
C:\Users\Admin\Desktop\dataset train\Dataset\Normal\Normal (3238).jpg,Normal,train
C:\Users\Admin\Desktop\dataset train\Dataset\Pneumonia-Bacterial\Pneumonia-Bacterial (1155).jpg,Pneumonia-Bacterial,train
C:\Users\Admin\Desktop\dataset train\Dataset\Pneumonia-Bacterial\Pneumonia-Bacterial (2434).jpg,Pneumonia-Bacterial,train
C:\Users\Admin\Desktop\dataset train\Dataset\Normal\Normal (2082).jpg,Normal,train
C:\Users\Admin\Desktop\dataset train\Dataset\Pneumonia-Viral\Pneumonia-Viral (1431).jpg,Pneumonia-Viral,train
C:\Users\Admin\Desktop\dataset train\Dataset\COVID\COVID-19 (587).jpg,COVID,train
C:\Users\Admin\Desktop\dataset train\Dataset\Pneumonia-Bacterial\Pneumonia-Bacterial (268).jpg,Pneumonia-Bacterial,train
C:\Users\Admin\Desktop\dataset train\Dataset\COVID\COVID-19 (446).jpg,COVID,train
C:\Users\Admin\Desktop\dataset train\Dataset\COVID\COVID-19 (1116).jpg,COVID,train
C:\Users\Admin\Desktop\dataset train\Dataset\Normal\Normal (1552).jpg,Normal,train
C:\Users\Admin\Desktop\dataset train\Dataset\Normal\Normal (2212).jpg,Normal,train
C:\Users\Admin\Desktop\dataset train\Dataset\Normal\Normal (1735).jpg,Normal,train
C:\Users\Admin\Desktop\dataset train\Dataset\COVID\COVID-19 (410).jpg,COVID,train
C:\Users\Admin\Desktop\dataset train\Dataset\Pneumonia-Viral\Pneumonia-Viral (1094).jpg,Pneumonia-Viral,train
C:\Users\Admin\Desktop\dataset train\Dataset\Pneumonia-Bacterial\Pneumonia-Bacterial (1331).jpg,Pneumonia-Bacterial,train
C:\Users\Admin\Desktop\dataset train\Dataset\Pneumonia-Viral\Pneumonia-Viral (799).jpg,Pneumonia-Viral,train
C:\Users\Admin\Desktop\dataset train\Dataset\COVID\COVID-19 (175).jpg,COVID,train
C:\Users\Admin\Desktop\dataset train\Dataset\COVID\COVID-19 (641).jpg,COVID,train
C:\Users\Admin\Desktop\dataset train\Dataset\Pneumonia-Bacterial\Pneumonia-Bacterial (673).jpg,Pneumonia-Bacterial,train
C:\Users\Admin\Desktop\dataset train\Dataset\Normal\Normal (755).jpg,Normal,train
C:\Users\Admin\Desktop\dataset train\Dataset\Pneumonia-Bacterial\Pneumonia-Bacterial (2933).jpg,Pneumonia-Bacterial,train
C:\Users\Admin\Desktop\dataset train\Dataset\Pneumonia-Viral\Pneumonia-Viral (1096).jpg,Pneumonia-Viral,train
C:\Users\Admin\Desktop\dataset train\Dataset\Normal\Normal (1647).jpg,Normal,train
C:\Users\Admin\Desktop\dataset train\Dataset\COVID\COVID-19 (1098).jpg,COVID,train
C:\Users\Admin\Desktop\dataset train\Dataset\COVID\COVID-19 (416).jpg,COVID,train
C:\Users\Admin\Desktop\dataset train\Dataset\Normal\Normal (1777).jpg,Normal,train
C:\Users\Admin\Desktop\dataset train\Dataset\Normal\Normal (137).jpg,Normal,train
C:\Users\Admin\Desktop\dataset train\Dataset\COVID\COVID-19 (119).jpg,COVID,train
C:\Users\Admin\Desktop\dataset train\Dataset\Pneumonia-Bacterial\Pneumonia-Bacterial (2773).jpg,Pneumonia-Bacterial,train
C:\Users\Admin\Desktop\dataset train\Dataset\Normal\Normal (612).jpg,Normal,train
C:\Users\Admin\Desktop\dataset train\Dataset\Pneumonia-Viral\Pneumonia-Viral (1505).jpg,Pneumonia-Viral,train
C:\Users\Admin\Desktop\dataset train\Dataset\COVID\COVID-19 (17).jpg,COVID,train
C:\Users\Admin\Desktop\dataset train\Dataset\Normal\Normal (148).jpg,Normal,train
C:\Users\Admin\Desktop\dataset train\Dataset\COVID\COVID-19 (556).jpg,COVID,train
C:\Users\Admin\Desktop\dataset train\Dataset\Normal\Normal (1123).jpg,Normal,train
C:\Users\Admin\Desktop\dataset train\Dataset\Normal\Normal (2354).jpg,Normal,train
C:\Users\Admin\Desktop\dataset train\Dataset\Normal\Normal (1377).jpg,Normal,train
C:\Users\Admin\Desktop\dataset train\Dataset\Normal\Normal (640).jpg,Normal,train
C:\Users\Admin\Desktop\dataset train\Dataset\Pneumonia-Viral\Pneumonia-Viral (1482).jpg,Pneumonia-Viral,train
C:\Users\Admin\Desktop\dataset train\Dataset\COVID\COVID-19 (497).jpg,COVID,train
C:\Users\Admin\Desktop\dataset train\Dataset\Normal\Normal (2256).jpg,Normal,train
C:\Users\Admin\Desktop\dataset train\Dataset\Pneumonia-Bacterial\Pneumonia-Bacterial (3).jpg,Pneumonia-Bacterial,train
C:\Users\Admin\Desktop\dataset train\Dataset\Pneumonia-Viral\Pneumonia-Viral (947).jpg,Pneumonia-Viral,train
C:\Users\Admin\Desktop\dataset train\Dataset\Pneumonia-Bacterial\Pneumonia-Bacterial (169).jpg,Pneumonia-Bacterial,train
C:\Users\Admin\Desktop\dataset train\Dataset\Pneumonia-Bacterial\Pneumonia-Bacterial (505).jpg,Pneumonia-Bacterial,train
C:\Users\Admin\Desktop\dataset train\Dataset\Normal\Normal (304).jpg,Normal,train
C:\Users\Admin\Desktop\dataset train\Dataset\Normal\Normal (2199).jpg,Normal,train
C:\Users\Admin\Desktop\dataset train\Dataset\Pneumonia-Bacterial\Pneumonia-Bacterial (2737).jpg,Pneumonia-Bacterial,train
C:\Users\Admin\Desktop\dataset train\Dataset\Pneumonia-Bacterial\Pneumonia-Bacterial (1638).jpg,Pneumonia-Bacterial,train
C:\Users\Admin\Desktop\dataset train\Dataset\Normal\Normal (20).jpg,Normal,train
C:\Users\Admin\Desktop\dataset train\Dataset\Pneumonia-Viral\Pneumonia-Viral (226).jpg,Pneumonia-Viral,train
C:\Users\Admin\Desktop\dataset train\Dataset\Normal\Normal (3003).jpg,Normal,train
C:\Users\Admin\Desktop\dataset train\Dataset\Normal\Normal (263).jpg,Normal,train
C:\Users\Admin\Desktop\dataset train\Dataset\Normal\Normal (194).jpg,Normal,train
C:\Users\Admin\Desktop\dataset train\Dataset\Normal\Normal (2412).jpg,Normal,train
C:\Users\Admin\Desktop\dataset train\Dataset\COVID\COVID-19 (466).jpg,COVID,train
C:\Users\Admin\Desktop\dataset train\Dataset\Pneumonia-Viral\Pneumonia-Viral (949).jpg,Pneumonia-Viral,train
C:\Users\Admin\Desktop\dataset train\Dataset\Normal\Normal (1458).jpg,Normal,train
C:\Users\Admin\Desktop\dataset train\Dataset\Normal\Normal (2681).jpg,Normal,train
C:\Users\Admin\Desktop\dataset train\Dataset\Normal\Normal (3256).jpg,Normal,train
C:\Users\Admin\Desktop\dataset train\Dataset\Normal\Normal (1652).jpg,Normal,train
C:\Users\Admin\Desktop\dataset train\Dataset\Normal\Normal (1127).jpg,Normal,train
C:\Users\Admin\Desktop\dataset train\Dataset\Pneumonia-Bacterial\Pneumonia-Bacterial (907).jpg,Pneumonia-Bacterial,train
C:\Users\Admin\Desktop\dataset train\Dataset\COVID\COVID-19 (236).jpg,COVID,train
C:\Users\Admin\Desktop\dataset train\Dataset\Pneumonia-Bacterial\Pneumonia-Bacterial (1158).jpg,Pneumonia-Bacterial,train
C:\Users\Admin\Desktop\dataset train\Dataset\Pneumonia-Bacterial\Pneumonia-Bacterial (2356).jpg,Pneumonia-Bacterial,train
C:\Users\Admin\Desktop\dataset train\Dataset\COVID\COVID-19 (19).jpg,COVID,train
C:\Users\Admin\Desktop\dataset train\Dataset\COVID\COVID-19 (1139).jpg,COVID,train
C:\Users\Admin\Desktop\dataset train\Dataset\Normal\Normal (2148).jpg,Normal,train
C:\Users\Admin\Desktop\dataset train\Dataset\Pneumonia-Bacterial\Pneumonia-Bacterial (156).jpg,Pneumonia-Bacterial,train
C:\Users\Admin\Desktop\dataset train\Dataset\Pneumonia-Bacterial\Pneumonia-Bacterial (1185).jpg,Pneumonia-Bacterial,train
C:\Users\Admin\Desktop\dataset train\Dataset\COVID\COVID-19 (76).jpg,COVID,train
C:\Users\Admin\Desktop\dataset train\Dataset\Normal\Normal (1203).jpg,Normal,train
C:\Users\Admin\Desktop\dataset train\Dataset\Pneumonia-Bacterial\Pneumonia-Bacterial (648).jpg,Pneumonia-Bacterial,train
C:\Users\Admin\Desktop\dataset train\Dataset\Pneumonia-Bacterial\Pneumonia-Bacterial (2055).jpg,Pneumonia-Bacterial,train
C:\Users\Admin\Desktop\dataset train\Dataset\Pneumonia-Bacterial\Pneumonia-Bacterial (470).jpg,Pneumonia-Bacterial,train
C:\Users\Admin\Desktop\dataset train\Dataset\Pneumonia-Bacterial\Pneumonia-Bacterial (2656).jpg,Pneumonia-Bacterial,train
C:\Users\Admin\Desktop\dataset train\Dataset\Pneumonia-Bacterial\Pneumonia-Bacterial (2422).jpg,Pneumonia-Bacterial,train
C:\Users\Admin\Desktop\dataset train\Dataset\Pneumonia-Bacterial\Pneumonia-Bacterial (1616).jpg,Pneumonia-Bacterial,train
C:\Users\Admin\Desktop\dataset train\Dataset\Pneumonia-Bacterial\Pneumonia-Bacterial (2339).jpg,Pneumonia-Bacterial,train
C:\Users\Admin\Desktop\dataset train\Dataset\Normal\Normal (1370).jpg,Normal,train
C:\Users\Admin\Desktop\dataset train\Dataset\COVID\COVID-19 (964).jpg,COVID,train
C:\Users\Admin\Desktop\dataset train\Dataset\Pneumonia-Bacterial\Pneumonia-Bacterial (55).jpg,Pneumonia-Bacterial,train
C:\Users\Admin\Desktop\dataset train\Dataset\Pneumonia-Bacterial\Pneumonia-Bacterial (2978).jpg,Pneumonia-Bacterial,train
C:\Users\Admin\Desktop\dataset train\Dataset\Pneumonia-Viral\Pneumonia-Viral (641).jpg,Pneumonia-Viral,train
C:\Users\Admin\Desktop\dataset train\Dataset\Normal\Normal (1712).jpg,Normal,train
C:\Users\Admin\Desktop\dataset train\Dataset\Pneumonia-Bacterial\Pneumonia-Bacterial (226).jpg,Pneumonia-Bacterial,train
C:\Users\Admin\Desktop\dataset train\Dataset\COVID\COVID-19 (392).jpg,COVID,train
C:\Users\Admin\Desktop\dataset train\Dataset\COVID\COVID-19 (735).jpg,COVID,train
C:\Users\Admin\Desktop\dataset train\Dataset\Pneumonia-Viral\Pneumonia-Viral (148).jpg,Pneumonia-Viral,train
C:\Users\Admin\Desktop\dataset train\Dataset\Normal\Normal (1245).jpg,Normal,train
C:\Users\Admin\Desktop\dataset train\Dataset\Normal\Normal (2661).jpg,Normal,train
C:\Users\Admin\Desktop\dataset train\Dataset\Pneumonia-Viral\Pneumonia-Viral (1325).jpg,Pneumonia-Viral,train
C:\Users\Admin\Desktop\dataset train\Dataset\Pneumonia-Viral\Pneumonia-Viral (642).jpg,Pneumonia-Viral,train
C:\Users\Admin\Desktop\dataset train\Dataset\Normal\Normal (3064).jpg,Normal,train
C:\Users\Admin\Desktop\dataset train\Dataset\Normal\Normal (2988).jpg,Normal,train
C:\Users\Admin\Desktop\dataset train\Dataset\Normal\Normal (1097).jpg,Normal,train
C:\Users\Admin\Desktop\dataset train\Dataset\Pneumonia-Bacterial\Pneumonia-Bacterial (847).jpg,Pneumonia-Bacterial,train
C:\Users\Admin\Desktop\dataset train\Dataset\Pneumonia-Bacterial\Pneumonia-Bacterial (988).jpg,Pneumonia-Bacterial,train
C:\Users\Admin\Desktop\dataset train\Dataset\COVID\COVID-19 (1072).jpg,COVID,train
C:\Users\Admin\Desktop\dataset train\Dataset\Pneumonia-Bacterial\Pneumonia-Bacterial (924).jpg,Pneumonia-Bacterial,train
C:\Users\Admin\Desktop\dataset train\Dataset\Pneumonia-Viral\Pneumonia-Viral (927).jpg,Pneumonia-Viral,train
C:\Users\Admin\Desktop\dataset train\Dataset\Normal\Normal (1501).jpg,Normal,train
C:\Users\Admin\Desktop\dataset train\Dataset\Pneumonia-Bacterial\Pneumonia-Bacterial (1095).jpg,Pneumonia-Bacterial,train
C:\Users\Admin\Desktop\dataset train\Dataset\Pneumonia-Viral\Pneumonia-Viral (157).jpg,Pneumonia-Viral,train
C:\Users\Admin\Desktop\dataset train\Dataset\Pneumonia-Bacterial\Pneumonia-Bacterial (1382).jpg,Pneumonia-Bacterial,train
C:\Users\Admin\Desktop\dataset train\Dataset\Pneumonia-Viral\Pneumonia-Viral (135).jpg,Pneumonia-Viral,train
C:\Users\Admin\Desktop\dataset train\Dataset\Pneumonia-Bacterial\Pneumonia-Bacterial (359).jpg,Pneumonia-Bacterial,train
C:\Users\Admin\Desktop\dataset train\Dataset\Pneumonia-Bacterial\Pneumonia-Bacterial (279).jpg,Pneumonia-Bacterial,train
C:\Users\Admin\Desktop\dataset train\Dataset\Pneumonia-Bacterial\Pneumonia-Bacterial (224).jpg,Pneumonia-Bacterial,train
C:\Users\Admin\Desktop\dataset train\Dataset\Normal\Normal (2646).jpg,Normal,train
C:\Users\Admin\Desktop\dataset train\Dataset\Normal\Normal (1543).jpg,Normal,train
C:\Users\Admin\Desktop\dataset train\Dataset\Pneumonia-Viral\Pneumonia-Viral (1464).jpg,Pneumonia-Viral,train
C:\Users\Admin\Desktop\dataset train\Dataset\Normal\Normal (271).jpg,Normal,train
C:\Users\Admin\Desktop\dataset train\Dataset\Normal\Normal (2698).jpg,Normal,train
C:\Users\Admin\Desktop\dataset train\Dataset\Normal\Normal (161).jpg,Normal,train
C:\Users\Admin\Desktop\dataset train\Dataset\Normal\Normal (744).jpg,Normal,train
C:\Users\Admin\Desktop\dataset train\Dataset\COVID\COVID-19 (367).jpg,COVID,train
C:\Users\Admin\Desktop\dataset train\Dataset\Normal\Normal (819).jpg,Normal,train
C:\Users\Admin\Desktop\dataset train\Dataset\Pneumonia-Bacterial\Pneumonia-Bacterial (2638).jpg,Pneumonia-Bacterial,train
C:\Users\Admin\Desktop\dataset train\Dataset\Pneumonia-Bacterial\Pneumonia-Bacterial (163).jpg,Pneumonia-Bacterial,train
C:\Users\Admin\Desktop\dataset train\Dataset\Pneumonia-Bacterial\Pneumonia-Bacterial (1449).jpg,Pneumonia-Bacterial,train
C:\Users\Admin\Desktop\dataset train\Dataset\Pneumonia-Viral\Pneumonia-Viral (1496).jpg,Pneumonia-Viral,train
C:\Users\Admin\Desktop\dataset train\Dataset\Pneumonia-Viral\Pneumonia-Viral (1633).jpg,Pneumonia-Viral,train
C:\Users\Admin\Desktop\dataset train\Dataset\Normal\Normal (125).jpg,Normal,train
C:\Users\Admin\Desktop\dataset train\Dataset\COVID\COVID-19 (1053).jpg,COVID,train
C:\Users\Admin\Desktop\dataset train\Dataset\Pneumonia-Bacterial\Pneumonia-Bacterial (2188).jpg,Pneumonia-Bacterial,train
C:\Users\Admin\Desktop\dataset train\Dataset\Pneumonia-Bacterial\Pneumonia-Bacterial (1621).jpg,Pneumonia-Bacterial,train
C:\Users\Admin\Desktop\dataset train\Dataset\Pneumonia-Bacterial\Pneumonia-Bacterial (1057).jpg,Pneumonia-Bacterial,train
C:\Users\Admin\Desktop\dataset train\Dataset\COVID\COVID-19 (407).jpg,COVID,train
C:\Users\Admin\Desktop\dataset train\Dataset\Pneumonia-Bacterial\Pneumonia-Bacterial (2912).jpg,Pneumonia-Bacterial,train
C:\Users\Admin\Desktop\dataset train\Dataset\Normal\Normal (1412).jpg,Normal,train
C:\Users\Admin\Desktop\dataset train\Dataset\COVID\COVID-19 (992).jpg,COVID,train
C:\Users\Admin\Desktop\dataset train\Dataset\Normal\Normal (2351).jpg,Normal,train
C:\Users\Admin\Desktop\dataset train\Dataset\Normal\Normal (959).jpg,Normal,train
C:\Users\Admin\Desktop\dataset train\Dataset\Pneumonia-Bacterial\Pneumonia-Bacterial (2293).jpg,Pneumonia-Bacterial,train
C:\Users\Admin\Desktop\dataset train\Dataset\Pneumonia-Bacterial\Pneumonia-Bacterial (1493).jpg,Pneumonia-Bacterial,train
C:\Users\Admin\Desktop\dataset train\Dataset\Pneumonia-Viral\Pneumonia-Viral (1218).jpg,Pneumonia-Viral,train
C:\Users\Admin\Desktop\dataset train\Dataset\Pneumonia-Viral\Pneumonia-Viral (1441).jpg,Pneumonia-Viral,train
C:\Users\Admin\Desktop\dataset train\Dataset\Pneumonia-Viral\Pneumonia-Viral (1503).jpg,Pneumonia-Viral,train
C:\Users\Admin\Desktop\dataset train\Dataset\Pneumonia-Bacterial\Pneumonia-Bacterial (1751).jpg,Pneumonia-Bacterial,train
C:\Users\Admin\Desktop\dataset train\Dataset\COVID\COVID-19 (486).jpg,COVID,train
C:\Users\Admin\Desktop\dataset train\Dataset\Normal\Normal (1300).jpg,Normal,train
C:\Users\Admin\Desktop\dataset train\Dataset\Normal\Normal (1065).jpg,Normal,train
C:\Users\Admin\Desktop\dataset train\Dataset\Pneumonia-Bacterial\Pneumonia-Bacterial (316).jpg,Pneumonia-Bacterial,train
C:\Users\Admin\Desktop\dataset train\Dataset\Pneumonia-Bacterial\Pneumonia-Bacterial (2024).jpg,Pneumonia-Bacterial,train
C:\Users\Admin\Desktop\dataset train\Dataset\Pneumonia-Bacterial\Pneumonia-Bacterial (350).jpg,Pneumonia-Bacterial,train
C:\Users\Admin\Desktop\dataset train\Dataset\Pneumonia-Bacterial\Pneumonia-Bacterial (2707).jpg,Pneumonia-Bacterial,train
C:\Users\Admin\Desktop\dataset train\Dataset\Pneumonia-Viral\Pneumonia-Viral (1153).jpg,Pneumonia-Viral,train
C:\Users\Admin\Desktop\dataset train\Dataset\Normal\Normal (1811).jpg,Normal,train
C:\Users\Admin\Desktop\dataset train\Dataset\Pneumonia-Bacterial\Pneumonia-Bacterial (267).jpg,Pneumonia-Bacterial,train
C:\Users\Admin\Desktop\dataset train\Dataset\Normal\Normal (1985).jpg,Normal,train
C:\Users\Admin\Desktop\dataset train\Dataset\Pneumonia-Bacterial\Pneumonia-Bacterial (101).jpg,Pneumonia-Bacterial,train
C:\Users\Admin\Desktop\dataset train\Dataset\Normal\Normal (3193).jpg,Normal,train
C:\Users\Admin\Desktop\dataset train\Dataset\Pneumonia-Viral\Pneumonia-Viral (588).jpg,Pneumonia-Viral,train
C:\Users\Admin\Desktop\dataset train\Dataset\Normal\Normal (448).jpg,Normal,train
C:\Users\Admin\Desktop\dataset train\Dataset\Normal\Normal (296).jpg,Normal,train
C:\Users\Admin\Desktop\dataset train\Dataset\Normal\Normal (1728).jpg,Normal,train
C:\Users\Admin\Desktop\dataset train\Dataset\Pneumonia-Viral\Pneumonia-Viral (634).jpg,Pneumonia-Viral,train
C:\Users\Admin\Desktop\dataset train\Dataset\Pneumonia-Bacterial\Pneumonia-Bacterial (2855).jpg,Pneumonia-Bacterial,train
C:\Users\Admin\Desktop\dataset train\Dataset\Pneumonia-Bacterial\Pneumonia-Bacterial (281).jpg,Pneumonia-Bacterial,train
C:\Users\Admin\Desktop\dataset train\Dataset\Normal\Normal (1855).jpg,Normal,train
C:\Users\Admin\Desktop\dataset train\Dataset\Normal\Normal (965).jpg,Normal,train
C:\Users\Admin\Desktop\dataset train\Dataset\Normal\Normal (2540).jpg,Normal,train
C:\Users\Admin\Desktop\dataset train\Dataset\Normal\Normal (2875).jpg,Normal,train
C:\Users\Admin\Desktop\dataset train\Dataset\Pneumonia-Viral\Pneumonia-Viral (781).jpg,Pneumonia-Viral,train
C:\Users\Admin\Desktop\dataset train\Dataset\Pneumonia-Viral\Pneumonia-Viral (179).jpg,Pneumonia-Viral,train
C:\Users\Admin\Desktop\dataset train\Dataset\COVID\COVID-19 (257).jpg,COVID,train
C:\Users\Admin\Desktop\dataset train\Dataset\COVID\COVID-19 (150).jpg,COVID,train
C:\Users\Admin\Desktop\dataset train\Dataset\Normal\Normal (554).jpg,Normal,train
C:\Users\Admin\Desktop\dataset train\Dataset\Normal\Normal (3226).jpg,Normal,train
C:\Users\Admin\Desktop\dataset train\Dataset\Normal\Normal (3251).jpg,Normal,train
C:\Users\Admin\Desktop\dataset train\Dataset\Normal\Normal (2086).jpg,Normal,train
C:\Users\Admin\Desktop\dataset train\Dataset\Pneumonia-Bacterial\Pneumonia-Bacterial (452).jpg,Pneumonia-Bacterial,train
C:\Users\Admin\Desktop\dataset train\Dataset\Normal\Normal (29).jpg,Normal,train
C:\Users\Admin\Desktop\dataset train\Dataset\Normal\Normal (35).jpg,Normal,train
C:\Users\Admin\Desktop\dataset train\Dataset\Normal\Normal (409).jpg,Normal,train
C:\Users\Admin\Desktop\dataset train\Dataset\Normal\Normal (2045).jpg,Normal,train
C:\Users\Admin\Desktop\dataset train\Dataset\Pneumonia-Bacterial\Pneumonia-Bacterial (142).jpg,Pneumonia-Bacterial,train
C:\Users\Admin\Desktop\dataset train\Dataset\COVID\COVID-19 (78).jpg,COVID,train
C:\Users\Admin\Desktop\dataset train\Dataset\Pneumonia-Bacterial\Pneumonia-Bacterial (1462).jpg,Pneumonia-Bacterial,train
C:\Users\Admin\Desktop\dataset train\Dataset\Pneumonia-Bacterial\Pneumonia-Bacterial (788).jpg,Pneumonia-Bacterial,train
C:\Users\Admin\Desktop\dataset train\Dataset\Pneumonia-Bacterial\Pneumonia-Bacterial (2511).jpg,Pneumonia-Bacterial,train
C:\Users\Admin\Desktop\dataset train\Dataset\Normal\Normal (1703).jpg,Normal,train
C:\Users\Admin\Desktop\dataset train\Dataset\Normal\Normal (2904).jpg,Normal,train
C:\Users\Admin\Desktop\dataset train\Dataset\Normal\Normal (175).jpg,Normal,train
C:\Users\Admin\Desktop\dataset train\Dataset\Pneumonia-Viral\Pneumonia-Viral (834).jpg,Pneumonia-Viral,train
C:\Users\Admin\Desktop\dataset train\Dataset\Pneumonia-Bacterial\Pneumonia-Bacterial (754).jpg,Pneumonia-Bacterial,train
C:\Users\Admin\Desktop\dataset train\Dataset\Pneumonia-Bacterial\Pneumonia-Bacterial (2911).jpg,Pneumonia-Bacterial,train
C:\Users\Admin\Desktop\dataset train\Dataset\Pneumonia-Bacterial\Pneumonia-Bacterial (1619).jpg,Pneumonia-Bacterial,train
C:\Users\Admin\Desktop\dataset train\Dataset\Pneumonia-Viral\Pneumonia-Viral (174).jpg,Pneumonia-Viral,train
C:\Users\Admin\Desktop\dataset train\Dataset\Pneumonia-Viral\Pneumonia-Viral (1245).jpg,Pneumonia-Viral,train
C:\Users\Admin\Desktop\dataset train\Dataset\COVID\COVID-19 (134).jpg,COVID,train
C:\Users\Admin\Desktop\dataset train\Dataset\Pneumonia-Bacterial\Pneumonia-Bacterial (2813).jpg,Pneumonia-Bacterial,train
C:\Users\Admin\Desktop\dataset train\Dataset\COVID\COVID-19 (123).jpg,COVID,train
C:\Users\Admin\Desktop\dataset train\Dataset\COVID\COVID-19 (1150).jpg,COVID,train
C:\Users\Admin\Desktop\dataset train\Dataset\Pneumonia-Bacterial\Pneumonia-Bacterial (1767).jpg,Pneumonia-Bacterial,train
C:\Users\Admin\Desktop\dataset train\Dataset\Normal\Normal (1392).jpg,Normal,train
C:\Users\Admin\Desktop\dataset train\Dataset\Normal\Normal (1419).jpg,Normal,train
C:\Users\Admin\Desktop\dataset train\Dataset\Normal\Normal (787).jpg,Normal,train
C:\Users\Admin\Desktop\dataset train\Dataset\Pneumonia-Bacterial\Pneumonia-Bacterial (2874).jpg,Pneumonia-Bacterial,train
C:\Users\Admin\Desktop\dataset train\Dataset\Pneumonia-Bacterial\Pneumonia-Bacterial (2756).jpg,Pneumonia-Bacterial,train
C:\Users\Admin\Desktop\dataset train\Dataset\Normal\Normal (1960).jpg,Normal,train
C:\Users\Admin\Desktop\dataset train\Dataset\Pneumonia-Bacterial\Pneumonia-Bacterial (2547).jpg,Pneumonia-Bacterial,train
C:\Users\Admin\Desktop\dataset train\Dataset\Normal\Normal (777).jpg,Normal,train
C:\Users\Admin\Desktop\dataset train\Dataset\Pneumonia-Bacterial\Pneumonia-Bacterial (2868).jpg,Pneumonia-Bacterial,train
C:\Users\Admin\Desktop\dataset train\Dataset\Pneumonia-Bacterial\Pneumonia-Bacterial (1693).jpg,Pneumonia-Bacterial,train
C:\Users\Admin\Desktop\dataset train\Dataset\Pneumonia-Bacterial\Pneumonia-Bacterial (1911).jpg,Pneumonia-Bacterial,train
C:\Users\Admin\Desktop\dataset train\Dataset\Normal\Normal (1980).jpg,Normal,train
C:\Users\Admin\Desktop\dataset train\Dataset\Normal\Normal (3243).jpg,Normal,train
C:\Users\Admin\Desktop\dataset train\Dataset\Normal\Normal (2865).jpg,Normal,train
C:\Users\Admin\Desktop\dataset train\Dataset\Pneumonia-Viral\Pneumonia-Viral (98).jpg,Pneumonia-Viral,train
C:\Users\Admin\Desktop\dataset train\Dataset\Pneumonia-Viral\Pneumonia-Viral (1247).jpg,Pneumonia-Viral,train
C:\Users\Admin\Desktop\dataset train\Dataset\Normal\Normal (838).jpg,Normal,train
C:\Users\Admin\Desktop\dataset train\Dataset\COVID\COVID-19 (993).jpg,COVID,train
C:\Users\Admin\Desktop\dataset train\Dataset\Normal\Normal (207).jpg,Normal,train
C:\Users\Admin\Desktop\dataset train\Dataset\Pneumonia-Viral\Pneumonia-Viral (1182).jpg,Pneumonia-Viral,train
C:\Users\Admin\Desktop\dataset train\Dataset\COVID\COVID-19 (1170).jpg,COVID,train
C:\Users\Admin\Desktop\dataset train\Dataset\Normal\Normal (710).jpg,Normal,train
C:\Users\Admin\Desktop\dataset train\Dataset\COVID\COVID-19 (330).jpg,COVID,train
C:\Users\Admin\Desktop\dataset train\Dataset\Normal\Normal (2771).jpg,Normal,train
C:\Users\Admin\Desktop\dataset train\Dataset\Pneumonia-Bacterial\Pneumonia-Bacterial (1034).jpg,Pneumonia-Bacterial,train
C:\Users\Admin\Desktop\dataset train\Dataset\COVID\COVID-19 (726).jpg,COVID,train
C:\Users\Admin\Desktop\dataset train\Dataset\COVID\COVID-19 (1106).jpg,COVID,train
C:\Users\Admin\Desktop\dataset train\Dataset\Pneumonia-Viral\Pneumonia-Viral (913).jpg,Pneumonia-Viral,train
C:\Users\Admin\Desktop\dataset train\Dataset\Normal\Normal (3100).jpg,Normal,train
C:\Users\Admin\Desktop\dataset train\Dataset\Pneumonia-Bacterial\Pneumonia-Bacterial (918).jpg,Pneumonia-Bacterial,train
C:\Users\Admin\Desktop\dataset train\Dataset\Pneumonia-Viral\Pneumonia-Viral (1322).jpg,Pneumonia-Viral,train
C:\Users\Admin\Desktop\dataset train\Dataset\Normal\Normal (577).jpg,Normal,train
C:\Users\Admin\Desktop\dataset train\Dataset\Pneumonia-Bacterial\Pneumonia-Bacterial (1393).jpg,Pneumonia-Bacterial,train
C:\Users\Admin\Desktop\dataset train\Dataset\Normal\Normal (1506).jpg,Normal,train
C:\Users\Admin\Desktop\dataset train\Dataset\COVID\COVID-19 (201).jpg,COVID,train
C:\Users\Admin\Desktop\dataset train\Dataset\Normal\Normal (541).jpg,Normal,train
C:\Users\Admin\Desktop\dataset train\Dataset\Pneumonia-Viral\Pneumonia-Viral (1509).jpg,Pneumonia-Viral,train
C:\Users\Admin\Desktop\dataset train\Dataset\Pneumonia-Bacterial\Pneumonia-Bacterial (1229).jpg,Pneumonia-Bacterial,train
C:\Users\Admin\Desktop\dataset train\Dataset\Normal\Normal (935).jpg,Normal,train
C:\Users\Admin\Desktop\dataset train\Dataset\Pneumonia-Viral\Pneumonia-Viral (422).jpg,Pneumonia-Viral,train
C:\Users\Admin\Desktop\dataset train\Dataset\Pneumonia-Bacterial\Pneumonia-Bacterial (524).jpg,Pneumonia-Bacterial,train
C:\Users\Admin\Desktop\dataset train\Dataset\Normal\Normal (2869).jpg,Normal,train
C:\Users\Admin\Desktop\dataset train\Dataset\Pneumonia-Bacterial\Pneumonia-Bacterial (1108).jpg,Pneumonia-Bacterial,train
C:\Users\Admin\Desktop\dataset train\Dataset\Normal\Normal (1563).jpg,Normal,train
C:\Users\Admin\Desktop\dataset train\Dataset\Pneumonia-Viral\Pneumonia-Viral (156).jpg,Pneumonia-Viral,train
C:\Users\Admin\Desktop\dataset train\Dataset\Pneumonia-Bacterial\Pneumonia-Bacterial (1739).jpg,Pneumonia-Bacterial,train
C:\Users\Admin\Desktop\dataset train\Dataset\COVID\COVID-19 (290).jpg,COVID,train
C:\Users\Admin\Desktop\dataset train\Dataset\Pneumonia-Viral\Pneumonia-Viral (472).jpg,Pneumonia-Viral,train
C:\Users\Admin\Desktop\dataset train\Dataset\COVID\COVID-19 (1014).jpg,COVID,train
C:\Users\Admin\Desktop\dataset train\Dataset\Pneumonia-Bacterial\Pneumonia-Bacterial (2495).jpg,Pneumonia-Bacterial,train
C:\Users\Admin\Desktop\dataset train\Dataset\Pneumonia-Bacterial\Pneumonia-Bacterial (1679).jpg,Pneumonia-Bacterial,train
C:\Users\Admin\Desktop\dataset train\Dataset\Pneumonia-Viral\Pneumonia-Viral (973).jpg,Pneumonia-Viral,train
C:\Users\Admin\Desktop\dataset train\Dataset\Pneumonia-Bacterial\Pneumonia-Bacterial (2011).jpg,Pneumonia-Bacterial,train
C:\Users\Admin\Desktop\dataset train\Dataset\COVID\COVID-19 (1113).jpg,COVID,train
C:\Users\Admin\Desktop\dataset train\Dataset\Pneumonia-Bacterial\Pneumonia-Bacterial (1933).jpg,Pneumonia-Bacterial,train
C:\Users\Admin\Desktop\dataset train\Dataset\Normal\Normal (2328).jpg,Normal,train
C:\Users\Admin\Desktop\dataset train\Dataset\COVID\COVID-19 (1260).jpg,COVID,train
C:\Users\Admin\Desktop\dataset train\Dataset\Pneumonia-Bacterial\Pneumonia-Bacterial (2388).jpg,Pneumonia-Bacterial,train
C:\Users\Admin\Desktop\dataset train\Dataset\Normal\Normal (2638).jpg,Normal,train
C:\Users\Admin\Desktop\dataset train\Dataset\Normal\Normal (64).jpg,Normal,train
C:\Users\Admin\Desktop\dataset train\Dataset\Pneumonia-Bacterial\Pneumonia-Bacterial (1020).jpg,Pneumonia-Bacterial,train
C:\Users\Admin\Desktop\dataset train\Dataset\Pneumonia-Bacterial\Pneumonia-Bacterial (2467).jpg,Pneumonia-Bacterial,train
C:\Users\Admin\Desktop\dataset train\Dataset\COVID\COVID-19 (445).jpg,COVID,train
C:\Users\Admin\Desktop\dataset train\Dataset\Pneumonia-Viral\Pneumonia-Viral (1307).jpg,Pneumonia-Viral,train
C:\Users\Admin\Desktop\dataset train\Dataset\Normal\Normal (3090).jpg,Normal,train
C:\Users\Admin\Desktop\dataset train\Dataset\COVID\COVID-19 (296).jpg,COVID,train
C:\Users\Admin\Desktop\dataset train\Dataset\Pneumonia-Viral\Pneumonia-Viral (1050).jpg,Pneumonia-Viral,train
C:\Users\Admin\Desktop\dataset train\Dataset\Normal\Normal (1626).jpg,Normal,train
C:\Users\Admin\Desktop\dataset train\Dataset\Normal\Normal (2230).jpg,Normal,train
C:\Users\Admin\Desktop\dataset train\Dataset\Normal\Normal (183).jpg,Normal,train
C:\Users\Admin\Desktop\dataset train\Dataset\Pneumonia-Bacterial\Pneumonia-Bacterial (668).jpg,Pneumonia-Bacterial,train
C:\Users\Admin\Desktop\dataset train\Dataset\Normal\Normal (441).jpg,Normal,train
C:\Users\Admin\Desktop\dataset train\Dataset\Normal\Normal (1019).jpg,Normal,train
C:\Users\Admin\Desktop\dataset train\Dataset\Pneumonia-Bacterial\Pneumonia-Bacterial (1146).jpg,Pneumonia-Bacterial,train
C:\Users\Admin\Desktop\dataset train\Dataset\Normal\Normal (1535).jpg,Normal,train
C:\Users\Admin\Desktop\dataset train\Dataset\Normal\Normal (2667).jpg,Normal,train
C:\Users\Admin\Desktop\dataset train\Dataset\Normal\Normal (328).jpg,Normal,train
C:\Users\Admin\Desktop\dataset train\Dataset\Normal\Normal (2508).jpg,Normal,train
C:\Users\Admin\Desktop\dataset train\Dataset\Normal\Normal (1226).jpg,Normal,train
C:\Users\Admin\Desktop\dataset train\Dataset\Pneumonia-Bacterial\Pneumonia-Bacterial (1210).jpg,Pneumonia-Bacterial,train
C:\Users\Admin\Desktop\dataset train\Dataset\Pneumonia-Viral\Pneumonia-Viral (1644).jpg,Pneumonia-Viral,train
C:\Users\Admin\Desktop\dataset train\Dataset\Pneumonia-Viral\Pneumonia-Viral (539).jpg,Pneumonia-Viral,train
C:\Users\Admin\Desktop\dataset train\Dataset\Normal\Normal (2790).jpg,Normal,train
C:\Users\Admin\Desktop\dataset train\Dataset\COVID\COVID-19 (683).jpg,COVID,train
C:\Users\Admin\Desktop\dataset train\Dataset\Pneumonia-Bacterial\Pneumonia-Bacterial (1071).jpg,Pneumonia-Bacterial,train
C:\Users\Admin\Desktop\dataset train\Dataset\Pneumonia-Bacterial\Pneumonia-Bacterial (324).jpg,Pneumonia-Bacterial,train
C:\Users\Admin\Desktop\dataset train\Dataset\Pneumonia-Viral\Pneumonia-Viral (1019).jpg,Pneumonia-Viral,train
C:\Users\Admin\Desktop\dataset train\Dataset\Normal\Normal (1561).jpg,Normal,train
C:\Users\Admin\Desktop\dataset train\Dataset\Pneumonia-Viral\Pneumonia-Viral (460).jpg,Pneumonia-Viral,train
C:\Users\Admin\Desktop\dataset train\Dataset\Normal\Normal (2684).jpg,Normal,train
C:\Users\Admin\Desktop\dataset train\Dataset\COVID\COVID-19 (424).jpg,COVID,train
C:\Users\Admin\Desktop\dataset train\Dataset\Normal\Normal (1738).jpg,Normal,train
C:\Users\Admin\Desktop\dataset train\Dataset\Pneumonia-Viral\Pneumonia-Viral (1488).jpg,Pneumonia-Viral,train
C:\Users\Admin\Desktop\dataset train\Dataset\Normal\Normal (500).jpg,Normal,train
C:\Users\Admin\Desktop\dataset train\Dataset\Normal\Normal (2986).jpg,Normal,train
C:\Users\Admin\Desktop\dataset train\Dataset\Pneumonia-Viral\Pneumonia-Viral (424).jpg,Pneumonia-Viral,train
C:\Users\Admin\Desktop\dataset train\Dataset\Normal\Normal (3241).jpg,Normal,train
C:\Users\Admin\Desktop\dataset train\Dataset\COVID\COVID-19 (1069).jpg,COVID,train
C:\Users\Admin\Desktop\dataset train\Dataset\Pneumonia-Viral\Pneumonia-Viral (1372).jpg,Pneumonia-Viral,train
C:\Users\Admin\Desktop\dataset train\Dataset\Normal\Normal (2556).jpg,Normal,train
C:\Users\Admin\Desktop\dataset train\Dataset\Normal\Normal (786).jpg,Normal,train
C:\Users\Admin\Desktop\dataset train\Dataset\Pneumonia-Bacterial\Pneumonia-Bacterial (2675).jpg,Pneumonia-Bacterial,train
C:\Users\Admin\Desktop\dataset train\Dataset\Pneumonia-Viral\Pneumonia-Viral (81).jpg,Pneumonia-Viral,train
C:\Users\Admin\Desktop\dataset train\Dataset\Pneumonia-Bacterial\Pneumonia-Bacterial (1712).jpg,Pneumonia-Bacterial,train
C:\Users\Admin\Desktop\dataset train\Dataset\Pneumonia-Bacterial\Pneumonia-Bacterial (1367).jpg,Pneumonia-Bacterial,train
C:\Users\Admin\Desktop\dataset train\Dataset\Normal\Normal (747).jpg,Normal,train
C:\Users\Admin\Desktop\dataset train\Dataset\COVID\COVID-19 (107).jpg,COVID,train
C:\Users\Admin\Desktop\dataset train\Dataset\Normal\Normal (2500).jpg,Normal,train
C:\Users\Admin\Desktop\dataset train\Dataset\COVID\COVID-19 (1241).jpg,COVID,train
C:\Users\Admin\Desktop\dataset train\Dataset\Pneumonia-Viral\Pneumonia-Viral (1000).jpg,Pneumonia-Viral,train
C:\Users\Admin\Desktop\dataset train\Dataset\Pneumonia-Viral\Pneumonia-Viral (1578).jpg,Pneumonia-Viral,train
C:\Users\Admin\Desktop\dataset train\Dataset\Normal\Normal (2731).jpg,Normal,train
C:\Users\Admin\Desktop\dataset train\Dataset\Pneumonia-Bacterial\Pneumonia-Bacterial (2862).jpg,Pneumonia-Bacterial,train
C:\Users\Admin\Desktop\dataset train\Dataset\Pneumonia-Bacterial\Pneumonia-Bacterial (865).jpg,Pneumonia-Bacterial,train
C:\Users\Admin\Desktop\dataset train\Dataset\Normal\Normal (912).jpg,Normal,train
C:\Users\Admin\Desktop\dataset train\Dataset\COVID\COVID-19 (65).jpg,COVID,train
C:\Users\Admin\Desktop\dataset train\Dataset\Normal\Normal (1053).jpg,Normal,train
C:\Users\Admin\Desktop\dataset train\Dataset\Normal\Normal (1701).jpg,Normal,train
C:\Users\Admin\Desktop\dataset train\Dataset\Pneumonia-Viral\Pneumonia-Viral (180).jpg,Pneumonia-Viral,train
C:\Users\Admin\Desktop\dataset train\Dataset\Pneumonia-Viral\Pneumonia-Viral (382).jpg,Pneumonia-Viral,train
C:\Users\Admin\Desktop\dataset train\Dataset\COVID\COVID-19 (1191).jpg,COVID,train
C:\Users\Admin\Desktop\dataset train\Dataset\Normal\Normal (3071).jpg,Normal,train
C:\Users\Admin\Desktop\dataset train\Dataset\Normal\Normal (2268).jpg,Normal,train
C:\Users\Admin\Desktop\dataset train\Dataset\Normal\Normal (241).jpg,Normal,train
C:\Users\Admin\Desktop\dataset train\Dataset\Pneumonia-Bacterial\Pneumonia-Bacterial (1141).jpg,Pneumonia-Bacterial,train
C:\Users\Admin\Desktop\dataset train\Dataset\Normal\Normal (2933).jpg,Normal,train
C:\Users\Admin\Desktop\dataset train\Dataset\COVID\COVID-19 (489).jpg,COVID,train
C:\Users\Admin\Desktop\dataset train\Dataset\Pneumonia-Bacterial\Pneumonia-Bacterial (1029).jpg,Pneumonia-Bacterial,train
C:\Users\Admin\Desktop\dataset train\Dataset\Normal\Normal (715).jpg,Normal,train
C:\Users\Admin\Desktop\dataset train\Dataset\Pneumonia-Viral\Pneumonia-Viral (611).jpg,Pneumonia-Viral,train
C:\Users\Admin\Desktop\dataset train\Dataset\Pneumonia-Viral\Pneumonia-Viral (212).jpg,Pneumonia-Viral,train
C:\Users\Admin\Desktop\dataset train\Dataset\Pneumonia-Bacterial\Pneumonia-Bacterial (1735).jpg,Pneumonia-Bacterial,train
C:\Users\Admin\Desktop\dataset train\Dataset\Pneumonia-Bacterial\Pneumonia-Bacterial (944).jpg,Pneumonia-Bacterial,train
C:\Users\Admin\Desktop\dataset train\Dataset\Normal\Normal (1154).jpg,Normal,train
C:\Users\Admin\Desktop\dataset train\Dataset\Pneumonia-Viral\Pneumonia-Viral (97).jpg,Pneumonia-Viral,train
C:\Users\Admin\Desktop\dataset train\Dataset\Pneumonia-Bacterial\Pneumonia-Bacterial (1570).jpg,Pneumonia-Bacterial,train
C:\Users\Admin\Desktop\dataset train\Dataset\Normal\Normal (1706).jpg,Normal,train
C:\Users\Admin\Desktop\dataset train\Dataset\Normal\Normal (1650).jpg,Normal,train
C:\Users\Admin\Desktop\dataset train\Dataset\Pneumonia-Bacterial\Pneumonia-Bacterial (56).jpg,Pneumonia-Bacterial,train
C:\Users\Admin\Desktop\dataset train\Dataset\Normal\Normal (2120).jpg,Normal,train
C:\Users\Admin\Desktop\dataset train\Dataset\Pneumonia-Bacterial\Pneumonia-Bacterial (2162).jpg,Pneumonia-Bacterial,train
C:\Users\Admin\Desktop\dataset train\Dataset\COVID\COVID-19 (840).jpg,COVID,train
C:\Users\Admin\Desktop\dataset train\Dataset\Pneumonia-Viral\Pneumonia-Viral (1655).jpg,Pneumonia-Viral,train
C:\Users\Admin\Desktop\dataset train\Dataset\Pneumonia-Bacterial\Pneumonia-Bacterial (1044).jpg,Pneumonia-Bacterial,train
C:\Users\Admin\Desktop\dataset train\Dataset\Pneumonia-Viral\Pneumonia-Viral (84).jpg,Pneumonia-Viral,train
C:\Users\Admin\Desktop\dataset train\Dataset\Normal\Normal (676).jpg,Normal,train
C:\Users\Admin\Desktop\dataset train\Dataset\Pneumonia-Bacterial\Pneumonia-Bacterial (481).jpg,Pneumonia-Bacterial,train
C:\Users\Admin\Desktop\dataset train\Dataset\Normal\Normal (749).jpg,Normal,train
C:\Users\Admin\Desktop\dataset train\Dataset\Normal\Normal (428).jpg,Normal,train
C:\Users\Admin\Desktop\dataset train\Dataset\COVID\COVID-19 (222).jpg,COVID,train
C:\Users\Admin\Desktop\dataset train\Dataset\Normal\Normal (583).jpg,Normal,train
C:\Users\Admin\Desktop\dataset train\Dataset\Pneumonia-Bacterial\Pneumonia-Bacterial (2533).jpg,Pneumonia-Bacterial,train
C:\Users\Admin\Desktop\dataset train\Dataset\Pneumonia-Viral\Pneumonia-Viral (789).jpg,Pneumonia-Viral,train
C:\Users\Admin\Desktop\dataset train\Dataset\Normal\Normal (1945).jpg,Normal,train
C:\Users\Admin\Desktop\dataset train\Dataset\Normal\Normal (1099).jpg,Normal,train
C:\Users\Admin\Desktop\dataset train\Dataset\Pneumonia-Viral\Pneumonia-Viral (333).jpg,Pneumonia-Viral,train
C:\Users\Admin\Desktop\dataset train\Dataset\Pneumonia-Viral\Pneumonia-Viral (421).jpg,Pneumonia-Viral,train
C:\Users\Admin\Desktop\dataset train\Dataset\Pneumonia-Bacterial\Pneumonia-Bacterial (2384).jpg,Pneumonia-Bacterial,train
C:\Users\Admin\Desktop\dataset train\Dataset\Pneumonia-Bacterial\Pneumonia-Bacterial (379).jpg,Pneumonia-Bacterial,train
C:\Users\Admin\Desktop\dataset train\Dataset\COVID\COVID-19 (335).jpg,COVID,train
C:\Users\Admin\Desktop\dataset train\Dataset\Normal\Normal (1976).jpg,Normal,train
C:\Users\Admin\Desktop\dataset train\Dataset\Pneumonia-Bacterial\Pneumonia-Bacterial (2111).jpg,Pneumonia-Bacterial,train
C:\Users\Admin\Desktop\dataset train\Dataset\Pneumonia-Bacterial\Pneumonia-Bacterial (1294).jpg,Pneumonia-Bacterial,train
C:\Users\Admin\Desktop\dataset train\Dataset\Pneumonia-Bacterial\Pneumonia-Bacterial (1717).jpg,Pneumonia-Bacterial,train
C:\Users\Admin\Desktop\dataset train\Dataset\Pneumonia-Viral\Pneumonia-Viral (251).jpg,Pneumonia-Viral,train
C:\Users\Admin\Desktop\dataset train\Dataset\Pneumonia-Bacterial\Pneumonia-Bacterial (2227).jpg,Pneumonia-Bacterial,train
C:\Users\Admin\Desktop\dataset train\Dataset\Pneumonia-Viral\Pneumonia-Viral (922).jpg,Pneumonia-Viral,train
C:\Users\Admin\Desktop\dataset train\Dataset\COVID\COVID-19 (1151).jpg,COVID,train
C:\Users\Admin\Desktop\dataset train\Dataset\Normal\Normal (2711).jpg,Normal,train
C:\Users\Admin\Desktop\dataset train\Dataset\Pneumonia-Bacterial\Pneumonia-Bacterial (2286).jpg,Pneumonia-Bacterial,train
C:\Users\Admin\Desktop\dataset train\Dataset\Normal\Normal (1397).jpg,Normal,train
C:\Users\Admin\Desktop\dataset train\Dataset\Normal\Normal (3039).jpg,Normal,train
C:\Users\Admin\Desktop\dataset train\Dataset\Pneumonia-Bacterial\Pneumonia-Bacterial (622).jpg,Pneumonia-Bacterial,train
C:\Users\Admin\Desktop\dataset train\Dataset\Pneumonia-Bacterial\Pneumonia-Bacterial (1464).jpg,Pneumonia-Bacterial,train
C:\Users\Admin\Desktop\dataset train\Dataset\Pneumonia-Bacterial\Pneumonia-Bacterial (520).jpg,Pneumonia-Bacterial,train
C:\Users\Admin\Desktop\dataset train\Dataset\Normal\Normal (945).jpg,Normal,train
C:\Users\Admin\Desktop\dataset train\Dataset\Normal\Normal (1860).jpg,Normal,train
C:\Users\Admin\Desktop\dataset train\Dataset\COVID\COVID-19 (485).jpg,COVID,train
C:\Users\Admin\Desktop\dataset train\Dataset\Pneumonia-Viral\Pneumonia-Viral (456).jpg,Pneumonia-Viral,train
C:\Users\Admin\Desktop\dataset train\Dataset\Normal\Normal (198).jpg,Normal,train
C:\Users\Admin\Desktop\dataset train\Dataset\Pneumonia-Bacterial\Pneumonia-Bacterial (1908).jpg,Pneumonia-Bacterial,train
C:\Users\Admin\Desktop\dataset train\Dataset\COVID\COVID-19 (848).jpg,COVID,train
C:\Users\Admin\Desktop\dataset train\Dataset\Normal\Normal (1986).jpg,Normal,train
C:\Users\Admin\Desktop\dataset train\Dataset\Normal\Normal (437).jpg,Normal,train
C:\Users\Admin\Desktop\dataset train\Dataset\Pneumonia-Bacterial\Pneumonia-Bacterial (337).jpg,Pneumonia-Bacterial,train
C:\Users\Admin\Desktop\dataset train\Dataset\COVID\COVID-19 (591).jpg,COVID,train
C:\Users\Admin\Desktop\dataset train\Dataset\Pneumonia-Bacterial\Pneumonia-Bacterial (230).jpg,Pneumonia-Bacterial,train
C:\Users\Admin\Desktop\dataset train\Dataset\Pneumonia-Viral\Pneumonia-Viral (94).jpg,Pneumonia-Viral,train
C:\Users\Admin\Desktop\dataset train\Dataset\Normal\Normal (1714).jpg,Normal,train
C:\Users\Admin\Desktop\dataset train\Dataset\Pneumonia-Viral\Pneumonia-Viral (613).jpg,Pneumonia-Viral,train
C:\Users\Admin\Desktop\dataset train\Dataset\Pneumonia-Bacterial\Pneumonia-Bacterial (2706).jpg,Pneumonia-Bacterial,train
C:\Users\Admin\Desktop\dataset train\Dataset\Normal\Normal (2969).jpg,Normal,train
C:\Users\Admin\Desktop\dataset train\Dataset\Pneumonia-Viral\Pneumonia-Viral (429).jpg,Pneumonia-Viral,train
C:\Users\Admin\Desktop\dataset train\Dataset\Normal\Normal (1320).jpg,Normal,train
C:\Users\Admin\Desktop\dataset train\Dataset\Pneumonia-Viral\Pneumonia-Viral (625).jpg,Pneumonia-Viral,train
C:\Users\Admin\Desktop\dataset train\Dataset\Pneumonia-Bacterial\Pneumonia-Bacterial (162).jpg,Pneumonia-Bacterial,train
C:\Users\Admin\Desktop\dataset train\Dataset\Normal\Normal (118).jpg,Normal,train
C:\Users\Admin\Desktop\dataset train\Dataset\Pneumonia-Viral\Pneumonia-Viral (1437).jpg,Pneumonia-Viral,train
C:\Users\Admin\Desktop\dataset train\Dataset\Pneumonia-Viral\Pneumonia-Viral (1462).jpg,Pneumonia-Viral,train
C:\Users\Admin\Desktop\dataset train\Dataset\Pneumonia-Viral\Pneumonia-Viral (116).jpg,Pneumonia-Viral,train
C:\Users\Admin\Desktop\dataset train\Dataset\Pneumonia-Viral\Pneumonia-Viral (325).jpg,Pneumonia-Viral,train
C:\Users\Admin\Desktop\dataset train\Dataset\COVID\COVID-19 (715).jpg,COVID,train
C:\Users\Admin\Desktop\dataset train\Dataset\Pneumonia-Bacterial\Pneumonia-Bacterial (2389).jpg,Pneumonia-Bacterial,train
C:\Users\Admin\Desktop\dataset train\Dataset\Pneumonia-Bacterial\Pneumonia-Bacterial (2867).jpg,Pneumonia-Bacterial,train
C:\Users\Admin\Desktop\dataset train\Dataset\Normal\Normal (2692).jpg,Normal,train
C:\Users\Admin\Desktop\dataset train\Dataset\Normal\Normal (2019).jpg,Normal,train
C:\Users\Admin\Desktop\dataset train\Dataset\Pneumonia-Bacterial\Pneumonia-Bacterial (2891).jpg,Pneumonia-Bacterial,train
C:\Users\Admin\Desktop\dataset train\Dataset\COVID\COVID-19 (323).jpg,COVID,train
C:\Users\Admin\Desktop\dataset train\Dataset\COVID\COVID-19 (1212).jpg,COVID,train
C:\Users\Admin\Desktop\dataset train\Dataset\Pneumonia-Bacterial\Pneumonia-Bacterial (137).jpg,Pneumonia-Bacterial,train
C:\Users\Admin\Desktop\dataset train\Dataset\Pneumonia-Bacterial\Pneumonia-Bacterial (2350).jpg,Pneumonia-Bacterial,train
C:\Users\Admin\Desktop\dataset train\Dataset\Pneumonia-Viral\Pneumonia-Viral (810).jpg,Pneumonia-Viral,train
C:\Users\Admin\Desktop\dataset train\Dataset\Pneumonia-Bacterial\Pneumonia-Bacterial (1299).jpg,Pneumonia-Bacterial,train
C:\Users\Admin\Desktop\dataset train\Dataset\Pneumonia-Bacterial\Pneumonia-Bacterial (1433).jpg,Pneumonia-Bacterial,train
C:\Users\Admin\Desktop\dataset train\Dataset\Pneumonia-Bacterial\Pneumonia-Bacterial (184).jpg,Pneumonia-Bacterial,train
C:\Users\Admin\Desktop\dataset train\Dataset\Normal\Normal (2152).jpg,Normal,train
C:\Users\Admin\Desktop\dataset train\Dataset\Pneumonia-Bacterial\Pneumonia-Bacterial (2072).jpg,Pneumonia-Bacterial,train
C:\Users\Admin\Desktop\dataset train\Dataset\Normal\Normal (1998).jpg,Normal,train
C:\Users\Admin\Desktop\dataset train\Dataset\Normal\Normal (3017).jpg,Normal,train
C:\Users\Admin\Desktop\dataset train\Dataset\Pneumonia-Viral\Pneumonia-Viral (738).jpg,Pneumonia-Viral,train
C:\Users\Admin\Desktop\dataset train\Dataset\Pneumonia-Bacterial\Pneumonia-Bacterial (740).jpg,Pneumonia-Bacterial,train
C:\Users\Admin\Desktop\dataset train\Dataset\Pneumonia-Bacterial\Pneumonia-Bacterial (628).jpg,Pneumonia-Bacterial,train
C:\Users\Admin\Desktop\dataset train\Dataset\Pneumonia-Bacterial\Pneumonia-Bacterial (1770).jpg,Pneumonia-Bacterial,train
C:\Users\Admin\Desktop\dataset train\Dataset\Pneumonia-Bacterial\Pneumonia-Bacterial (2298).jpg,Pneumonia-Bacterial,train
C:\Users\Admin\Desktop\dataset train\Dataset\Normal\Normal (1066).jpg,Normal,train
C:\Users\Admin\Desktop\dataset train\Dataset\Pneumonia-Bacterial\Pneumonia-Bacterial (1133).jpg,Pneumonia-Bacterial,train
C:\Users\Admin\Desktop\dataset train\Dataset\Normal\Normal (642).jpg,Normal,train
C:\Users\Admin\Desktop\dataset train\Dataset\Normal\Normal (1106).jpg,Normal,train
C:\Users\Admin\Desktop\dataset train\Dataset\Normal\Normal (141).jpg,Normal,train
C:\Users\Admin\Desktop\dataset train\Dataset\Normal\Normal (928).jpg,Normal,train
C:\Users\Admin\Desktop\dataset train\Dataset\Normal\Normal (2426).jpg,Normal,train
C:\Users\Admin\Desktop\dataset train\Dataset\Pneumonia-Bacterial\Pneumonia-Bacterial (343).jpg,Pneumonia-Bacterial,train
C:\Users\Admin\Desktop\dataset train\Dataset\Pneumonia-Bacterial\Pneumonia-Bacterial (1085).jpg,Pneumonia-Bacterial,train
C:\Users\Admin\Desktop\dataset train\Dataset\Normal\Normal (2376).jpg,Normal,train
C:\Users\Admin\Desktop\dataset train\Dataset\COVID\COVID-19 (670).jpg,COVID,train
C:\Users\Admin\Desktop\dataset train\Dataset\Pneumonia-Viral\Pneumonia-Viral (565).jpg,Pneumonia-Viral,train
C:\Users\Admin\Desktop\dataset train\Dataset\Pneumonia-Bacterial\Pneumonia-Bacterial (440).jpg,Pneumonia-Bacterial,train
C:\Users\Admin\Desktop\dataset train\Dataset\COVID\COVID-19 (1022).jpg,COVID,train
C:\Users\Admin\Desktop\dataset train\Dataset\Normal\Normal (2951).jpg,Normal,train
C:\Users\Admin\Desktop\dataset train\Dataset\Pneumonia-Bacterial\Pneumonia-Bacterial (1578).jpg,Pneumonia-Bacterial,train
C:\Users\Admin\Desktop\dataset train\Dataset\Normal\Normal (2826).jpg,Normal,train
C:\Users\Admin\Desktop\dataset train\Dataset\Pneumonia-Viral\Pneumonia-Viral (849).jpg,Pneumonia-Viral,train
C:\Users\Admin\Desktop\dataset train\Dataset\Normal\Normal (2475).jpg,Normal,train
C:\Users\Admin\Desktop\dataset train\Dataset\Pneumonia-Bacterial\Pneumonia-Bacterial (1676).jpg,Pneumonia-Bacterial,train
C:\Users\Admin\Desktop\dataset train\Dataset\Pneumonia-Bacterial\Pneumonia-Bacterial (2070).jpg,Pneumonia-Bacterial,train
C:\Users\Admin\Desktop\dataset train\Dataset\Normal\Normal (1720).jpg,Normal,train
C:\Users\Admin\Desktop\dataset train\Dataset\Pneumonia-Viral\Pneumonia-Viral (1414).jpg,Pneumonia-Viral,train
C:\Users\Admin\Desktop\dataset train\Dataset\Pneumonia-Bacterial\Pneumonia-Bacterial (2694).jpg,Pneumonia-Bacterial,train
C:\Users\Admin\Desktop\dataset train\Dataset\Normal\Normal (653).jpg,Normal,train
C:\Users\Admin\Desktop\dataset train\Dataset\Pneumonia-Bacterial\Pneumonia-Bacterial (1991).jpg,Pneumonia-Bacterial,train
C:\Users\Admin\Desktop\dataset train\Dataset\Pneumonia-Viral\Pneumonia-Viral (592).jpg,Pneumonia-Viral,train
C:\Users\Admin\Desktop\dataset train\Dataset\Pneumonia-Viral\Pneumonia-Viral (164).jpg,Pneumonia-Viral,train
C:\Users\Admin\Desktop\dataset train\Dataset\Normal\Normal (812).jpg,Normal,train
C:\Users\Admin\Desktop\dataset train\Dataset\Pneumonia-Bacterial\Pneumonia-Bacterial (2681).jpg,Pneumonia-Bacterial,train
C:\Users\Admin\Desktop\dataset train\Dataset\Normal\Normal (556).jpg,Normal,train
C:\Users\Admin\Desktop\dataset train\Dataset\Pneumonia-Viral\Pneumonia-Viral (1080).jpg,Pneumonia-Viral,train
C:\Users\Admin\Desktop\dataset train\Dataset\Pneumonia-Viral\Pneumonia-Viral (1367).jpg,Pneumonia-Viral,train
C:\Users\Admin\Desktop\dataset train\Dataset\Normal\Normal (1615).jpg,Normal,train
C:\Users\Admin\Desktop\dataset train\Dataset\Normal\Normal (1681).jpg,Normal,train
C:\Users\Admin\Desktop\dataset train\Dataset\COVID\COVID-19 (661).jpg,COVID,train
C:\Users\Admin\Desktop\dataset train\Dataset\Pneumonia-Bacterial\Pneumonia-Bacterial (1178).jpg,Pneumonia-Bacterial,train
C:\Users\Admin\Desktop\dataset train\Dataset\Pneumonia-Bacterial\Pneumonia-Bacterial (2919).jpg,Pneumonia-Bacterial,train
C:\Users\Admin\Desktop\dataset train\Dataset\Normal\Normal (240).jpg,Normal,train
C:\Users\Admin\Desktop\dataset train\Dataset\Pneumonia-Bacterial\Pneumonia-Bacterial (2291).jpg,Pneumonia-Bacterial,train
C:\Users\Admin\Desktop\dataset train\Dataset\Normal\Normal (1697).jpg,Normal,train
C:\Users\Admin\Desktop\dataset train\Dataset\Normal\Normal (3095).jpg,Normal,train
C:\Users\Admin\Desktop\dataset train\Dataset\Pneumonia-Viral\Pneumonia-Viral (56).jpg,Pneumonia-Viral,train
C:\Users\Admin\Desktop\dataset train\Dataset\Pneumonia-Bacterial\Pneumonia-Bacterial (57).jpg,Pneumonia-Bacterial,train
C:\Users\Admin\Desktop\dataset train\Dataset\Pneumonia-Bacterial\Pneumonia-Bacterial (1401).jpg,Pneumonia-Bacterial,train
C:\Users\Admin\Desktop\dataset train\Dataset\Pneumonia-Viral\Pneumonia-Viral (1476).jpg,Pneumonia-Viral,train
C:\Users\Admin\Desktop\dataset train\Dataset\Pneumonia-Bacterial\Pneumonia-Bacterial (961).jpg,Pneumonia-Bacterial,train
C:\Users\Admin\Desktop\dataset train\Dataset\Pneumonia-Bacterial\Pneumonia-Bacterial (2428).jpg,Pneumonia-Bacterial,train
C:\Users\Admin\Desktop\dataset train\Dataset\Normal\Normal (2255).jpg,Normal,train
C:\Users\Admin\Desktop\dataset train\Dataset\Pneumonia-Bacterial\Pneumonia-Bacterial (785).jpg,Pneumonia-Bacterial,train
C:\Users\Admin\Desktop\dataset train\Dataset\Pneumonia-Bacterial\Pneumonia-Bacterial (168).jpg,Pneumonia-Bacterial,train
C:\Users\Admin\Desktop\dataset train\Dataset\COVID\COVID-19 (1040).jpg,COVID,train
C:\Users\Admin\Desktop\dataset train\Dataset\Normal\Normal (2715).jpg,Normal,train
C:\Users\Admin\Desktop\dataset train\Dataset\Normal\Normal (1765).jpg,Normal,train
C:\Users\Admin\Desktop\dataset train\Dataset\Pneumonia-Bacterial\Pneumonia-Bacterial (957).jpg,Pneumonia-Bacterial,train
C:\Users\Admin\Desktop\dataset train\Dataset\Pneumonia-Viral\Pneumonia-Viral (946).jpg,Pneumonia-Viral,train
C:\Users\Admin\Desktop\dataset train\Dataset\COVID\COVID-19 (617).jpg,COVID,train
C:\Users\Admin\Desktop\dataset train\Dataset\Pneumonia-Bacterial\Pneumonia-Bacterial (2071).jpg,Pneumonia-Bacterial,train
C:\Users\Admin\Desktop\dataset train\Dataset\Normal\Normal (2852).jpg,Normal,train
C:\Users\Admin\Desktop\dataset train\Dataset\Pneumonia-Bacterial\Pneumonia-Bacterial (2065).jpg,Pneumonia-Bacterial,train
C:\Users\Admin\Desktop\dataset train\Dataset\Normal\Normal (2166).jpg,Normal,train
C:\Users\Admin\Desktop\dataset train\Dataset\Normal\Normal (126).jpg,Normal,train
C:\Users\Admin\Desktop\dataset train\Dataset\Normal\Normal (1940).jpg,Normal,train
C:\Users\Admin\Desktop\dataset train\Dataset\Pneumonia-Viral\Pneumonia-Viral (787).jpg,Pneumonia-Viral,train
C:\Users\Admin\Desktop\dataset train\Dataset\COVID\COVID-19 (525).jpg,COVID,train
C:\Users\Admin\Desktop\dataset train\Dataset\Normal\Normal (2620).jpg,Normal,train
C:\Users\Admin\Desktop\dataset train\Dataset\Pneumonia-Bacterial\Pneumonia-Bacterial (1569).jpg,Pneumonia-Bacterial,train
C:\Users\Admin\Desktop\dataset train\Dataset\Normal\Normal (2691).jpg,Normal,train
C:\Users\Admin\Desktop\dataset train\Dataset\COVID\COVID-19 (847).jpg,COVID,train
C:\Users\Admin\Desktop\dataset train\Dataset\Normal\Normal (720).jpg,Normal,train
C:\Users\Admin\Desktop\dataset train\Dataset\Pneumonia-Bacterial\Pneumonia-Bacterial (1028).jpg,Pneumonia-Bacterial,train
C:\Users\Admin\Desktop\dataset train\Dataset\COVID\COVID-19 (277).jpg,COVID,train
C:\Users\Admin\Desktop\dataset train\Dataset\Pneumonia-Viral\Pneumonia-Viral (1164).jpg,Pneumonia-Viral,train
C:\Users\Admin\Desktop\dataset train\Dataset\Normal\Normal (1000).jpg,Normal,train
C:\Users\Admin\Desktop\dataset train\Dataset\Normal\Normal (1297).jpg,Normal,train
C:\Users\Admin\Desktop\dataset train\Dataset\Normal\Normal (1133).jpg,Normal,train
C:\Users\Admin\Desktop\dataset train\Dataset\Normal\Normal (1360).jpg,Normal,train
C:\Users\Admin\Desktop\dataset train\Dataset\Pneumonia-Viral\Pneumonia-Viral (118).jpg,Pneumonia-Viral,train
C:\Users\Admin\Desktop\dataset train\Dataset\Pneumonia-Bacterial\Pneumonia-Bacterial (1156).jpg,Pneumonia-Bacterial,train
C:\Users\Admin\Desktop\dataset train\Dataset\Pneumonia-Bacterial\Pneumonia-Bacterial (1610).jpg,Pneumonia-Bacterial,train
C:\Users\Admin\Desktop\dataset train\Dataset\Pneumonia-Bacterial\Pneumonia-Bacterial (377).jpg,Pneumonia-Bacterial,train
C:\Users\Admin\Desktop\dataset train\Dataset\Normal\Normal (83).jpg,Normal,train
C:\Users\Admin\Desktop\dataset train\Dataset\Normal\Normal (1087).jpg,Normal,train
C:\Users\Admin\Desktop\dataset train\Dataset\Pneumonia-Viral\Pneumonia-Viral (159).jpg,Pneumonia-Viral,train
C:\Users\Admin\Desktop\dataset train\Dataset\Pneumonia-Viral\Pneumonia-Viral (1557).jpg,Pneumonia-Viral,train
C:\Users\Admin\Desktop\dataset train\Dataset\Normal\Normal (2644).jpg,Normal,train
C:\Users\Admin\Desktop\dataset train\Dataset\Pneumonia-Bacterial\Pneumonia-Bacterial (1368).jpg,Pneumonia-Bacterial,train
C:\Users\Admin\Desktop\dataset train\Dataset\Pneumonia-Viral\Pneumonia-Viral (107).jpg,Pneumonia-Viral,train
C:\Users\Admin\Desktop\dataset train\Dataset\COVID\COVID-19 (419).jpg,COVID,train
C:\Users\Admin\Desktop\dataset train\Dataset\Pneumonia-Bacterial\Pneumonia-Bacterial (1798).jpg,Pneumonia-Bacterial,train
C:\Users\Admin\Desktop\dataset train\Dataset\COVID\COVID-19 (1275).jpg,COVID,train
C:\Users\Admin\Desktop\dataset train\Dataset\Pneumonia-Viral\Pneumonia-Viral (1562).jpg,Pneumonia-Viral,train
C:\Users\Admin\Desktop\dataset train\Dataset\COVID\COVID-19 (1006).jpg,COVID,train
C:\Users\Admin\Desktop\dataset train\Dataset\Pneumonia-Bacterial\Pneumonia-Bacterial (2321).jpg,Pneumonia-Bacterial,train
C:\Users\Admin\Desktop\dataset train\Dataset\COVID\COVID-19 (550).jpg,COVID,train
C:\Users\Admin\Desktop\dataset train\Dataset\Pneumonia-Bacterial\Pneumonia-Bacterial (1247).jpg,Pneumonia-Bacterial,train
C:\Users\Admin\Desktop\dataset train\Dataset\Pneumonia-Viral\Pneumonia-Viral (436).jpg,Pneumonia-Viral,train
C:\Users\Admin\Desktop\dataset train\Dataset\Pneumonia-Bacterial\Pneumonia-Bacterial (2606).jpg,Pneumonia-Bacterial,train
C:\Users\Admin\Desktop\dataset train\Dataset\COVID\COVID-19 (1141).jpg,COVID,train
C:\Users\Admin\Desktop\dataset train\Dataset\Pneumonia-Bacterial\Pneumonia-Bacterial (1825).jpg,Pneumonia-Bacterial,train
C:\Users\Admin\Desktop\dataset train\Dataset\Pneumonia-Viral\Pneumonia-Viral (744).jpg,Pneumonia-Viral,train
C:\Users\Admin\Desktop\dataset train\Dataset\Pneumonia-Viral\Pneumonia-Viral (1587).jpg,Pneumonia-Viral,train
C:\Users\Admin\Desktop\dataset train\Dataset\Pneumonia-Bacterial\Pneumonia-Bacterial (2441).jpg,Pneumonia-Bacterial,train
C:\Users\Admin\Desktop\dataset train\Dataset\Pneumonia-Viral\Pneumonia-Viral (619).jpg,Pneumonia-Viral,train
C:\Users\Admin\Desktop\dataset train\Dataset\COVID\COVID-19 (999).jpg,COVID,train
C:\Users\Admin\Desktop\dataset train\Dataset\COVID\COVID-19 (45).jpg,COVID,train
C:\Users\Admin\Desktop\dataset train\Dataset\Normal\Normal (1155).jpg,Normal,train
C:\Users\Admin\Desktop\dataset train\Dataset\Normal\Normal (1834).jpg,Normal,train
C:\Users\Admin\Desktop\dataset train\Dataset\Normal\Normal (425).jpg,Normal,train
C:\Users\Admin\Desktop\dataset train\Dataset\Normal\Normal (2569).jpg,Normal,train
C:\Users\Admin\Desktop\dataset train\Dataset\Normal\Normal (1219).jpg,Normal,train
C:\Users\Admin\Desktop\dataset train\Dataset\Normal\Normal (481).jpg,Normal,train
C:\Users\Admin\Desktop\dataset train\Dataset\Normal\Normal (1473).jpg,Normal,train
C:\Users\Admin\Desktop\dataset train\Dataset\COVID\COVID-19 (697).jpg,COVID,train
C:\Users\Admin\Desktop\dataset train\Dataset\Normal\Normal (108).jpg,Normal,train
C:\Users\Admin\Desktop\dataset train\Dataset\Normal\Normal (1091).jpg,Normal,train
C:\Users\Admin\Desktop\dataset train\Dataset\COVID\COVID-19 (480).jpg,COVID,train
C:\Users\Admin\Desktop\dataset train\Dataset\Normal\Normal (942).jpg,Normal,train
C:\Users\Admin\Desktop\dataset train\Dataset\Pneumonia-Bacterial\Pneumonia-Bacterial (1234).jpg,Pneumonia-Bacterial,train
C:\Users\Admin\Desktop\dataset train\Dataset\Pneumonia-Bacterial\Pneumonia-Bacterial (2589).jpg,Pneumonia-Bacterial,train
C:\Users\Admin\Desktop\dataset train\Dataset\Pneumonia-Bacterial\Pneumonia-Bacterial (1378).jpg,Pneumonia-Bacterial,train
C:\Users\Admin\Desktop\dataset train\Dataset\Normal\Normal (1599).jpg,Normal,train
C:\Users\Admin\Desktop\dataset train\Dataset\Normal\Normal (1429).jpg,Normal,train
C:\Users\Admin\Desktop\dataset train\Dataset\COVID\COVID-19 (374).jpg,COVID,train
C:\Users\Admin\Desktop\dataset train\Dataset\Pneumonia-Bacterial\Pneumonia-Bacterial (1761).jpg,Pneumonia-Bacterial,train
C:\Users\Admin\Desktop\dataset train\Dataset\Pneumonia-Bacterial\Pneumonia-Bacterial (1694).jpg,Pneumonia-Bacterial,train
C:\Users\Admin\Desktop\dataset train\Dataset\Normal\Normal (392).jpg,Normal,train
C:\Users\Admin\Desktop\dataset train\Dataset\Normal\Normal (338).jpg,Normal,train
C:\Users\Admin\Desktop\dataset train\Dataset\Pneumonia-Viral\Pneumonia-Viral (775).jpg,Pneumonia-Viral,train
C:\Users\Admin\Desktop\dataset train\Dataset\COVID\COVID-19 (1269).jpg,COVID,train
C:\Users\Admin\Desktop\dataset train\Dataset\Pneumonia-Bacterial\Pneumonia-Bacterial (1568).jpg,Pneumonia-Bacterial,train
C:\Users\Admin\Desktop\dataset train\Dataset\COVID\COVID-19 (656).jpg,COVID,train
C:\Users\Admin\Desktop\dataset train\Dataset\Normal\Normal (1805).jpg,Normal,train
C:\Users\Admin\Desktop\dataset train\Dataset\Pneumonia-Bacterial\Pneumonia-Bacterial (1472).jpg,Pneumonia-Bacterial,train
C:\Users\Admin\Desktop\dataset train\Dataset\Normal\Normal (2702).jpg,Normal,train
C:\Users\Admin\Desktop\dataset train\Dataset\COVID\COVID-19 (512).jpg,COVID,train
C:\Users\Admin\Desktop\dataset train\Dataset\Pneumonia-Bacterial\Pneumonia-Bacterial (1516).jpg,Pneumonia-Bacterial,train
C:\Users\Admin\Desktop\dataset train\Dataset\Normal\Normal (1809).jpg,Normal,train
C:\Users\Admin\Desktop\dataset train\Dataset\Pneumonia-Viral\Pneumonia-Viral (1161).jpg,Pneumonia-Viral,train
C:\Users\Admin\Desktop\dataset train\Dataset\COVID\COVID-19 (642).jpg,COVID,train
C:\Users\Admin\Desktop\dataset train\Dataset\Normal\Normal (763).jpg,Normal,train
C:\Users\Admin\Desktop\dataset train\Dataset\COVID\COVID-19 (574).jpg,COVID,train
C:\Users\Admin\Desktop\dataset train\Dataset\Normal\Normal (2801).jpg,Normal,train
C:\Users\Admin\Desktop\dataset train\Dataset\Pneumonia-Viral\Pneumonia-Viral (647).jpg,Pneumonia-Viral,train
C:\Users\Admin\Desktop\dataset train\Dataset\Normal\Normal (1608).jpg,Normal,train
C:\Users\Admin\Desktop\dataset train\Dataset\Pneumonia-Viral\Pneumonia-Viral (50).jpg,Pneumonia-Viral,train
C:\Users\Admin\Desktop\dataset train\Dataset\COVID\COVID-19 (745).jpg,COVID,train
C:\Users\Admin\Desktop\dataset train\Dataset\Pneumonia-Viral\Pneumonia-Viral (1068).jpg,Pneumonia-Viral,train
C:\Users\Admin\Desktop\dataset train\Dataset\Normal\Normal (2315).jpg,Normal,train
C:\Users\Admin\Desktop\dataset train\Dataset\Pneumonia-Viral\Pneumonia-Viral (437).jpg,Pneumonia-Viral,train
C:\Users\Admin\Desktop\dataset train\Dataset\Normal\Normal (442).jpg,Normal,train
C:\Users\Admin\Desktop\dataset train\Dataset\Normal\Normal (889).jpg,Normal,train
C:\Users\Admin\Desktop\dataset train\Dataset\COVID\COVID-19 (491).jpg,COVID,train
C:\Users\Admin\Desktop\dataset train\Dataset\Normal\Normal (2857).jpg,Normal,train
C:\Users\Admin\Desktop\dataset train\Dataset\Normal\Normal (2450).jpg,Normal,train
C:\Users\Admin\Desktop\dataset train\Dataset\Pneumonia-Bacterial\Pneumonia-Bacterial (547).jpg,Pneumonia-Bacterial,train
C:\Users\Admin\Desktop\dataset train\Dataset\Normal\Normal (1273).jpg,Normal,train
C:\Users\Admin\Desktop\dataset train\Dataset\Pneumonia-Bacterial\Pneumonia-Bacterial (977).jpg,Pneumonia-Bacterial,train
C:\Users\Admin\Desktop\dataset train\Dataset\Normal\Normal (2062).jpg,Normal,train
C:\Users\Admin\Desktop\dataset train\Dataset\Pneumonia-Bacterial\Pneumonia-Bacterial (414).jpg,Pneumonia-Bacterial,train
C:\Users\Admin\Desktop\dataset train\Dataset\Pneumonia-Bacterial\Pneumonia-Bacterial (1772).jpg,Pneumonia-Bacterial,train
C:\Users\Admin\Desktop\dataset train\Dataset\Pneumonia-Bacterial\Pneumonia-Bacterial (371).jpg,Pneumonia-Bacterial,train
C:\Users\Admin\Desktop\dataset train\Dataset\Pneumonia-Bacterial\Pneumonia-Bacterial (340).jpg,Pneumonia-Bacterial,train
C:\Users\Admin\Desktop\dataset train\Dataset\Pneumonia-Bacterial\Pneumonia-Bacterial (2236).jpg,Pneumonia-Bacterial,train
C:\Users\Admin\Desktop\dataset train\Dataset\Normal\Normal (2028).jpg,Normal,train
C:\Users\Admin\Desktop\dataset train\Dataset\Pneumonia-Bacterial\Pneumonia-Bacterial (1070).jpg,Pneumonia-Bacterial,train
C:\Users\Admin\Desktop\dataset train\Dataset\Normal\Normal (2962).jpg,Normal,train
C:\Users\Admin\Desktop\dataset train\Dataset\Normal\Normal (1105).jpg,Normal,train
C:\Users\Admin\Desktop\dataset train\Dataset\Pneumonia-Bacterial\Pneumonia-Bacterial (2850).jpg,Pneumonia-Bacterial,train
C:\Users\Admin\Desktop\dataset train\Dataset\Pneumonia-Bacterial\Pneumonia-Bacterial (2319).jpg,Pneumonia-Bacterial,train
C:\Users\Admin\Desktop\dataset train\Dataset\Normal\Normal (1092).jpg,Normal,train
C:\Users\Admin\Desktop\dataset train\Dataset\Pneumonia-Bacterial\Pneumonia-Bacterial (501).jpg,Pneumonia-Bacterial,train
C:\Users\Admin\Desktop\dataset train\Dataset\Pneumonia-Bacterial\Pneumonia-Bacterial (2577).jpg,Pneumonia-Bacterial,train
C:\Users\Admin\Desktop\dataset train\Dataset\Normal\Normal (335).jpg,Normal,train
C:\Users\Admin\Desktop\dataset train\Dataset\COVID\COVID-19 (509).jpg,COVID,train
C:\Users\Admin\Desktop\dataset train\Dataset\Normal\Normal (2494).jpg,Normal,train
C:\Users\Admin\Desktop\dataset train\Dataset\Pneumonia-Viral\Pneumonia-Viral (1256).jpg,Pneumonia-Viral,train
C:\Users\Admin\Desktop\dataset train\Dataset\Normal\Normal (1281).jpg,Normal,train
C:\Users\Admin\Desktop\dataset train\Dataset\Normal\Normal (2940).jpg,Normal,train
C:\Users\Admin\Desktop\dataset train\Dataset\Pneumonia-Bacterial\Pneumonia-Bacterial (2713).jpg,Pneumonia-Bacterial,train
C:\Users\Admin\Desktop\dataset train\Dataset\COVID\COVID-19 (933).jpg,COVID,train
C:\Users\Admin\Desktop\dataset train\Dataset\COVID\COVID-19 (663).jpg,COVID,train
C:\Users\Admin\Desktop\dataset train\Dataset\Normal\Normal (625).jpg,Normal,train
C:\Users\Admin\Desktop\dataset train\Dataset\Pneumonia-Bacterial\Pneumonia-Bacterial (2401).jpg,Pneumonia-Bacterial,train
C:\Users\Admin\Desktop\dataset train\Dataset\Pneumonia-Bacterial\Pneumonia-Bacterial (425).jpg,Pneumonia-Bacterial,train
C:\Users\Admin\Desktop\dataset train\Dataset\Normal\Normal (1403).jpg,Normal,train
C:\Users\Admin\Desktop\dataset train\Dataset\Pneumonia-Bacterial\Pneumonia-Bacterial (2139).jpg,Pneumonia-Bacterial,train
C:\Users\Admin\Desktop\dataset train\Dataset\Pneumonia-Viral\Pneumonia-Viral (917).jpg,Pneumonia-Viral,train
C:\Users\Admin\Desktop\dataset train\Dataset\Normal\Normal (3176).jpg,Normal,train
C:\Users\Admin\Desktop\dataset train\Dataset\Pneumonia-Viral\Pneumonia-Viral (794).jpg,Pneumonia-Viral,train
C:\Users\Admin\Desktop\dataset train\Dataset\Pneumonia-Viral\Pneumonia-Viral (1129).jpg,Pneumonia-Viral,train
C:\Users\Admin\Desktop\dataset train\Dataset\Pneumonia-Bacterial\Pneumonia-Bacterial (1596).jpg,Pneumonia-Bacterial,train
C:\Users\Admin\Desktop\dataset train\Dataset\Pneumonia-Viral\Pneumonia-Viral (1302).jpg,Pneumonia-Viral,train
C:\Users\Admin\Desktop\dataset train\Dataset\Pneumonia-Bacterial\Pneumonia-Bacterial (881).jpg,Pneumonia-Bacterial,train
C:\Users\Admin\Desktop\dataset train\Dataset\Normal\Normal (1757).jpg,Normal,train
C:\Users\Admin\Desktop\dataset train\Dataset\Normal\Normal (147).jpg,Normal,train
C:\Users\Admin\Desktop\dataset train\Dataset\Normal\Normal (2756).jpg,Normal,train
C:\Users\Admin\Desktop\dataset train\Dataset\Normal\Normal (1020).jpg,Normal,train
C:\Users\Admin\Desktop\dataset train\Dataset\Pneumonia-Bacterial\Pneumonia-Bacterial (1143).jpg,Pneumonia-Bacterial,train
C:\Users\Admin\Desktop\dataset train\Dataset\Pneumonia-Bacterial\Pneumonia-Bacterial (478).jpg,Pneumonia-Bacterial,train
C:\Users\Admin\Desktop\dataset train\Dataset\Normal\Normal (2553).jpg,Normal,train
C:\Users\Admin\Desktop\dataset train\Dataset\Pneumonia-Bacterial\Pneumonia-Bacterial (1437).jpg,Pneumonia-Bacterial,train
C:\Users\Admin\Desktop\dataset train\Dataset\Pneumonia-Bacterial\Pneumonia-Bacterial (1459).jpg,Pneumonia-Bacterial,train
C:\Users\Admin\Desktop\dataset train\Dataset\COVID\COVID-19 (919).jpg,COVID,train
C:\Users\Admin\Desktop\dataset train\Dataset\Normal\Normal (317).jpg,Normal,train
C:\Users\Admin\Desktop\dataset train\Dataset\Pneumonia-Bacterial\Pneumonia-Bacterial (2205).jpg,Pneumonia-Bacterial,train
C:\Users\Admin\Desktop\dataset train\Dataset\Normal\Normal (1896).jpg,Normal,train
C:\Users\Admin\Desktop\dataset train\Dataset\Normal\Normal (2138).jpg,Normal,train
C:\Users\Admin\Desktop\dataset train\Dataset\Pneumonia-Bacterial\Pneumonia-Bacterial (2086).jpg,Pneumonia-Bacterial,train
C:\Users\Admin\Desktop\dataset train\Dataset\Normal\Normal (2918).jpg,Normal,train
C:\Users\Admin\Desktop\dataset train\Dataset\Pneumonia-Viral\Pneumonia-Viral (598).jpg,Pneumonia-Viral,train
C:\Users\Admin\Desktop\dataset train\Dataset\Normal\Normal (1827).jpg,Normal,train
C:\Users\Admin\Desktop\dataset train\Dataset\Normal\Normal (22).jpg,Normal,train
C:\Users\Admin\Desktop\dataset train\Dataset\Normal\Normal (41).jpg,Normal,train
C:\Users\Admin\Desktop\dataset train\Dataset\Pneumonia-Bacterial\Pneumonia-Bacterial (1270).jpg,Pneumonia-Bacterial,train
C:\Users\Admin\Desktop\dataset train\Dataset\COVID\COVID-19 (505).jpg,COVID,train
C:\Users\Admin\Desktop\dataset train\Dataset\Pneumonia-Viral\Pneumonia-Viral (347).jpg,Pneumonia-Viral,train
C:\Users\Admin\Desktop\dataset train\Dataset\Normal\Normal (2673).jpg,Normal,train
C:\Users\Admin\Desktop\dataset train\Dataset\Pneumonia-Bacterial\Pneumonia-Bacterial (2774).jpg,Pneumonia-Bacterial,train
C:\Users\Admin\Desktop\dataset train\Dataset\Pneumonia-Viral\Pneumonia-Viral (1177).jpg,Pneumonia-Viral,train
C:\Users\Admin\Desktop\dataset train\Dataset\Normal\Normal (3228).jpg,Normal,train
C:\Users\Admin\Desktop\dataset train\Dataset\Pneumonia-Viral\Pneumonia-Viral (1359).jpg,Pneumonia-Viral,train
C:\Users\Admin\Desktop\dataset train\Dataset\Normal\Normal (2350).jpg,Normal,train
C:\Users\Admin\Desktop\dataset train\Dataset\Pneumonia-Viral\Pneumonia-Viral (140).jpg,Pneumonia-Viral,train
C:\Users\Admin\Desktop\dataset train\Dataset\Normal\Normal (600).jpg,Normal,train
C:\Users\Admin\Desktop\dataset train\Dataset\Pneumonia-Bacterial\Pneumonia-Bacterial (68).jpg,Pneumonia-Bacterial,train
C:\Users\Admin\Desktop\dataset train\Dataset\Pneumonia-Bacterial\Pneumonia-Bacterial (932).jpg,Pneumonia-Bacterial,train
C:\Users\Admin\Desktop\dataset train\Dataset\Pneumonia-Viral\Pneumonia-Viral (396).jpg,Pneumonia-Viral,train
C:\Users\Admin\Desktop\dataset train\Dataset\Normal\Normal (179).jpg,Normal,train
C:\Users\Admin\Desktop\dataset train\Dataset\COVID\COVID-19 (1214).jpg,COVID,train
C:\Users\Admin\Desktop\dataset train\Dataset\Pneumonia-Viral\Pneumonia-Viral (626).jpg,Pneumonia-Viral,train
C:\Users\Admin\Desktop\dataset train\Dataset\Normal\Normal (70).jpg,Normal,train
C:\Users\Admin\Desktop\dataset train\Dataset\Normal\Normal (1864).jpg,Normal,train
C:\Users\Admin\Desktop\dataset train\Dataset\Pneumonia-Bacterial\Pneumonia-Bacterial (821).jpg,Pneumonia-Bacterial,train
C:\Users\Admin\Desktop\dataset train\Dataset\Pneumonia-Viral\Pneumonia-Viral (351).jpg,Pneumonia-Viral,train
C:\Users\Admin\Desktop\dataset train\Dataset\Pneumonia-Bacterial\Pneumonia-Bacterial (2211).jpg,Pneumonia-Bacterial,train
C:\Users\Admin\Desktop\dataset train\Dataset\Normal\Normal (1384).jpg,Normal,train
C:\Users\Admin\Desktop\dataset train\Dataset\Pneumonia-Viral\Pneumonia-Viral (519).jpg,Pneumonia-Viral,train
C:\Users\Admin\Desktop\dataset train\Dataset\Pneumonia-Bacterial\Pneumonia-Bacterial (629).jpg,Pneumonia-Bacterial,train
C:\Users\Admin\Desktop\dataset train\Dataset\Pneumonia-Bacterial\Pneumonia-Bacterial (2446).jpg,Pneumonia-Bacterial,train
C:\Users\Admin\Desktop\dataset train\Dataset\Pneumonia-Bacterial\Pneumonia-Bacterial (2529).jpg,Pneumonia-Bacterial,train
C:\Users\Admin\Desktop\dataset train\Dataset\Pneumonia-Viral\Pneumonia-Viral (547).jpg,Pneumonia-Viral,train
C:\Users\Admin\Desktop\dataset train\Dataset\Pneumonia-Viral\Pneumonia-Viral (1329).jpg,Pneumonia-Viral,train
C:\Users\Admin\Desktop\dataset train\Dataset\Pneumonia-Bacterial\Pneumonia-Bacterial (1927).jpg,Pneumonia-Bacterial,train
C:\Users\Admin\Desktop\dataset train\Dataset\Normal\Normal (2934).jpg,Normal,train
C:\Users\Admin\Desktop\dataset train\Dataset\Pneumonia-Bacterial\Pneumonia-Bacterial (2659).jpg,Pneumonia-Bacterial,train
C:\Users\Admin\Desktop\dataset train\Dataset\Normal\Normal (2289).jpg,Normal,train
C:\Users\Admin\Desktop\dataset train\Dataset\Normal\Normal (2215).jpg,Normal,train
C:\Users\Admin\Desktop\dataset train\Dataset\Normal\Normal (2188).jpg,Normal,train
C:\Users\Admin\Desktop\dataset train\Dataset\Pneumonia-Viral\Pneumonia-Viral (1406).jpg,Pneumonia-Viral,train
C:\Users\Admin\Desktop\dataset train\Dataset\Normal\Normal (113).jpg,Normal,train
C:\Users\Admin\Desktop\dataset train\Dataset\Pneumonia-Bacterial\Pneumonia-Bacterial (2600).jpg,Pneumonia-Bacterial,train
C:\Users\Admin\Desktop\dataset train\Dataset\COVID\COVID-19 (959).jpg,COVID,train
C:\Users\Admin\Desktop\dataset train\Dataset\Pneumonia-Viral\Pneumonia-Viral (1381).jpg,Pneumonia-Viral,train
C:\Users\Admin\Desktop\dataset train\Dataset\COVID\COVID-19 (1273).jpg,COVID,train
C:\Users\Admin\Desktop\dataset train\Dataset\COVID\COVID-19 (26).jpg,COVID,train
C:\Users\Admin\Desktop\dataset train\Dataset\Pneumonia-Viral\Pneumonia-Viral (267).jpg,Pneumonia-Viral,train
C:\Users\Admin\Desktop\dataset train\Dataset\Pneumonia-Bacterial\Pneumonia-Bacterial (331).jpg,Pneumonia-Bacterial,train
C:\Users\Admin\Desktop\dataset train\Dataset\Normal\Normal (2565).jpg,Normal,train
C:\Users\Admin\Desktop\dataset train\Dataset\Pneumonia-Bacterial\Pneumonia-Bacterial (2153).jpg,Pneumonia-Bacterial,train
C:\Users\Admin\Desktop\dataset train\Dataset\Pneumonia-Bacterial\Pneumonia-Bacterial (288).jpg,Pneumonia-Bacterial,train
C:\Users\Admin\Desktop\dataset train\Dataset\Normal\Normal (2007).jpg,Normal,train
C:\Users\Admin\Desktop\dataset train\Dataset\Normal\Normal (2111).jpg,Normal,train
C:\Users\Admin\Desktop\dataset train\Dataset\Pneumonia-Bacterial\Pneumonia-Bacterial (1512).jpg,Pneumonia-Bacterial,train
C:\Users\Admin\Desktop\dataset train\Dataset\Pneumonia-Bacterial\Pneumonia-Bacterial (1697).jpg,Pneumonia-Bacterial,train
C:\Users\Admin\Desktop\dataset train\Dataset\Pneumonia-Bacterial\Pneumonia-Bacterial (2263).jpg,Pneumonia-Bacterial,train
C:\Users\Admin\Desktop\dataset train\Dataset\Pneumonia-Bacterial\Pneumonia-Bacterial (634).jpg,Pneumonia-Bacterial,train
C:\Users\Admin\Desktop\dataset train\Dataset\Pneumonia-Bacterial\Pneumonia-Bacterial (560).jpg,Pneumonia-Bacterial,train
C:\Users\Admin\Desktop\dataset train\Dataset\Pneumonia-Bacterial\Pneumonia-Bacterial (1719).jpg,Pneumonia-Bacterial,train
C:\Users\Admin\Desktop\dataset train\Dataset\Normal\Normal (506).jpg,Normal,train
C:\Users\Admin\Desktop\dataset train\Dataset\Pneumonia-Bacterial\Pneumonia-Bacterial (1460).jpg,Pneumonia-Bacterial,train
C:\Users\Admin\Desktop\dataset train\Dataset\Pneumonia-Viral\Pneumonia-Viral (327).jpg,Pneumonia-Viral,train
C:\Users\Admin\Desktop\dataset train\Dataset\Normal\Normal (1724).jpg,Normal,train
C:\Users\Admin\Desktop\dataset train\Dataset\COVID\COVID-19 (157).jpg,COVID,train
C:\Users\Admin\Desktop\dataset train\Dataset\Pneumonia-Bacterial\Pneumonia-Bacterial (45).jpg,Pneumonia-Bacterial,train
C:\Users\Admin\Desktop\dataset train\Dataset\Pneumonia-Bacterial\Pneumonia-Bacterial (2358).jpg,Pneumonia-Bacterial,train
C:\Users\Admin\Desktop\dataset train\Dataset\Normal\Normal (1107).jpg,Normal,train
C:\Users\Admin\Desktop\dataset train\Dataset\Normal\Normal (2150).jpg,Normal,train
C:\Users\Admin\Desktop\dataset train\Dataset\Normal\Normal (2003).jpg,Normal,train
C:\Users\Admin\Desktop\dataset train\Dataset\COVID\COVID-19 (916).jpg,COVID,train
C:\Users\Admin\Desktop\dataset train\Dataset\COVID\COVID-19 (912).jpg,COVID,train
C:\Users\Admin\Desktop\dataset train\Dataset\COVID\COVID-19 (1254).jpg,COVID,train
C:\Users\Admin\Desktop\dataset train\Dataset\Pneumonia-Bacterial\Pneumonia-Bacterial (1580).jpg,Pneumonia-Bacterial,train
C:\Users\Admin\Desktop\dataset train\Dataset\Normal\Normal (2772).jpg,Normal,train
C:\Users\Admin\Desktop\dataset train\Dataset\COVID\COVID-19 (1202).jpg,COVID,train
C:\Users\Admin\Desktop\dataset train\Dataset\Normal\Normal (2456).jpg,Normal,train
C:\Users\Admin\Desktop\dataset train\Dataset\Normal\Normal (2145).jpg,Normal,train
C:\Users\Admin\Desktop\dataset train\Dataset\Pneumonia-Bacterial\Pneumonia-Bacterial (2594).jpg,Pneumonia-Bacterial,train
C:\Users\Admin\Desktop\dataset train\Dataset\Normal\Normal (579).jpg,Normal,train
C:\Users\Admin\Desktop\dataset train\Dataset\COVID\COVID-19 (752).jpg,COVID,train
C:\Users\Admin\Desktop\dataset train\Dataset\Normal\Normal (112).jpg,Normal,train
C:\Users\Admin\Desktop\dataset train\Dataset\Pneumonia-Bacterial\Pneumonia-Bacterial (89).jpg,Pneumonia-Bacterial,train
C:\Users\Admin\Desktop\dataset train\Dataset\Pneumonia-Bacterial\Pneumonia-Bacterial (902).jpg,Pneumonia-Bacterial,train
C:\Users\Admin\Desktop\dataset train\Dataset\Pneumonia-Viral\Pneumonia-Viral (1305).jpg,Pneumonia-Viral,train
C:\Users\Admin\Desktop\dataset train\Dataset\Normal\Normal (1456).jpg,Normal,train
C:\Users\Admin\Desktop\dataset train\Dataset\Pneumonia-Bacterial\Pneumonia-Bacterial (1969).jpg,Pneumonia-Bacterial,train
C:\Users\Admin\Desktop\dataset train\Dataset\Pneumonia-Bacterial\Pneumonia-Bacterial (2558).jpg,Pneumonia-Bacterial,train
C:\Users\Admin\Desktop\dataset train\Dataset\Normal\Normal (512).jpg,Normal,train
C:\Users\Admin\Desktop\dataset train\Dataset\Pneumonia-Bacterial\Pneumonia-Bacterial (460).jpg,Pneumonia-Bacterial,train
C:\Users\Admin\Desktop\dataset train\Dataset\Pneumonia-Viral\Pneumonia-Viral (469).jpg,Pneumonia-Viral,train
C:\Users\Admin\Desktop\dataset train\Dataset\Pneumonia-Viral\Pneumonia-Viral (881).jpg,Pneumonia-Viral,train
C:\Users\Admin\Desktop\dataset train\Dataset\COVID\COVID-19 (1276).jpg,COVID,train
C:\Users\Admin\Desktop\dataset train\Dataset\Pneumonia-Bacterial\Pneumonia-Bacterial (2697).jpg,Pneumonia-Bacterial,train
C:\Users\Admin\Desktop\dataset train\Dataset\COVID\COVID-19 (238).jpg,COVID,train
C:\Users\Admin\Desktop\dataset train\Dataset\Pneumonia-Bacterial\Pneumonia-Bacterial (953).jpg,Pneumonia-Bacterial,train
C:\Users\Admin\Desktop\dataset train\Dataset\COVID\COVID-19 (776).jpg,COVID,train
C:\Users\Admin\Desktop\dataset train\Dataset\Pneumonia-Bacterial\Pneumonia-Bacterial (236).jpg,Pneumonia-Bacterial,train
C:\Users\Admin\Desktop\dataset train\Dataset\Normal\Normal (345).jpg,Normal,train
C:\Users\Admin\Desktop\dataset train\Dataset\Normal\Normal (81).jpg,Normal,train
C:\Users\Admin\Desktop\dataset train\Dataset\Pneumonia-Bacterial\Pneumonia-Bacterial (2288).jpg,Pneumonia-Bacterial,train
C:\Users\Admin\Desktop\dataset train\Dataset\Pneumonia-Bacterial\Pneumonia-Bacterial (1219).jpg,Pneumonia-Bacterial,train
C:\Users\Admin\Desktop\dataset train\Dataset\Normal\Normal (2939).jpg,Normal,train
C:\Users\Admin\Desktop\dataset train\Dataset\Pneumonia-Bacterial\Pneumonia-Bacterial (883).jpg,Pneumonia-Bacterial,train
C:\Users\Admin\Desktop\dataset train\Dataset\Pneumonia-Bacterial\Pneumonia-Bacterial (1168).jpg,Pneumonia-Bacterial,train
C:\Users\Admin\Desktop\dataset train\Dataset\Normal\Normal (1425).jpg,Normal,train
C:\Users\Admin\Desktop\dataset train\Dataset\Normal\Normal (244).jpg,Normal,train
C:\Users\Admin\Desktop\dataset train\Dataset\Normal\Normal (1851).jpg,Normal,train
C:\Users\Admin\Desktop\dataset train\Dataset\Pneumonia-Bacterial\Pneumonia-Bacterial (351).jpg,Pneumonia-Bacterial,train
C:\Users\Admin\Desktop\dataset train\Dataset\Pneumonia-Bacterial\Pneumonia-Bacterial (965).jpg,Pneumonia-Bacterial,train
C:\Users\Admin\Desktop\dataset train\Dataset\Pneumonia-Bacterial\Pneumonia-Bacterial (1152).jpg,Pneumonia-Bacterial,train
C:\Users\Admin\Desktop\dataset train\Dataset\Pneumonia-Viral\Pneumonia-Viral (38).jpg,Pneumonia-Viral,train
C:\Users\Admin\Desktop\dataset train\Dataset\Normal\Normal (4).jpg,Normal,train
C:\Users\Admin\Desktop\dataset train\Dataset\Pneumonia-Viral\Pneumonia-Viral (220).jpg,Pneumonia-Viral,train
C:\Users\Admin\Desktop\dataset train\Dataset\COVID\COVID-19 (50).jpg,COVID,train
C:\Users\Admin\Desktop\dataset train\Dataset\Pneumonia-Viral\Pneumonia-Viral (227).jpg,Pneumonia-Viral,train
C:\Users\Admin\Desktop\dataset train\Dataset\COVID\COVID-19 (888).jpg,COVID,train
C:\Users\Admin\Desktop\dataset train\Dataset\Pneumonia-Viral\Pneumonia-Viral (1288).jpg,Pneumonia-Viral,train
C:\Users\Admin\Desktop\dataset train\Dataset\Pneumonia-Viral\Pneumonia-Viral (1112).jpg,Pneumonia-Viral,train
C:\Users\Admin\Desktop\dataset train\Dataset\Normal\Normal (116).jpg,Normal,train
C:\Users\Admin\Desktop\dataset train\Dataset\COVID\COVID-19 (415).jpg,COVID,train
C:\Users\Admin\Desktop\dataset train\Dataset\Normal\Normal (2187).jpg,Normal,train
C:\Users\Admin\Desktop\dataset train\Dataset\Pneumonia-Bacterial\Pneumonia-Bacterial (385).jpg,Pneumonia-Bacterial,train
C:\Users\Admin\Desktop\dataset train\Dataset\Normal\Normal (766).jpg,Normal,train
C:\Users\Admin\Desktop\dataset train\Dataset\Normal\Normal (115).jpg,Normal,train
C:\Users\Admin\Desktop\dataset train\Dataset\COVID\COVID-19 (1187).jpg,COVID,train
C:\Users\Admin\Desktop\dataset train\Dataset\COVID\COVID-19 (121).jpg,COVID,train
C:\Users\Admin\Desktop\dataset train\Dataset\Normal\Normal (2254).jpg,Normal,train
C:\Users\Admin\Desktop\dataset train\Dataset\Normal\Normal (361).jpg,Normal,train
C:\Users\Admin\Desktop\dataset train\Dataset\Pneumonia-Viral\Pneumonia-Viral (1360).jpg,Pneumonia-Viral,train
C:\Users\Admin\Desktop\dataset train\Dataset\Normal\Normal (1299).jpg,Normal,train
C:\Users\Admin\Desktop\dataset train\Dataset\COVID\COVID-19 (494).jpg,COVID,train
C:\Users\Admin\Desktop\dataset train\Dataset\COVID\COVID-19 (702).jpg,COVID,train
C:\Users\Admin\Desktop\dataset train\Dataset\Pneumonia-Viral\Pneumonia-Viral (571).jpg,Pneumonia-Viral,train
C:\Users\Admin\Desktop\dataset train\Dataset\Normal\Normal (3157).jpg,Normal,train
C:\Users\Admin\Desktop\dataset train\Dataset\Pneumonia-Bacterial\Pneumonia-Bacterial (922).jpg,Pneumonia-Bacterial,train
C:\Users\Admin\Desktop\dataset train\Dataset\Normal\Normal (1404).jpg,Normal,train
C:\Users\Admin\Desktop\dataset train\Dataset\Normal\Normal (941).jpg,Normal,train
C:\Users\Admin\Desktop\dataset train\Dataset\COVID\COVID-19 (1229).jpg,COVID,train
C:\Users\Admin\Desktop\dataset train\Dataset\Normal\Normal (2549).jpg,Normal,train
C:\Users\Admin\Desktop\dataset train\Dataset\Pneumonia-Viral\Pneumonia-Viral (207).jpg,Pneumonia-Viral,train
C:\Users\Admin\Desktop\dataset train\Dataset\Pneumonia-Bacterial\Pneumonia-Bacterial (1177).jpg,Pneumonia-Bacterial,train
C:\Users\Admin\Desktop\dataset train\Dataset\Normal\Normal (844).jpg,Normal,train
C:\Users\Admin\Desktop\dataset train\Dataset\Pneumonia-Bacterial\Pneumonia-Bacterial (1926).jpg,Pneumonia-Bacterial,train
C:\Users\Admin\Desktop\dataset train\Dataset\Pneumonia-Bacterial\Pneumonia-Bacterial (2889).jpg,Pneumonia-Bacterial,train
C:\Users\Admin\Desktop\dataset train\Dataset\Normal\Normal (88).jpg,Normal,train
C:\Users\Admin\Desktop\dataset train\Dataset\Normal\Normal (1750).jpg,Normal,train
C:\Users\Admin\Desktop\dataset train\Dataset\Pneumonia-Bacterial\Pneumonia-Bacterial (1316).jpg,Pneumonia-Bacterial,train
C:\Users\Admin\Desktop\dataset train\Dataset\Normal\Normal (2399).jpg,Normal,train
C:\Users\Admin\Desktop\dataset train\Dataset\COVID\COVID-19 (1074).jpg,COVID,train
C:\Users\Admin\Desktop\dataset train\Dataset\Pneumonia-Viral\Pneumonia-Viral (193).jpg,Pneumonia-Viral,train
C:\Users\Admin\Desktop\dataset train\Dataset\Pneumonia-Viral\Pneumonia-Viral (1415).jpg,Pneumonia-Viral,train
C:\Users\Admin\Desktop\dataset train\Dataset\Normal\Normal (1205).jpg,Normal,train
C:\Users\Admin\Desktop\dataset train\Dataset\Pneumonia-Bacterial\Pneumonia-Bacterial (1866).jpg,Pneumonia-Bacterial,train
C:\Users\Admin\Desktop\dataset train\Dataset\Normal\Normal (2677).jpg,Normal,train
C:\Users\Admin\Desktop\dataset train\Dataset\Normal\Normal (864).jpg,Normal,train
C:\Users\Admin\Desktop\dataset train\Dataset\COVID\COVID-19 (730).jpg,COVID,train
C:\Users\Admin\Desktop\dataset train\Dataset\Normal\Normal (1489).jpg,Normal,train
C:\Users\Admin\Desktop\dataset train\Dataset\Pneumonia-Viral\Pneumonia-Viral (1174).jpg,Pneumonia-Viral,train
C:\Users\Admin\Desktop\dataset train\Dataset\Normal\Normal (474).jpg,Normal,train
C:\Users\Admin\Desktop\dataset train\Dataset\Pneumonia-Bacterial\Pneumonia-Bacterial (2936).jpg,Pneumonia-Bacterial,train
C:\Users\Admin\Desktop\dataset train\Dataset\Pneumonia-Bacterial\Pneumonia-Bacterial (827).jpg,Pneumonia-Bacterial,train
C:\Users\Admin\Desktop\dataset train\Dataset\Normal\Normal (1732).jpg,Normal,train
C:\Users\Admin\Desktop\dataset train\Dataset\Normal\Normal (534).jpg,Normal,train
C:\Users\Admin\Desktop\dataset train\Dataset\Pneumonia-Bacterial\Pneumonia-Bacterial (166).jpg,Pneumonia-Bacterial,train
C:\Users\Admin\Desktop\dataset train\Dataset\Normal\Normal (1876).jpg,Normal,train
C:\Users\Admin\Desktop\dataset train\Dataset\Pneumonia-Bacterial\Pneumonia-Bacterial (1857).jpg,Pneumonia-Bacterial,train
C:\Users\Admin\Desktop\dataset train\Dataset\COVID\COVID-19 (1035).jpg,COVID,train
C:\Users\Admin\Desktop\dataset train\Dataset\Pneumonia-Viral\Pneumonia-Viral (473).jpg,Pneumonia-Viral,train
C:\Users\Admin\Desktop\dataset train\Dataset\COVID\COVID-19 (169).jpg,COVID,train
C:\Users\Admin\Desktop\dataset train\Dataset\Normal\Normal (2346).jpg,Normal,train
C:\Users\Admin\Desktop\dataset train\Dataset\Normal\Normal (97).jpg,Normal,train
C:\Users\Admin\Desktop\dataset train\Dataset\Normal\Normal (2557).jpg,Normal,train
C:\Users\Admin\Desktop\dataset train\Dataset\Pneumonia-Viral\Pneumonia-Viral (172).jpg,Pneumonia-Viral,train
C:\Users\Admin\Desktop\dataset train\Dataset\COVID\COVID-19 (584).jpg,COVID,train
C:\Users\Admin\Desktop\dataset train\Dataset\Normal\Normal (2838).jpg,Normal,train
C:\Users\Admin\Desktop\dataset train\Dataset\Pneumonia-Viral\Pneumonia-Viral (99).jpg,Pneumonia-Viral,train
C:\Users\Admin\Desktop\dataset train\Dataset\Pneumonia-Bacterial\Pneumonia-Bacterial (1332).jpg,Pneumonia-Bacterial,train
C:\Users\Admin\Desktop\dataset train\Dataset\Pneumonia-Viral\Pneumonia-Viral (1422).jpg,Pneumonia-Viral,train
C:\Users\Admin\Desktop\dataset train\Dataset\COVID\COVID-19 (171).jpg,COVID,train
C:\Users\Admin\Desktop\dataset train\Dataset\Pneumonia-Bacterial\Pneumonia-Bacterial (393).jpg,Pneumonia-Bacterial,train
C:\Users\Admin\Desktop\dataset train\Dataset\Normal\Normal (1791).jpg,Normal,train
C:\Users\Admin\Desktop\dataset train\Dataset\Pneumonia-Viral\Pneumonia-Viral (1150).jpg,Pneumonia-Viral,train
C:\Users\Admin\Desktop\dataset train\Dataset\COVID\COVID-19 (401).jpg,COVID,train
C:\Users\Admin\Desktop\dataset train\Dataset\COVID\COVID-19 (1104).jpg,COVID,train
C:\Users\Admin\Desktop\dataset train\Dataset\Pneumonia-Viral\Pneumonia-Viral (696).jpg,Pneumonia-Viral,train
C:\Users\Admin\Desktop\dataset train\Dataset\Pneumonia-Bacterial\Pneumonia-Bacterial (655).jpg,Pneumonia-Bacterial,train
C:\Users\Admin\Desktop\dataset train\Dataset\Pneumonia-Bacterial\Pneumonia-Bacterial (2355).jpg,Pneumonia-Bacterial,train
C:\Users\Admin\Desktop\dataset train\Dataset\Pneumonia-Bacterial\Pneumonia-Bacterial (1525).jpg,Pneumonia-Bacterial,train
C:\Users\Admin\Desktop\dataset train\Dataset\Pneumonia-Bacterial\Pneumonia-Bacterial (2194).jpg,Pneumonia-Bacterial,train
C:\Users\Admin\Desktop\dataset train\Dataset\Pneumonia-Bacterial\Pneumonia-Bacterial (179).jpg,Pneumonia-Bacterial,train
C:\Users\Admin\Desktop\dataset train\Dataset\Pneumonia-Bacterial\Pneumonia-Bacterial (419).jpg,Pneumonia-Bacterial,train
C:\Users\Admin\Desktop\dataset train\Dataset\Normal\Normal (3013).jpg,Normal,train
C:\Users\Admin\Desktop\dataset train\Dataset\Normal\Normal (2889).jpg,Normal,train
C:\Users\Admin\Desktop\dataset train\Dataset\Pneumonia-Viral\Pneumonia-Viral (763).jpg,Pneumonia-Viral,train
C:\Users\Admin\Desktop\dataset train\Dataset\Pneumonia-Bacterial\Pneumonia-Bacterial (1682).jpg,Pneumonia-Bacterial,train
C:\Users\Admin\Desktop\dataset train\Dataset\Pneumonia-Bacterial\Pneumonia-Bacterial (405).jpg,Pneumonia-Bacterial,train
C:\Users\Admin\Desktop\dataset train\Dataset\Pneumonia-Bacterial\Pneumonia-Bacterial (1510).jpg,Pneumonia-Bacterial,train
C:\Users\Admin\Desktop\dataset train\Dataset\Normal\Normal (3161).jpg,Normal,train
C:\Users\Admin\Desktop\dataset train\Dataset\Normal\Normal (2330).jpg,Normal,train
C:\Users\Admin\Desktop\dataset train\Dataset\COVID\COVID-19 (479).jpg,COVID,train
C:\Users\Admin\Desktop\dataset train\Dataset\Pneumonia-Viral\Pneumonia-Viral (65).jpg,Pneumonia-Viral,train
C:\Users\Admin\Desktop\dataset train\Dataset\Normal\Normal (1486).jpg,Normal,train
C:\Users\Admin\Desktop\dataset train\Dataset\Pneumonia-Viral\Pneumonia-Viral (761).jpg,Pneumonia-Viral,train
C:\Users\Admin\Desktop\dataset train\Dataset\Pneumonia-Viral\Pneumonia-Viral (914).jpg,Pneumonia-Viral,train
C:\Users\Admin\Desktop\dataset train\Dataset\COVID\COVID-19 (802).jpg,COVID,train
C:\Users\Admin\Desktop\dataset train\Dataset\Normal\Normal (2716).jpg,Normal,train
C:\Users\Admin\Desktop\dataset train\Dataset\Pneumonia-Viral\Pneumonia-Viral (1498).jpg,Pneumonia-Viral,train
C:\Users\Admin\Desktop\dataset train\Dataset\Pneumonia-Viral\Pneumonia-Viral (778).jpg,Pneumonia-Viral,train
C:\Users\Admin\Desktop\dataset train\Dataset\Pneumonia-Bacterial\Pneumonia-Bacterial (983).jpg,Pneumonia-Bacterial,train
C:\Users\Admin\Desktop\dataset train\Dataset\Normal\Normal (391).jpg,Normal,train
C:\Users\Admin\Desktop\dataset train\Dataset\COVID\COVID-19 (700).jpg,COVID,train
C:\Users\Admin\Desktop\dataset train\Dataset\Pneumonia-Bacterial\Pneumonia-Bacterial (2734).jpg,Pneumonia-Bacterial,train
C:\Users\Admin\Desktop\dataset train\Dataset\Normal\Normal (3172).jpg,Normal,train
C:\Users\Admin\Desktop\dataset train\Dataset\Pneumonia-Bacterial\Pneumonia-Bacterial (148).jpg,Pneumonia-Bacterial,train
C:\Users\Admin\Desktop\dataset train\Dataset\Normal\Normal (1607).jpg,Normal,train
C:\Users\Admin\Desktop\dataset train\Dataset\Pneumonia-Bacterial\Pneumonia-Bacterial (675).jpg,Pneumonia-Bacterial,train
C:\Users\Admin\Desktop\dataset train\Dataset\Pneumonia-Bacterial\Pneumonia-Bacterial (713).jpg,Pneumonia-Bacterial,train
C:\Users\Admin\Desktop\dataset train\Dataset\Pneumonia-Viral\Pneumonia-Viral (64).jpg,Pneumonia-Viral,train
C:\Users\Admin\Desktop\dataset train\Dataset\COVID\COVID-19 (251).jpg,COVID,train
C:\Users\Admin\Desktop\dataset train\Dataset\Pneumonia-Bacterial\Pneumonia-Bacterial (1701).jpg,Pneumonia-Bacterial,train
C:\Users\Admin\Desktop\dataset train\Dataset\Normal\Normal (1054).jpg,Normal,train
C:\Users\Admin\Desktop\dataset train\Dataset\Pneumonia-Viral\Pneumonia-Viral (346).jpg,Pneumonia-Viral,train
C:\Users\Admin\Desktop\dataset train\Dataset\Pneumonia-Viral\Pneumonia-Viral (1143).jpg,Pneumonia-Viral,train
C:\Users\Admin\Desktop\dataset train\Dataset\Pneumonia-Viral\Pneumonia-Viral (233).jpg,Pneumonia-Viral,train
C:\Users\Admin\Desktop\dataset train\Dataset\Pneumonia-Bacterial\Pneumonia-Bacterial (1161).jpg,Pneumonia-Bacterial,train
C:\Users\Admin\Desktop\dataset train\Dataset\Pneumonia-Bacterial\Pneumonia-Bacterial (390).jpg,Pneumonia-Bacterial,train
C:\Users\Admin\Desktop\dataset train\Dataset\Normal\Normal (1782).jpg,Normal,train
C:\Users\Admin\Desktop\dataset train\Dataset\Pneumonia-Bacterial\Pneumonia-Bacterial (1778).jpg,Pneumonia-Bacterial,train
C:\Users\Admin\Desktop\dataset train\Dataset\Pneumonia-Viral\Pneumonia-Viral (706).jpg,Pneumonia-Viral,train
C:\Users\Admin\Desktop\dataset train\Dataset\Normal\Normal (2490).jpg,Normal,train
C:\Users\Admin\Desktop\dataset train\Dataset\Normal\Normal (3026).jpg,Normal,train
C:\Users\Admin\Desktop\dataset train\Dataset\COVID\COVID-19 (767).jpg,COVID,train
C:\Users\Admin\Desktop\dataset train\Dataset\Normal\Normal (260).jpg,Normal,train
C:\Users\Admin\Desktop\dataset train\Dataset\Pneumonia-Viral\Pneumonia-Viral (970).jpg,Pneumonia-Viral,train
C:\Users\Admin\Desktop\dataset train\Dataset\Pneumonia-Bacterial\Pneumonia-Bacterial (2172).jpg,Pneumonia-Bacterial,train
C:\Users\Admin\Desktop\dataset train\Dataset\Pneumonia-Bacterial\Pneumonia-Bacterial (1345).jpg,Pneumonia-Bacterial,train
C:\Users\Admin\Desktop\dataset train\Dataset\Normal\Normal (1161).jpg,Normal,train
C:\Users\Admin\Desktop\dataset train\Dataset\Pneumonia-Bacterial\Pneumonia-Bacterial (217).jpg,Pneumonia-Bacterial,train
C:\Users\Admin\Desktop\dataset train\Dataset\Pneumonia-Bacterial\Pneumonia-Bacterial (143).jpg,Pneumonia-Bacterial,train
C:\Users\Admin\Desktop\dataset train\Dataset\Normal\Normal (1055).jpg,Normal,train
C:\Users\Admin\Desktop\dataset train\Dataset\Normal\Normal (2270).jpg,Normal,train
C:\Users\Admin\Desktop\dataset train\Dataset\Pneumonia-Bacterial\Pneumonia-Bacterial (621).jpg,Pneumonia-Bacterial,train
C:\Users\Admin\Desktop\dataset train\Dataset\Normal\Normal (925).jpg,Normal,train
C:\Users\Admin\Desktop\dataset train\Dataset\Normal\Normal (1992).jpg,Normal,train
C:\Users\Admin\Desktop\dataset train\Dataset\Normal\Normal (530).jpg,Normal,train
C:\Users\Admin\Desktop\dataset train\Dataset\Pneumonia-Viral\Pneumonia-Viral (1513).jpg,Pneumonia-Viral,train
C:\Users\Admin\Desktop\dataset train\Dataset\Pneumonia-Bacterial\Pneumonia-Bacterial (1532).jpg,Pneumonia-Bacterial,train
C:\Users\Admin\Desktop\dataset train\Dataset\Normal\Normal (1289).jpg,Normal,train
C:\Users\Admin\Desktop\dataset train\Dataset\Normal\Normal (2465).jpg,Normal,train
C:\Users\Admin\Desktop\dataset train\Dataset\Pneumonia-Bacterial\Pneumonia-Bacterial (1591).jpg,Pneumonia-Bacterial,train
C:\Users\Admin\Desktop\dataset train\Dataset\Pneumonia-Bacterial\Pneumonia-Bacterial (2238).jpg,Pneumonia-Bacterial,train
C:\Users\Admin\Desktop\dataset train\Dataset\Normal\Normal (2410).jpg,Normal,train
C:\Users\Admin\Desktop\dataset train\Dataset\Pneumonia-Bacterial\Pneumonia-Bacterial (530).jpg,Pneumonia-Bacterial,train
C:\Users\Admin\Desktop\dataset train\Dataset\Normal\Normal (3222).jpg,Normal,train
C:\Users\Admin\Desktop\dataset train\Dataset\Pneumonia-Bacterial\Pneumonia-Bacterial (504).jpg,Pneumonia-Bacterial,train
C:\Users\Admin\Desktop\dataset train\Dataset\Pneumonia-Viral\Pneumonia-Viral (857).jpg,Pneumonia-Viral,train
C:\Users\Admin\Desktop\dataset train\Dataset\Normal\Normal (725).jpg,Normal,train
C:\Users\Admin\Desktop\dataset train\Dataset\Pneumonia-Viral\Pneumonia-Viral (919).jpg,Pneumonia-Viral,train
C:\Users\Admin\Desktop\dataset train\Dataset\Normal\Normal (453).jpg,Normal,train
C:\Users\Admin\Desktop\dataset train\Dataset\Pneumonia-Viral\Pneumonia-Viral (685).jpg,Pneumonia-Viral,train
C:\Users\Admin\Desktop\dataset train\Dataset\Normal\Normal (1969).jpg,Normal,train
C:\Users\Admin\Desktop\dataset train\Dataset\Pneumonia-Viral\Pneumonia-Viral (200).jpg,Pneumonia-Viral,train
C:\Users\Admin\Desktop\dataset train\Dataset\Normal\Normal (1355).jpg,Normal,train
C:\Users\Admin\Desktop\dataset train\Dataset\Normal\Normal (1382).jpg,Normal,train
C:\Users\Admin\Desktop\dataset train\Dataset\Pneumonia-Bacterial\Pneumonia-Bacterial (2621).jpg,Pneumonia-Bacterial,train
C:\Users\Admin\Desktop\dataset train\Dataset\Normal\Normal (808).jpg,Normal,train
C:\Users\Admin\Desktop\dataset train\Dataset\Pneumonia-Bacterial\Pneumonia-Bacterial (2050).jpg,Pneumonia-Bacterial,train
C:\Users\Admin\Desktop\dataset train\Dataset\COVID\COVID-19 (675).jpg,COVID,train
C:\Users\Admin\Desktop\dataset train\Dataset\COVID\COVID-19 (817).jpg,COVID,train
C:\Users\Admin\Desktop\dataset train\Dataset\Pneumonia-Bacterial\Pneumonia-Bacterial (411).jpg,Pneumonia-Bacterial,train
C:\Users\Admin\Desktop\dataset train\Dataset\Normal\Normal (644).jpg,Normal,train
C:\Users\Admin\Desktop\dataset train\Dataset\Pneumonia-Bacterial\Pneumonia-Bacterial (513).jpg,Pneumonia-Bacterial,train
C:\Users\Admin\Desktop\dataset train\Dataset\Pneumonia-Bacterial\Pneumonia-Bacterial (293).jpg,Pneumonia-Bacterial,train
C:\Users\Admin\Desktop\dataset train\Dataset\Pneumonia-Bacterial\Pneumonia-Bacterial (624).jpg,Pneumonia-Bacterial,train
C:\Users\Admin\Desktop\dataset train\Dataset\Normal\Normal (3230).jpg,Normal,train
C:\Users\Admin\Desktop\dataset train\Dataset\Pneumonia-Bacterial\Pneumonia-Bacterial (1058).jpg,Pneumonia-Bacterial,train
C:\Users\Admin\Desktop\dataset train\Dataset\Normal\Normal (247).jpg,Normal,train
C:\Users\Admin\Desktop\dataset train\Dataset\Pneumonia-Bacterial\Pneumonia-Bacterial (2484).jpg,Pneumonia-Bacterial,train
C:\Users\Admin\Desktop\dataset train\Dataset\Normal\Normal (2941).jpg,Normal,train
C:\Users\Admin\Desktop\dataset train\Dataset\Normal\Normal (2729).jpg,Normal,train
C:\Users\Admin\Desktop\dataset train\Dataset\Pneumonia-Viral\Pneumonia-Viral (419).jpg,Pneumonia-Viral,train
C:\Users\Admin\Desktop\dataset train\Dataset\Pneumonia-Viral\Pneumonia-Viral (1383).jpg,Pneumonia-Viral,train
C:\Users\Admin\Desktop\dataset train\Dataset\Pneumonia-Bacterial\Pneumonia-Bacterial (610).jpg,Pneumonia-Bacterial,train
C:\Users\Admin\Desktop\dataset train\Dataset\Pneumonia-Viral\Pneumonia-Viral (618).jpg,Pneumonia-Viral,train
C:\Users\Admin\Desktop\dataset train\Dataset\Normal\Normal (723).jpg,Normal,train
C:\Users\Admin\Desktop\dataset train\Dataset\Pneumonia-Viral\Pneumonia-Viral (165).jpg,Pneumonia-Viral,train
C:\Users\Admin\Desktop\dataset train\Dataset\Normal\Normal (1148).jpg,Normal,train
C:\Users\Admin\Desktop\dataset train\Dataset\Pneumonia-Viral\Pneumonia-Viral (714).jpg,Pneumonia-Viral,train
C:\Users\Admin\Desktop\dataset train\Dataset\Normal\Normal (1247).jpg,Normal,train
C:\Users\Admin\Desktop\dataset train\Dataset\Normal\Normal (1559).jpg,Normal,train
C:\Users\Admin\Desktop\dataset train\Dataset\Pneumonia-Viral\Pneumonia-Viral (587).jpg,Pneumonia-Viral,train
C:\Users\Admin\Desktop\dataset train\Dataset\Pneumonia-Bacterial\Pneumonia-Bacterial (2666).jpg,Pneumonia-Bacterial,train
C:\Users\Admin\Desktop\dataset train\Dataset\Normal\Normal (1413).jpg,Normal,train
C:\Users\Admin\Desktop\dataset train\Dataset\Normal\Normal (2443).jpg,Normal,train
C:\Users\Admin\Desktop\dataset train\Dataset\Pneumonia-Viral\Pneumonia-Viral (255).jpg,Pneumonia-Viral,train
C:\Users\Admin\Desktop\dataset train\Dataset\COVID\COVID-19 (1109).jpg,COVID,train
C:\Users\Admin\Desktop\dataset train\Dataset\Pneumonia-Viral\Pneumonia-Viral (574).jpg,Pneumonia-Viral,train
C:\Users\Admin\Desktop\dataset train\Dataset\Normal\Normal (2303).jpg,Normal,train
C:\Users\Admin\Desktop\dataset train\Dataset\COVID\COVID-19 (455).jpg,COVID,train
C:\Users\Admin\Desktop\dataset train\Dataset\Normal\Normal (1518).jpg,Normal,train
C:\Users\Admin\Desktop\dataset train\Dataset\Normal\Normal (2625).jpg,Normal,train
C:\Users\Admin\Desktop\dataset train\Dataset\COVID\COVID-19 (369).jpg,COVID,train
C:\Users\Admin\Desktop\dataset train\Dataset\Pneumonia-Bacterial\Pneumonia-Bacterial (2974).jpg,Pneumonia-Bacterial,train
C:\Users\Admin\Desktop\dataset train\Dataset\Pneumonia-Bacterial\Pneumonia-Bacterial (2498).jpg,Pneumonia-Bacterial,train
C:\Users\Admin\Desktop\dataset train\Dataset\Normal\Normal (1189).jpg,Normal,train
C:\Users\Admin\Desktop\dataset train\Dataset\Pneumonia-Bacterial\Pneumonia-Bacterial (1182).jpg,Pneumonia-Bacterial,train
C:\Users\Admin\Desktop\dataset train\Dataset\Normal\Normal (3093).jpg,Normal,train
C:\Users\Admin\Desktop\dataset train\Dataset\Pneumonia-Bacterial\Pneumonia-Bacterial (898).jpg,Pneumonia-Bacterial,train
C:\Users\Admin\Desktop\dataset train\Dataset\COVID\COVID-19 (1163).jpg,COVID,train
C:\Users\Admin\Desktop\dataset train\Dataset\Normal\Normal (1358).jpg,Normal,train
C:\Users\Admin\Desktop\dataset train\Dataset\Pneumonia-Bacterial\Pneumonia-Bacterial (2760).jpg,Pneumonia-Bacterial,train
C:\Users\Admin\Desktop\dataset train\Dataset\Normal\Normal (949).jpg,Normal,train
C:\Users\Admin\Desktop\dataset train\Dataset\Pneumonia-Bacterial\Pneumonia-Bacterial (1279).jpg,Pneumonia-Bacterial,train
C:\Users\Admin\Desktop\dataset train\Dataset\Normal\Normal (1077).jpg,Normal,train
C:\Users\Admin\Desktop\dataset train\Dataset\COVID\COVID-19 (890).jpg,COVID,train
C:\Users\Admin\Desktop\dataset train\Dataset\Normal\Normal (16).jpg,Normal,train
C:\Users\Admin\Desktop\dataset train\Dataset\COVID\COVID-19 (168).jpg,COVID,train
C:\Users\Admin\Desktop\dataset train\Dataset\Pneumonia-Bacterial\Pneumonia-Bacterial (1394).jpg,Pneumonia-Bacterial,train
C:\Users\Admin\Desktop\dataset train\Dataset\Normal\Normal (3078).jpg,Normal,train
C:\Users\Admin\Desktop\dataset train\Dataset\Pneumonia-Bacterial\Pneumonia-Bacterial (1371).jpg,Pneumonia-Bacterial,train
C:\Users\Admin\Desktop\dataset train\Dataset\Pneumonia-Viral\Pneumonia-Viral (1165).jpg,Pneumonia-Viral,train
C:\Users\Admin\Desktop\dataset train\Dataset\Normal\Normal (2983).jpg,Normal,train
C:\Users\Admin\Desktop\dataset train\Dataset\Pneumonia-Bacterial\Pneumonia-Bacterial (920).jpg,Pneumonia-Bacterial,train
C:\Users\Admin\Desktop\dataset train\Dataset\Normal\Normal (1398).jpg,Normal,train
C:\Users\Admin\Desktop\dataset train\Dataset\Normal\Normal (728).jpg,Normal,train
C:\Users\Admin\Desktop\dataset train\Dataset\Normal\Normal (1821).jpg,Normal,train
C:\Users\Admin\Desktop\dataset train\Dataset\Pneumonia-Viral\Pneumonia-Viral (663).jpg,Pneumonia-Viral,train
C:\Users\Admin\Desktop\dataset train\Dataset\Normal\Normal (620).jpg,Normal,train
C:\Users\Admin\Desktop\dataset train\Dataset\Normal\Normal (641).jpg,Normal,train
C:\Users\Admin\Desktop\dataset train\Dataset\Normal\Normal (662).jpg,Normal,train
C:\Users\Admin\Desktop\dataset train\Dataset\Pneumonia-Viral\Pneumonia-Viral (1311).jpg,Pneumonia-Viral,train
C:\Users\Admin\Desktop\dataset train\Dataset\Pneumonia-Bacterial\Pneumonia-Bacterial (409).jpg,Pneumonia-Bacterial,train
C:\Users\Admin\Desktop\dataset train\Dataset\COVID\COVID-19 (1277).jpg,COVID,train
C:\Users\Admin\Desktop\dataset train\Dataset\Pneumonia-Viral\Pneumonia-Viral (1210).jpg,Pneumonia-Viral,train
C:\Users\Admin\Desktop\dataset train\Dataset\Normal\Normal (2512).jpg,Normal,train
C:\Users\Admin\Desktop\dataset train\Dataset\Normal\Normal (2841).jpg,Normal,train
C:\Users\Admin\Desktop\dataset train\Dataset\Pneumonia-Bacterial\Pneumonia-Bacterial (996).jpg,Pneumonia-Bacterial,train
C:\Users\Admin\Desktop\dataset train\Dataset\Normal\Normal (989).jpg,Normal,train
C:\Users\Admin\Desktop\dataset train\Dataset\Normal\Normal (2074).jpg,Normal,train
C:\Users\Admin\Desktop\dataset train\Dataset\Pneumonia-Bacterial\Pneumonia-Bacterial (1775).jpg,Pneumonia-Bacterial,train
C:\Users\Admin\Desktop\dataset train\Dataset\Pneumonia-Viral\Pneumonia-Viral (1271).jpg,Pneumonia-Viral,train
C:\Users\Admin\Desktop\dataset train\Dataset\Pneumonia-Bacterial\Pneumonia-Bacterial (2929).jpg,Pneumonia-Bacterial,train
C:\Users\Admin\Desktop\dataset train\Dataset\Pneumonia-Viral\Pneumonia-Viral (1184).jpg,Pneumonia-Viral,train
C:\Users\Admin\Desktop\dataset train\Dataset\Pneumonia-Viral\Pneumonia-Viral (417).jpg,Pneumonia-Viral,train
C:\Users\Admin\Desktop\dataset train\Dataset\Normal\Normal (321).jpg,Normal,train
C:\Users\Admin\Desktop\dataset train\Dataset\Pneumonia-Viral\Pneumonia-Viral (1012).jpg,Pneumonia-Viral,train
C:\Users\Admin\Desktop\dataset train\Dataset\Normal\Normal (2647).jpg,Normal,train
C:\Users\Admin\Desktop\dataset train\Dataset\Pneumonia-Bacterial\Pneumonia-Bacterial (2203).jpg,Pneumonia-Bacterial,train
C:\Users\Admin\Desktop\dataset train\Dataset\COVID\COVID-19 (770).jpg,COVID,train
C:\Users\Admin\Desktop\dataset train\Dataset\Normal\Normal (2281).jpg,Normal,train
C:\Users\Admin\Desktop\dataset train\Dataset\Normal\Normal (1753).jpg,Normal,train
C:\Users\Admin\Desktop\dataset train\Dataset\Pneumonia-Viral\Pneumonia-Viral (282).jpg,Pneumonia-Viral,train
C:\Users\Admin\Desktop\dataset train\Dataset\Normal\Normal (1619).jpg,Normal,train
C:\Users\Admin\Desktop\dataset train\Dataset\COVID\COVID-19 (1249).jpg,COVID,train
C:\Users\Admin\Desktop\dataset train\Dataset\COVID\COVID-19 (751).jpg,COVID,train
C:\Users\Admin\Desktop\dataset train\Dataset\COVID\COVID-19 (576).jpg,COVID,train
C:\Users\Admin\Desktop\dataset train\Dataset\Normal\Normal (79).jpg,Normal,train
C:\Users\Admin\Desktop\dataset train\Dataset\Pneumonia-Bacterial\Pneumonia-Bacterial (7).jpg,Pneumonia-Bacterial,train
C:\Users\Admin\Desktop\dataset train\Dataset\Pneumonia-Bacterial\Pneumonia-Bacterial (853).jpg,Pneumonia-Bacterial,train
C:\Users\Admin\Desktop\dataset train\Dataset\Normal\Normal (3050).jpg,Normal,train
C:\Users\Admin\Desktop\dataset train\Dataset\Pneumonia-Viral\Pneumonia-Viral (77).jpg,Pneumonia-Viral,train
C:\Users\Admin\Desktop\dataset train\Dataset\Pneumonia-Bacterial\Pneumonia-Bacterial (1687).jpg,Pneumonia-Bacterial,train
C:\Users\Admin\Desktop\dataset train\Dataset\Pneumonia-Bacterial\Pneumonia-Bacterial (1806).jpg,Pneumonia-Bacterial,train
C:\Users\Admin\Desktop\dataset train\Dataset\Normal\Normal (38).jpg,Normal,train
C:\Users\Admin\Desktop\dataset train\Dataset\Pneumonia-Viral\Pneumonia-Viral (246).jpg,Pneumonia-Viral,train
C:\Users\Admin\Desktop\dataset train\Dataset\Pneumonia-Viral\Pneumonia-Viral (711).jpg,Pneumonia-Viral,train
C:\Users\Admin\Desktop\dataset train\Dataset\COVID\COVID-19 (965).jpg,COVID,train
C:\Users\Admin\Desktop\dataset train\Dataset\Normal\Normal (1375).jpg,Normal,train
C:\Users\Admin\Desktop\dataset train\Dataset\Pneumonia-Bacterial\Pneumonia-Bacterial (98).jpg,Pneumonia-Bacterial,train
C:\Users\Admin\Desktop\dataset train\Dataset\Pneumonia-Viral\Pneumonia-Viral (1047).jpg,Pneumonia-Viral,train
C:\Users\Admin\Desktop\dataset train\Dataset\COVID\COVID-19 (1050).jpg,COVID,train
C:\Users\Admin\Desktop\dataset train\Dataset\Pneumonia-Bacterial\Pneumonia-Bacterial (1496).jpg,Pneumonia-Bacterial,train
C:\Users\Admin\Desktop\dataset train\Dataset\Normal\Normal (2374).jpg,Normal,train
C:\Users\Admin\Desktop\dataset train\Dataset\Normal\Normal (2979).jpg,Normal,train
C:\Users\Admin\Desktop\dataset train\Dataset\Normal\Normal (1754).jpg,Normal,train
C:\Users\Admin\Desktop\dataset train\Dataset\COVID\COVID-19 (1246).jpg,COVID,train
C:\Users\Admin\Desktop\dataset train\Dataset\Normal\Normal (967).jpg,Normal,train
C:\Users\Admin\Desktop\dataset train\Dataset\Pneumonia-Viral\Pneumonia-Viral (1051).jpg,Pneumonia-Viral,train
C:\Users\Admin\Desktop\dataset train\Dataset\Normal\Normal (2937).jpg,Normal,train
C:\Users\Admin\Desktop\dataset train\Dataset\Normal\Normal (482).jpg,Normal,train
C:\Users\Admin\Desktop\dataset train\Dataset\Pneumonia-Viral\Pneumonia-Viral (892).jpg,Pneumonia-Viral,train
C:\Users\Admin\Desktop\dataset train\Dataset\Pneumonia-Bacterial\Pneumonia-Bacterial (2961).jpg,Pneumonia-Bacterial,train
C:\Users\Admin\Desktop\dataset train\Dataset\Pneumonia-Viral\Pneumonia-Viral (358).jpg,Pneumonia-Viral,train
C:\Users\Admin\Desktop\dataset train\Dataset\Pneumonia-Viral\Pneumonia-Viral (1249).jpg,Pneumonia-Viral,train
C:\Users\Admin\Desktop\dataset train\Dataset\Pneumonia-Bacterial\Pneumonia-Bacterial (1514).jpg,Pneumonia-Bacterial,train
C:\Users\Admin\Desktop\dataset train\Dataset\COVID\COVID-19 (755).jpg,COVID,train
C:\Users\Admin\Desktop\dataset train\Dataset\Pneumonia-Viral\Pneumonia-Viral (606).jpg,Pneumonia-Viral,train
C:\Users\Admin\Desktop\dataset train\Dataset\Pneumonia-Bacterial\Pneumonia-Bacterial (499).jpg,Pneumonia-Bacterial,train
C:\Users\Admin\Desktop\dataset train\Dataset\COVID\COVID-19 (552).jpg,COVID,train
C:\Users\Admin\Desktop\dataset train\Dataset\Normal\Normal (1094).jpg,Normal,train
C:\Users\Admin\Desktop\dataset train\Dataset\Normal\Normal (2368).jpg,Normal,train
C:\Users\Admin\Desktop\dataset train\Dataset\Pneumonia-Bacterial\Pneumonia-Bacterial (730).jpg,Pneumonia-Bacterial,train
C:\Users\Admin\Desktop\dataset train\Dataset\Normal\Normal (467).jpg,Normal,train
C:\Users\Admin\Desktop\dataset train\Dataset\Normal\Normal (111).jpg,Normal,train
C:\Users\Admin\Desktop\dataset train\Dataset\COVID\COVID-19 (708).jpg,COVID,train
C:\Users\Admin\Desktop\dataset train\Dataset\Normal\Normal (522).jpg,Normal,train
C:\Users\Admin\Desktop\dataset train\Dataset\COVID\COVID-19 (364).jpg,COVID,train
C:\Users\Admin\Desktop\dataset train\Dataset\Normal\Normal (2075).jpg,Normal,train
C:\Users\Admin\Desktop\dataset train\Dataset\Normal\Normal (261).jpg,Normal,train
C:\Users\Admin\Desktop\dataset train\Dataset\Pneumonia-Bacterial\Pneumonia-Bacterial (2183).jpg,Pneumonia-Bacterial,train
C:\Users\Admin\Desktop\dataset train\Dataset\COVID\COVID-19 (347).jpg,COVID,train
C:\Users\Admin\Desktop\dataset train\Dataset\Normal\Normal (2976).jpg,Normal,train
C:\Users\Admin\Desktop\dataset train\Dataset\COVID\COVID-19 (793).jpg,COVID,train
C:\Users\Admin\Desktop\dataset train\Dataset\Pneumonia-Viral\Pneumonia-Viral (363).jpg,Pneumonia-Viral,train
C:\Users\Admin\Desktop\dataset train\Dataset\Pneumonia-Bacterial\Pneumonia-Bacterial (2921).jpg,Pneumonia-Bacterial,train
C:\Users\Admin\Desktop\dataset train\Dataset\Normal\Normal (3053).jpg,Normal,train
C:\Users\Admin\Desktop\dataset train\Dataset\COVID\COVID-19 (731).jpg,COVID,train
C:\Users\Admin\Desktop\dataset train\Dataset\Pneumonia-Viral\Pneumonia-Viral (1581).jpg,Pneumonia-Viral,train
C:\Users\Admin\Desktop\dataset train\Dataset\Pneumonia-Viral\Pneumonia-Viral (34).jpg,Pneumonia-Viral,train
C:\Users\Admin\Desktop\dataset train\Dataset\Pneumonia-Bacterial\Pneumonia-Bacterial (2735).jpg,Pneumonia-Bacterial,train
C:\Users\Admin\Desktop\dataset train\Dataset\Normal\Normal (2011).jpg,Normal,train
C:\Users\Admin\Desktop\dataset train\Dataset\Normal\Normal (2088).jpg,Normal,train
C:\Users\Admin\Desktop\dataset train\Dataset\Pneumonia-Viral\Pneumonia-Viral (877).jpg,Pneumonia-Viral,train
C:\Users\Admin\Desktop\dataset train\Dataset\Normal\Normal (628).jpg,Normal,train
C:\Users\Admin\Desktop\dataset train\Dataset\Pneumonia-Bacterial\Pneumonia-Bacterial (358).jpg,Pneumonia-Bacterial,train
C:\Users\Admin\Desktop\dataset train\Dataset\Pneumonia-Bacterial\Pneumonia-Bacterial (1121).jpg,Pneumonia-Bacterial,train
C:\Users\Admin\Desktop\dataset train\Dataset\Normal\Normal (466).jpg,Normal,train
C:\Users\Admin\Desktop\dataset train\Dataset\COVID\COVID-19 (693).jpg,COVID,train
C:\Users\Admin\Desktop\dataset train\Dataset\Pneumonia-Viral\Pneumonia-Viral (440).jpg,Pneumonia-Viral,train
C:\Users\Admin\Desktop\dataset train\Dataset\Pneumonia-Bacterial\Pneumonia-Bacterial (2371).jpg,Pneumonia-Bacterial,train
C:\Users\Admin\Desktop\dataset train\Dataset\Pneumonia-Viral\Pneumonia-Viral (465).jpg,Pneumonia-Viral,train
C:\Users\Admin\Desktop\dataset train\Dataset\Normal\Normal (1209).jpg,Normal,train
C:\Users\Admin\Desktop\dataset train\Dataset\Normal\Normal (1057).jpg,Normal,train
C:\Users\Admin\Desktop\dataset train\Dataset\Pneumonia-Bacterial\Pneumonia-Bacterial (826).jpg,Pneumonia-Bacterial,train
C:\Users\Admin\Desktop\dataset train\Dataset\Pneumonia-Bacterial\Pneumonia-Bacterial (1230).jpg,Pneumonia-Bacterial,train
C:\Users\Admin\Desktop\dataset train\Dataset\Normal\Normal (2810).jpg,Normal,train
C:\Users\Admin\Desktop\dataset train\Dataset\Pneumonia-Bacterial\Pneumonia-Bacterial (2693).jpg,Pneumonia-Bacterial,train
C:\Users\Admin\Desktop\dataset train\Dataset\Pneumonia-Viral\Pneumonia-Viral (1384).jpg,Pneumonia-Viral,train
C:\Users\Admin\Desktop\dataset train\Dataset\COVID\COVID-19 (126).jpg,COVID,train
C:\Users\Admin\Desktop\dataset train\Dataset\Normal\Normal (1984).jpg,Normal,train
C:\Users\Admin\Desktop\dataset train\Dataset\COVID\COVID-19 (377).jpg,COVID,train
C:\Users\Admin\Desktop\dataset train\Dataset\COVID\COVID-19 (536).jpg,COVID,train
C:\Users\Admin\Desktop\dataset train\Dataset\Normal\Normal (2603).jpg,Normal,train
C:\Users\Admin\Desktop\dataset train\Dataset\Pneumonia-Viral\Pneumonia-Viral (1428).jpg,Pneumonia-Viral,train
C:\Users\Admin\Desktop\dataset train\Dataset\Normal\Normal (2830).jpg,Normal,train
C:\Users\Admin\Desktop\dataset train\Dataset\Normal\Normal (1926).jpg,Normal,train
C:\Users\Admin\Desktop\dataset train\Dataset\Normal\Normal (2227).jpg,Normal,train
C:\Users\Admin\Desktop\dataset train\Dataset\Pneumonia-Bacterial\Pneumonia-Bacterial (1030).jpg,Pneumonia-Bacterial,train
C:\Users\Admin\Desktop\dataset train\Dataset\Normal\Normal (792).jpg,Normal,train
C:\Users\Admin\Desktop\dataset train\Dataset\COVID\COVID-19 (431).jpg,COVID,train
C:\Users\Admin\Desktop\dataset train\Dataset\Pneumonia-Viral\Pneumonia-Viral (201).jpg,Pneumonia-Viral,train
C:\Users\Admin\Desktop\dataset train\Dataset\Pneumonia-Bacterial\Pneumonia-Bacterial (43).jpg,Pneumonia-Bacterial,train
C:\Users\Admin\Desktop\dataset train\Dataset\Pneumonia-Bacterial\Pneumonia-Bacterial (1035).jpg,Pneumonia-Bacterial,train
C:\Users\Admin\Desktop\dataset train\Dataset\Normal\Normal (2299).jpg,Normal,train
C:\Users\Admin\Desktop\dataset train\Dataset\Pneumonia-Bacterial\Pneumonia-Bacterial (2039).jpg,Pneumonia-Bacterial,train
C:\Users\Admin\Desktop\dataset train\Dataset\Normal\Normal (686).jpg,Normal,train
C:\Users\Admin\Desktop\dataset train\Dataset\Pneumonia-Viral\Pneumonia-Viral (1258).jpg,Pneumonia-Viral,train
C:\Users\Admin\Desktop\dataset train\Dataset\Normal\Normal (664).jpg,Normal,train
C:\Users\Admin\Desktop\dataset train\Dataset\Normal\Normal (1206).jpg,Normal,train
C:\Users\Admin\Desktop\dataset train\Dataset\Normal\Normal (1177).jpg,Normal,train
C:\Users\Admin\Desktop\dataset train\Dataset\Pneumonia-Bacterial\Pneumonia-Bacterial (1049).jpg,Pneumonia-Bacterial,train
C:\Users\Admin\Desktop\dataset train\Dataset\Pneumonia-Bacterial\Pneumonia-Bacterial (2290).jpg,Pneumonia-Bacterial,train
C:\Users\Admin\Desktop\dataset train\Dataset\Normal\Normal (2610).jpg,Normal,train
C:\Users\Admin\Desktop\dataset train\Dataset\Pneumonia-Bacterial\Pneumonia-Bacterial (557).jpg,Pneumonia-Bacterial,train
C:\Users\Admin\Desktop\dataset train\Dataset\Normal\Normal (2253).jpg,Normal,train
C:\Users\Admin\Desktop\dataset train\Dataset\COVID\COVID-19 (1251).jpg,COVID,train
C:\Users\Admin\Desktop\dataset train\Dataset\Normal\Normal (2570).jpg,Normal,train
C:\Users\Admin\Desktop\dataset train\Dataset\Normal\Normal (2262).jpg,Normal,train
C:\Users\Admin\Desktop\dataset train\Dataset\COVID\COVID-19 (1159).jpg,COVID,train
C:\Users\Admin\Desktop\dataset train\Dataset\Normal\Normal (1401).jpg,Normal,train
C:\Users\Admin\Desktop\dataset train\Dataset\COVID\COVID-19 (1118).jpg,COVID,train
C:\Users\Admin\Desktop\dataset train\Dataset\Normal\Normal (206).jpg,Normal,train
C:\Users\Admin\Desktop\dataset train\Dataset\Normal\Normal (1067).jpg,Normal,train
C:\Users\Admin\Desktop\dataset train\Dataset\Pneumonia-Viral\Pneumonia-Viral (244).jpg,Pneumonia-Viral,train
C:\Users\Admin\Desktop\dataset train\Dataset\Normal\Normal (63).jpg,Normal,train
C:\Users\Admin\Desktop\dataset train\Dataset\Normal\Normal (424).jpg,Normal,train
C:\Users\Admin\Desktop\dataset train\Dataset\Normal\Normal (367).jpg,Normal,train
C:\Users\Admin\Desktop\dataset train\Dataset\Normal\Normal (2347).jpg,Normal,train
C:\Users\Admin\Desktop\dataset train\Dataset\Pneumonia-Bacterial\Pneumonia-Bacterial (2899).jpg,Pneumonia-Bacterial,train
C:\Users\Admin\Desktop\dataset train\Dataset\COVID\COVID-19 (246).jpg,COVID,train
C:\Users\Admin\Desktop\dataset train\Dataset\COVID\COVID-19 (314).jpg,COVID,train
C:\Users\Admin\Desktop\dataset train\Dataset\Pneumonia-Bacterial\Pneumonia-Bacterial (2772).jpg,Pneumonia-Bacterial,train
C:\Users\Admin\Desktop\dataset train\Dataset\Pneumonia-Viral\Pneumonia-Viral (807).jpg,Pneumonia-Viral,train
C:\Users\Admin\Desktop\dataset train\Dataset\Pneumonia-Bacterial\Pneumonia-Bacterial (1622).jpg,Pneumonia-Bacterial,train
C:\Users\Admin\Desktop\dataset train\Dataset\COVID\COVID-19 (165).jpg,COVID,train
C:\Users\Admin\Desktop\dataset train\Dataset\Normal\Normal (156).jpg,Normal,train
C:\Users\Admin\Desktop\dataset train\Dataset\Pneumonia-Viral\Pneumonia-Viral (1105).jpg,Pneumonia-Viral,train
C:\Users\Admin\Desktop\dataset train\Dataset\Normal\Normal (2645).jpg,Normal,train
C:\Users\Admin\Desktop\dataset train\Dataset\Pneumonia-Bacterial\Pneumonia-Bacterial (493).jpg,Pneumonia-Bacterial,train
C:\Users\Admin\Desktop\dataset train\Dataset\Pneumonia-Bacterial\Pneumonia-Bacterial (959).jpg,Pneumonia-Bacterial,train
C:\Users\Admin\Desktop\dataset train\Dataset\Normal\Normal (2030).jpg,Normal,train
C:\Users\Admin\Desktop\dataset train\Dataset\Pneumonia-Bacterial\Pneumonia-Bacterial (2856).jpg,Pneumonia-Bacterial,train
C:\Users\Admin\Desktop\dataset train\Dataset\Pneumonia-Viral\Pneumonia-Viral (1377).jpg,Pneumonia-Viral,train
C:\Users\Admin\Desktop\dataset train\Dataset\Pneumonia-Bacterial\Pneumonia-Bacterial (2225).jpg,Pneumonia-Bacterial,train
C:\Users\Admin\Desktop\dataset train\Dataset\Pneumonia-Viral\Pneumonia-Viral (1610).jpg,Pneumonia-Viral,train
C:\Users\Admin\Desktop\dataset train\Dataset\Normal\Normal (487).jpg,Normal,train
C:\Users\Admin\Desktop\dataset train\Dataset\Pneumonia-Viral\Pneumonia-Viral (48).jpg,Pneumonia-Viral,train
C:\Users\Admin\Desktop\dataset train\Dataset\Pneumonia-Viral\Pneumonia-Viral (1570).jpg,Pneumonia-Viral,train
C:\Users\Admin\Desktop\dataset train\Dataset\Normal\Normal (2576).jpg,Normal,train
C:\Users\Admin\Desktop\dataset train\Dataset\Normal\Normal (2229).jpg,Normal,train
C:\Users\Admin\Desktop\dataset train\Dataset\Pneumonia-Viral\Pneumonia-Viral (1067).jpg,Pneumonia-Viral,train
C:\Users\Admin\Desktop\dataset train\Dataset\Pneumonia-Bacterial\Pneumonia-Bacterial (2040).jpg,Pneumonia-Bacterial,train
C:\Users\Admin\Desktop\dataset train\Dataset\Pneumonia-Bacterial\Pneumonia-Bacterial (2182).jpg,Pneumonia-Bacterial,train
C:\Users\Admin\Desktop\dataset train\Dataset\COVID\COVID-19 (496).jpg,COVID,train
C:\Users\Admin\Desktop\dataset train\Dataset\Pneumonia-Bacterial\Pneumonia-Bacterial (515).jpg,Pneumonia-Bacterial,train
C:\Users\Admin\Desktop\dataset train\Dataset\Pneumonia-Bacterial\Pneumonia-Bacterial (908).jpg,Pneumonia-Bacterial,train
C:\Users\Admin\Desktop\dataset train\Dataset\Normal\Normal (2157).jpg,Normal,train
C:\Users\Admin\Desktop\dataset train\Dataset\Pneumonia-Viral\Pneumonia-Viral (1126).jpg,Pneumonia-Viral,train
C:\Users\Admin\Desktop\dataset train\Dataset\Pneumonia-Viral\Pneumonia-Viral (1121).jpg,Pneumonia-Viral,train
C:\Users\Admin\Desktop\dataset train\Dataset\Pneumonia-Viral\Pneumonia-Viral (950).jpg,Pneumonia-Viral,train
C:\Users\Admin\Desktop\dataset train\Dataset\Normal\Normal (434).jpg,Normal,train
C:\Users\Admin\Desktop\dataset train\Dataset\Pneumonia-Bacterial\Pneumonia-Bacterial (1236).jpg,Pneumonia-Bacterial,train
C:\Users\Admin\Desktop\dataset train\Dataset\Pneumonia-Bacterial\Pneumonia-Bacterial (149).jpg,Pneumonia-Bacterial,train
C:\Users\Admin\Desktop\dataset train\Dataset\Normal\Normal (435).jpg,Normal,train
C:\Users\Admin\Desktop\dataset train\Dataset\Pneumonia-Bacterial\Pneumonia-Bacterial (21).jpg,Pneumonia-Bacterial,train
C:\Users\Admin\Desktop\dataset train\Dataset\Pneumonia-Bacterial\Pneumonia-Bacterial (2315).jpg,Pneumonia-Bacterial,train
C:\Users\Admin\Desktop\dataset train\Dataset\Pneumonia-Viral\Pneumonia-Viral (153).jpg,Pneumonia-Viral,train
C:\Users\Admin\Desktop\dataset train\Dataset\COVID\COVID-19 (333).jpg,COVID,train
C:\Users\Admin\Desktop\dataset train\Dataset\Pneumonia-Bacterial\Pneumonia-Bacterial (369).jpg,Pneumonia-Bacterial,train
C:\Users\Admin\Desktop\dataset train\Dataset\Pneumonia-Viral\Pneumonia-Viral (390).jpg,Pneumonia-Viral,train
C:\Users\Admin\Desktop\dataset train\Dataset\Normal\Normal (2544).jpg,Normal,train
C:\Users\Admin\Desktop\dataset train\Dataset\Pneumonia-Bacterial\Pneumonia-Bacterial (1107).jpg,Pneumonia-Bacterial,train
C:\Users\Admin\Desktop\dataset train\Dataset\Pneumonia-Bacterial\Pneumonia-Bacterial (2519).jpg,Pneumonia-Bacterial,train
C:\Users\Admin\Desktop\dataset train\Dataset\Normal\Normal (2831).jpg,Normal,train
C:\Users\Admin\Desktop\dataset train\Dataset\Pneumonia-Viral\Pneumonia-Viral (733).jpg,Pneumonia-Viral,train
C:\Users\Admin\Desktop\dataset train\Dataset\Normal\Normal (2184).jpg,Normal,train
C:\Users\Admin\Desktop\dataset train\Dataset\COVID\COVID-19 (278).jpg,COVID,train
C:\Users\Admin\Desktop\dataset train\Dataset\Normal\Normal (330).jpg,Normal,train
C:\Users\Admin\Desktop\dataset train\Dataset\Normal\Normal (902).jpg,Normal,train
C:\Users\Admin\Desktop\dataset train\Dataset\Normal\Normal (1391).jpg,Normal,train
C:\Users\Admin\Desktop\dataset train\Dataset\Normal\Normal (2413).jpg,Normal,train
C:\Users\Admin\Desktop\dataset train\Dataset\Pneumonia-Bacterial\Pneumonia-Bacterial (1086).jpg,Pneumonia-Bacterial,train
C:\Users\Admin\Desktop\dataset train\Dataset\Pneumonia-Bacterial\Pneumonia-Bacterial (1334).jpg,Pneumonia-Bacterial,train
C:\Users\Admin\Desktop\dataset train\Dataset\Normal\Normal (2842).jpg,Normal,train
C:\Users\Admin\Desktop\dataset train\Dataset\Pneumonia-Bacterial\Pneumonia-Bacterial (2122).jpg,Pneumonia-Bacterial,train
C:\Users\Admin\Desktop\dataset train\Dataset\Pneumonia-Viral\Pneumonia-Viral (515).jpg,Pneumonia-Viral,train
C:\Users\Admin\Desktop\dataset train\Dataset\Normal\Normal (654).jpg,Normal,train
C:\Users\Admin\Desktop\dataset train\Dataset\COVID\COVID-19 (128).jpg,COVID,train
C:\Users\Admin\Desktop\dataset train\Dataset\Pneumonia-Bacterial\Pneumonia-Bacterial (814).jpg,Pneumonia-Bacterial,train
C:\Users\Admin\Desktop\dataset train\Dataset\Pneumonia-Bacterial\Pneumonia-Bacterial (28).jpg,Pneumonia-Bacterial,train
C:\Users\Admin\Desktop\dataset train\Dataset\COVID\COVID-19 (539).jpg,COVID,train
C:\Users\Admin\Desktop\dataset train\Dataset\Pneumonia-Bacterial\Pneumonia-Bacterial (744).jpg,Pneumonia-Bacterial,train
C:\Users\Admin\Desktop\dataset train\Dataset\Normal\Normal (798).jpg,Normal,train
C:\Users\Admin\Desktop\dataset train\Dataset\Normal\Normal (2363).jpg,Normal,train
C:\Users\Admin\Desktop\dataset train\Dataset\Pneumonia-Viral\Pneumonia-Viral (1512).jpg,Pneumonia-Viral,train
C:\Users\Admin\Desktop\dataset train\Dataset\Pneumonia-Bacterial\Pneumonia-Bacterial (2871).jpg,Pneumonia-Bacterial,train
C:\Users\Admin\Desktop\dataset train\Dataset\Normal\Normal (1579).jpg,Normal,train
C:\Users\Admin\Desktop\dataset train\Dataset\Pneumonia-Viral\Pneumonia-Viral (1573).jpg,Pneumonia-Viral,train
C:\Users\Admin\Desktop\dataset train\Dataset\Pneumonia-Viral\Pneumonia-Viral (129).jpg,Pneumonia-Viral,train
C:\Users\Admin\Desktop\dataset train\Dataset\Normal\Normal (2572).jpg,Normal,train
C:\Users\Admin\Desktop\dataset train\Dataset\Pneumonia-Bacterial\Pneumonia-Bacterial (1868).jpg,Pneumonia-Bacterial,train
C:\Users\Admin\Desktop\dataset train\Dataset\Pneumonia-Viral\Pneumonia-Viral (1350).jpg,Pneumonia-Viral,train
C:\Users\Admin\Desktop\dataset train\Dataset\Pneumonia-Bacterial\Pneumonia-Bacterial (1672).jpg,Pneumonia-Bacterial,train
C:\Users\Admin\Desktop\dataset train\Dataset\Pneumonia-Bacterial\Pneumonia-Bacterial (1585).jpg,Pneumonia-Bacterial,train
C:\Users\Admin\Desktop\dataset train\Dataset\Normal\Normal (2169).jpg,Normal,train
C:\Users\Admin\Desktop\dataset train\Dataset\Pneumonia-Viral\Pneumonia-Viral (1214).jpg,Pneumonia-Viral,train
C:\Users\Admin\Desktop\dataset train\Dataset\Pneumonia-Bacterial\Pneumonia-Bacterial (1673).jpg,Pneumonia-Bacterial,train
C:\Users\Admin\Desktop\dataset train\Dataset\COVID\COVID-19 (1211).jpg,COVID,train
C:\Users\Admin\Desktop\dataset train\Dataset\Pneumonia-Bacterial\Pneumonia-Bacterial (676).jpg,Pneumonia-Bacterial,train
C:\Users\Admin\Desktop\dataset train\Dataset\Pneumonia-Bacterial\Pneumonia-Bacterial (2648).jpg,Pneumonia-Bacterial,train
C:\Users\Admin\Desktop\dataset train\Dataset\Pneumonia-Viral\Pneumonia-Viral (658).jpg,Pneumonia-Viral,train
C:\Users\Admin\Desktop\dataset train\Dataset\Pneumonia-Viral\Pneumonia-Viral (141).jpg,Pneumonia-Viral,train
C:\Users\Admin\Desktop\dataset train\Dataset\Pneumonia-Bacterial\Pneumonia-Bacterial (2703).jpg,Pneumonia-Bacterial,train
C:\Users\Admin\Desktop\dataset train\Dataset\Normal\Normal (2717).jpg,Normal,train
C:\Users\Admin\Desktop\dataset train\Dataset\Pneumonia-Viral\Pneumonia-Viral (49).jpg,Pneumonia-Viral,train
C:\Users\Admin\Desktop\dataset train\Dataset\Pneumonia-Bacterial\Pneumonia-Bacterial (2365).jpg,Pneumonia-Bacterial,train
C:\Users\Admin\Desktop\dataset train\Dataset\Pneumonia-Viral\Pneumonia-Viral (1438).jpg,Pneumonia-Viral,train
C:\Users\Admin\Desktop\dataset train\Dataset\Pneumonia-Bacterial\Pneumonia-Bacterial (602).jpg,Pneumonia-Bacterial,train
C:\Users\Admin\Desktop\dataset train\Dataset\Pneumonia-Bacterial\Pneumonia-Bacterial (229).jpg,Pneumonia-Bacterial,train
C:\Users\Admin\Desktop\dataset train\Dataset\Normal\Normal (1907).jpg,Normal,train
C:\Users\Admin\Desktop\dataset train\Dataset\Pneumonia-Viral\Pneumonia-Viral (779).jpg,Pneumonia-Viral,train
C:\Users\Admin\Desktop\dataset train\Dataset\Normal\Normal (2372).jpg,Normal,train
C:\Users\Admin\Desktop\dataset train\Dataset\Pneumonia-Viral\Pneumonia-Viral (1354).jpg,Pneumonia-Viral,train
C:\Users\Admin\Desktop\dataset train\Dataset\Normal\Normal (132).jpg,Normal,train
C:\Users\Admin\Desktop\dataset train\Dataset\Pneumonia-Bacterial\Pneumonia-Bacterial (2887).jpg,Pneumonia-Bacterial,train
C:\Users\Admin\Desktop\dataset train\Dataset\Pneumonia-Bacterial\Pneumonia-Bacterial (1077).jpg,Pneumonia-Bacterial,train
C:\Users\Admin\Desktop\dataset train\Dataset\Pneumonia-Viral\Pneumonia-Viral (204).jpg,Pneumonia-Viral,train
C:\Users\Admin\Desktop\dataset train\Dataset\Pneumonia-Bacterial\Pneumonia-Bacterial (2222).jpg,Pneumonia-Bacterial,train
C:\Users\Admin\Desktop\dataset train\Dataset\COVID\COVID-19 (851).jpg,COVID,train
C:\Users\Admin\Desktop\dataset train\Dataset\Normal\Normal (1764).jpg,Normal,train
C:\Users\Admin\Desktop\dataset train\Dataset\Pneumonia-Viral\Pneumonia-Viral (483).jpg,Pneumonia-Viral,train
C:\Users\Admin\Desktop\dataset train\Dataset\Pneumonia-Viral\Pneumonia-Viral (1017).jpg,Pneumonia-Viral,train
C:\Users\Admin\Desktop\dataset train\Dataset\Pneumonia-Viral\Pneumonia-Viral (1629).jpg,Pneumonia-Viral,train
C:\Users\Admin\Desktop\dataset train\Dataset\COVID\COVID-19 (25).jpg,COVID,train
C:\Users\Admin\Desktop\dataset train\Dataset\Pneumonia-Bacterial\Pneumonia-Bacterial (1975).jpg,Pneumonia-Bacterial,train
C:\Users\Admin\Desktop\dataset train\Dataset\Pneumonia-Viral\Pneumonia-Viral (813).jpg,Pneumonia-Viral,train
C:\Users\Admin\Desktop\dataset train\Dataset\Normal\Normal (1828).jpg,Normal,train
C:\Users\Admin\Desktop\dataset train\Dataset\Pneumonia-Viral\Pneumonia-Viral (444).jpg,Pneumonia-Viral,train
C:\Users\Admin\Desktop\dataset train\Dataset\COVID\COVID-19 (247).jpg,COVID,train
C:\Users\Admin\Desktop\dataset train\Dataset\Normal\Normal (2545).jpg,Normal,train
C:\Users\Admin\Desktop\dataset train\Dataset\Normal\Normal (526).jpg,Normal,train
C:\Users\Admin\Desktop\dataset train\Dataset\Normal\Normal (1346).jpg,Normal,train
C:\Users\Admin\Desktop\dataset train\Dataset\COVID\COVID-19 (1096).jpg,COVID,train
C:\Users\Admin\Desktop\dataset train\Dataset\Normal\Normal (985).jpg,Normal,train
C:\Users\Admin\Desktop\dataset train\Dataset\COVID\COVID-19 (99).jpg,COVID,train
C:\Users\Admin\Desktop\dataset train\Dataset\Pneumonia-Bacterial\Pneumonia-Bacterial (301).jpg,Pneumonia-Bacterial,train
C:\Users\Admin\Desktop\dataset train\Dataset\Pneumonia-Viral\Pneumonia-Viral (568).jpg,Pneumonia-Viral,train
C:\Users\Admin\Desktop\dataset train\Dataset\COVID\COVID-19 (679).jpg,COVID,train
C:\Users\Admin\Desktop\dataset train\Dataset\Normal\Normal (880).jpg,Normal,train
C:\Users\Admin\Desktop\dataset train\Dataset\COVID\COVID-19 (412).jpg,COVID,train
C:\Users\Admin\Desktop\dataset train\Dataset\COVID\COVID-19 (834).jpg,COVID,train
C:\Users\Admin\Desktop\dataset train\Dataset\Normal\Normal (488).jpg,Normal,train
C:\Users\Admin\Desktop\dataset train\Dataset\Normal\Normal (1877).jpg,Normal,train
C:\Users\Admin\Desktop\dataset train\Dataset\Pneumonia-Bacterial\Pneumonia-Bacterial (260).jpg,Pneumonia-Bacterial,train
C:\Users\Admin\Desktop\dataset train\Dataset\Pneumonia-Viral\Pneumonia-Viral (10).jpg,Pneumonia-Viral,train
C:\Users\Admin\Desktop\dataset train\Dataset\Normal\Normal (1040).jpg,Normal,train
C:\Users\Admin\Desktop\dataset train\Dataset\Pneumonia-Bacterial\Pneumonia-Bacterial (1834).jpg,Pneumonia-Bacterial,train
C:\Users\Admin\Desktop\dataset train\Dataset\COVID\COVID-19 (176).jpg,COVID,train
C:\Users\Admin\Desktop\dataset train\Dataset\Pneumonia-Bacterial\Pneumonia-Bacterial (1376).jpg,Pneumonia-Bacterial,train
C:\Users\Admin\Desktop\dataset train\Dataset\Normal\Normal (2676).jpg,Normal,train
C:\Users\Admin\Desktop\dataset train\Dataset\Pneumonia-Bacterial\Pneumonia-Bacterial (935).jpg,Pneumonia-Bacterial,train
C:\Users\Admin\Desktop\dataset train\Dataset\Pneumonia-Viral\Pneumonia-Viral (1242).jpg,Pneumonia-Viral,train
C:\Users\Admin\Desktop\dataset train\Dataset\COVID\COVID-19 (783).jpg,COVID,train
C:\Users\Admin\Desktop\dataset train\Dataset\Pneumonia-Bacterial\Pneumonia-Bacterial (2863).jpg,Pneumonia-Bacterial,train
C:\Users\Admin\Desktop\dataset train\Dataset\Normal\Normal (2163).jpg,Normal,train
C:\Users\Admin\Desktop\dataset train\Dataset\COVID\COVID-19 (226).jpg,COVID,train
C:\Users\Admin\Desktop\dataset train\Dataset\Normal\Normal (1426).jpg,Normal,train
C:\Users\Admin\Desktop\dataset train\Dataset\Pneumonia-Bacterial\Pneumonia-Bacterial (777).jpg,Pneumonia-Bacterial,train
C:\Users\Admin\Desktop\dataset train\Dataset\Normal\Normal (2721).jpg,Normal,train
C:\Users\Admin\Desktop\dataset train\Dataset\Pneumonia-Bacterial\Pneumonia-Bacterial (204).jpg,Pneumonia-Bacterial,train
C:\Users\Admin\Desktop\dataset train\Dataset\Normal\Normal (2371).jpg,Normal,train
C:\Users\Admin\Desktop\dataset train\Dataset\Normal\Normal (65).jpg,Normal,train
C:\Users\Admin\Desktop\dataset train\Dataset\Normal\Normal (3234).jpg,Normal,train
C:\Users\Admin\Desktop\dataset train\Dataset\Pneumonia-Viral\Pneumonia-Viral (11).jpg,Pneumonia-Viral,train
C:\Users\Admin\Desktop\dataset train\Dataset\Normal\Normal (1557).jpg,Normal,train
C:\Users\Admin\Desktop\dataset train\Dataset\Normal\Normal (2854).jpg,Normal,train
C:\Users\Admin\Desktop\dataset train\Dataset\Normal\Normal (2207).jpg,Normal,train
C:\Users\Admin\Desktop\dataset train\Dataset\Pneumonia-Bacterial\Pneumonia-Bacterial (1989).jpg,Pneumonia-Bacterial,train
C:\Users\Admin\Desktop\dataset train\Dataset\Normal\Normal (3125).jpg,Normal,train
C:\Users\Admin\Desktop\dataset train\Dataset\Pneumonia-Viral\Pneumonia-Viral (1273).jpg,Pneumonia-Viral,train
C:\Users\Admin\Desktop\dataset train\Dataset\Normal\Normal (2311).jpg,Normal,train
C:\Users\Admin\Desktop\dataset train\Dataset\Normal\Normal (211).jpg,Normal,train
C:\Users\Admin\Desktop\dataset train\Dataset\Normal\Normal (1201).jpg,Normal,train
C:\Users\Admin\Desktop\dataset train\Dataset\Pneumonia-Bacterial\Pneumonia-Bacterial (2276).jpg,Pneumonia-Bacterial,train
C:\Users\Admin\Desktop\dataset train\Dataset\Normal\Normal (944).jpg,Normal,train
C:\Users\Admin\Desktop\dataset train\Dataset\Pneumonia-Bacterial\Pneumonia-Bacterial (96).jpg,Pneumonia-Bacterial,train
C:\Users\Admin\Desktop\dataset train\Dataset\Normal\Normal (3129).jpg,Normal,train
C:\Users\Admin\Desktop\dataset train\Dataset\Normal\Normal (2407).jpg,Normal,train
C:\Users\Admin\Desktop\dataset train\Dataset\Normal\Normal (2517).jpg,Normal,train
C:\Users\Admin\Desktop\dataset train\Dataset\Pneumonia-Bacterial\Pneumonia-Bacterial (1780).jpg,Pneumonia-Bacterial,train
C:\Users\Admin\Desktop\dataset train\Dataset\COVID\COVID-19 (503).jpg,COVID,train
C:\Users\Admin\Desktop\dataset train\Dataset\Normal\Normal (1448).jpg,Normal,train
C:\Users\Admin\Desktop\dataset train\Dataset\COVID\COVID-19 (923).jpg,COVID,train
C:\Users\Admin\Desktop\dataset train\Dataset\COVID\COVID-19 (1125).jpg,COVID,train
C:\Users\Admin\Desktop\dataset train\Dataset\Pneumonia-Viral\Pneumonia-Viral (562).jpg,Pneumonia-Viral,train
C:\Users\Admin\Desktop\dataset train\Dataset\Pneumonia-Viral\Pneumonia-Viral (298).jpg,Pneumonia-Viral,train
C:\Users\Admin\Desktop\dataset train\Dataset\Pneumonia-Bacterial\Pneumonia-Bacterial (1469).jpg,Pneumonia-Bacterial,train
C:\Users\Admin\Desktop\dataset train\Dataset\Normal\Normal (301).jpg,Normal,train
C:\Users\Admin\Desktop\dataset train\Dataset\COVID\COVID-19 (1028).jpg,COVID,train
C:\Users\Admin\Desktop\dataset train\Dataset\Normal\Normal (2996).jpg,Normal,train
C:\Users\Admin\Desktop\dataset train\Dataset\Pneumonia-Bacterial\Pneumonia-Bacterial (1674).jpg,Pneumonia-Bacterial,train
C:\Users\Admin\Desktop\dataset train\Dataset\COVID\COVID-19 (510).jpg,COVID,train
C:\Users\Admin\Desktop\dataset train\Dataset\Pneumonia-Bacterial\Pneumonia-Bacterial (934).jpg,Pneumonia-Bacterial,train
C:\Users\Admin\Desktop\dataset train\Dataset\Pneumonia-Viral\Pneumonia-Viral (1330).jpg,Pneumonia-Viral,train
C:\Users\Admin\Desktop\dataset train\Dataset\Normal\Normal (1781).jpg,Normal,train
C:\Users\Admin\Desktop\dataset train\Dataset\COVID\COVID-19 (1199).jpg,COVID,train
C:\Users\Admin\Desktop\dataset train\Dataset\Normal\Normal (1812).jpg,Normal,train
C:\Users\Admin\Desktop\dataset train\Dataset\COVID\COVID-19 (1237).jpg,COVID,train
C:\Users\Admin\Desktop\dataset train\Dataset\Pneumonia-Viral\Pneumonia-Viral (544).jpg,Pneumonia-Viral,train
C:\Users\Admin\Desktop\dataset train\Dataset\Pneumonia-Viral\Pneumonia-Viral (136).jpg,Pneumonia-Viral,train
C:\Users\Admin\Desktop\dataset train\Dataset\Pneumonia-Viral\Pneumonia-Viral (741).jpg,Pneumonia-Viral,train
C:\Users\Admin\Desktop\dataset train\Dataset\Normal\Normal (1231).jpg,Normal,train
C:\Users\Admin\Desktop\dataset train\Dataset\COVID\COVID-19 (240).jpg,COVID,train
C:\Users\Admin\Desktop\dataset train\Dataset\Pneumonia-Bacterial\Pneumonia-Bacterial (1054).jpg,Pneumonia-Bacterial,train
C:\Users\Admin\Desktop\dataset train\Dataset\COVID\COVID-19 (711).jpg,COVID,train
C:\Users\Admin\Desktop\dataset train\Dataset\Pneumonia-Viral\Pneumonia-Viral (839).jpg,Pneumonia-Viral,train
C:\Users\Admin\Desktop\dataset train\Dataset\Pneumonia-Viral\Pneumonia-Viral (795).jpg,Pneumonia-Viral,train
C:\Users\Admin\Desktop\dataset train\Dataset\Pneumonia-Bacterial\Pneumonia-Bacterial (1289).jpg,Pneumonia-Bacterial,train
C:\Users\Admin\Desktop\dataset train\Dataset\Pneumonia-Bacterial\Pneumonia-Bacterial (2551).jpg,Pneumonia-Bacterial,train
C:\Users\Admin\Desktop\dataset train\Dataset\Normal\Normal (2014).jpg,Normal,train
C:\Users\Admin\Desktop\dataset train\Dataset\Pneumonia-Viral\Pneumonia-Viral (564).jpg,Pneumonia-Viral,train
C:\Users\Admin\Desktop\dataset train\Dataset\Pneumonia-Viral\Pneumonia-Viral (1643).jpg,Pneumonia-Viral,train
C:\Users\Admin\Desktop\dataset train\Dataset\Pneumonia-Viral\Pneumonia-Viral (229).jpg,Pneumonia-Viral,train
C:\Users\Admin\Desktop\dataset train\Dataset\Normal\Normal (2058).jpg,Normal,train
C:\Users\Admin\Desktop\dataset train\Dataset\Normal\Normal (1627).jpg,Normal,train
C:\Users\Admin\Desktop\dataset train\Dataset\Normal\Normal (870).jpg,Normal,train
C:\Users\Admin\Desktop\dataset train\Dataset\Normal\Normal (2300).jpg,Normal,train
C:\Users\Admin\Desktop\dataset train\Dataset\Pneumonia-Viral\Pneumonia-Viral (1049).jpg,Pneumonia-Viral,train
C:\Users\Admin\Desktop\dataset train\Dataset\COVID\COVID-19 (788).jpg,COVID,train
C:\Users\Admin\Desktop\dataset train\Dataset\Pneumonia-Bacterial\Pneumonia-Bacterial (73).jpg,Pneumonia-Bacterial,train
C:\Users\Admin\Desktop\dataset train\Dataset\Pneumonia-Viral\Pneumonia-Viral (1448).jpg,Pneumonia-Viral,train
C:\Users\Admin\Desktop\dataset train\Dataset\Pneumonia-Bacterial\Pneumonia-Bacterial (2722).jpg,Pneumonia-Bacterial,train
C:\Users\Admin\Desktop\dataset train\Dataset\Pneumonia-Bacterial\Pneumonia-Bacterial (1938).jpg,Pneumonia-Bacterial,train
C:\Users\Admin\Desktop\dataset train\Dataset\Normal\Normal (1964).jpg,Normal,train
C:\Users\Admin\Desktop\dataset train\Dataset\Normal\Normal (2796).jpg,Normal,train
C:\Users\Admin\Desktop\dataset train\Dataset\Pneumonia-Bacterial\Pneumonia-Bacterial (1140).jpg,Pneumonia-Bacterial,train
C:\Users\Admin\Desktop\dataset train\Dataset\Pneumonia-Viral\Pneumonia-Viral (224).jpg,Pneumonia-Viral,train
C:\Users\Admin\Desktop\dataset train\Dataset\Pneumonia-Viral\Pneumonia-Viral (1127).jpg,Pneumonia-Viral,train
C:\Users\Admin\Desktop\dataset train\Dataset\Pneumonia-Bacterial\Pneumonia-Bacterial (1581).jpg,Pneumonia-Bacterial,train
C:\Users\Admin\Desktop\dataset train\Dataset\Normal\Normal (438).jpg,Normal,train
C:\Users\Admin\Desktop\dataset train\Dataset\COVID\COVID-19 (696).jpg,COVID,train
C:\Users\Admin\Desktop\dataset train\Dataset\Normal\Normal (1849).jpg,Normal,train
C:\Users\Admin\Desktop\dataset train\Dataset\Normal\Normal (1600).jpg,Normal,train
C:\Users\Admin\Desktop\dataset train\Dataset\Pneumonia-Bacterial\Pneumonia-Bacterial (1970).jpg,Pneumonia-Bacterial,train
C:\Users\Admin\Desktop\dataset train\Dataset\Normal\Normal (831).jpg,Normal,train
C:\Users\Admin\Desktop\dataset train\Dataset\Pneumonia-Viral\Pneumonia-Viral (1615).jpg,Pneumonia-Viral,train
C:\Users\Admin\Desktop\dataset train\Dataset\Pneumonia-Bacterial\Pneumonia-Bacterial (2478).jpg,Pneumonia-Bacterial,train
C:\Users\Admin\Desktop\dataset train\Dataset\Pneumonia-Bacterial\Pneumonia-Bacterial (2180).jpg,Pneumonia-Bacterial,train
C:\Users\Admin\Desktop\dataset train\Dataset\Pneumonia-Bacterial\Pneumonia-Bacterial (2363).jpg,Pneumonia-Bacterial,train
C:\Users\Admin\Desktop\dataset train\Dataset\Pneumonia-Bacterial\Pneumonia-Bacterial (1715).jpg,Pneumonia-Bacterial,train
C:\Users\Admin\Desktop\dataset train\Dataset\Pneumonia-Bacterial\Pneumonia-Bacterial (2151).jpg,Pneumonia-Bacterial,train
C:\Users\Admin\Desktop\dataset train\Dataset\Pneumonia-Bacterial\Pneumonia-Bacterial (2611).jpg,Pneumonia-Bacterial,train
C:\Users\Admin\Desktop\dataset train\Dataset\Normal\Normal (253).jpg,Normal,train
C:\Users\Admin\Desktop\dataset train\Dataset\COVID\COVID-19 (144).jpg,COVID,train
C:\Users\Admin\Desktop\dataset train\Dataset\Pneumonia-Bacterial\Pneumonia-Bacterial (1167).jpg,Pneumonia-Bacterial,train
C:\Users\Admin\Desktop\dataset train\Dataset\Normal\Normal (1774).jpg,Normal,train
C:\Users\Admin\Desktop\dataset train\Dataset\Pneumonia-Viral\Pneumonia-Viral (490).jpg,Pneumonia-Viral,train
C:\Users\Admin\Desktop\dataset train\Dataset\Pneumonia-Bacterial\Pneumonia-Bacterial (2491).jpg,Pneumonia-Bacterial,train
C:\Users\Admin\Desktop\dataset train\Dataset\Normal\Normal (1327).jpg,Normal,train
C:\Users\Admin\Desktop\dataset train\Dataset\COVID\COVID-19 (1227).jpg,COVID,train
C:\Users\Admin\Desktop\dataset train\Dataset\Pneumonia-Bacterial\Pneumonia-Bacterial (1099).jpg,Pneumonia-Bacterial,train
C:\Users\Admin\Desktop\dataset train\Dataset\Pneumonia-Bacterial\Pneumonia-Bacterial (926).jpg,Pneumonia-Bacterial,train
C:\Users\Admin\Desktop\dataset train\Dataset\Normal\Normal (401).jpg,Normal,train
C:\Users\Admin\Desktop\dataset train\Dataset\Normal\Normal (1322).jpg,Normal,train
C:\Users\Admin\Desktop\dataset train\Dataset\Pneumonia-Bacterial\Pneumonia-Bacterial (2275).jpg,Pneumonia-Bacterial,train
C:\Users\Admin\Desktop\dataset train\Dataset\COVID\COVID-19 (1044).jpg,COVID,train
C:\Users\Admin\Desktop\dataset train\Dataset\Pneumonia-Bacterial\Pneumonia-Bacterial (1709).jpg,Pneumonia-Bacterial,train
C:\Users\Admin\Desktop\dataset train\Dataset\COVID\COVID-19 (1110).jpg,COVID,train
C:\Users\Admin\Desktop\dataset train\Dataset\Pneumonia-Bacterial\Pneumonia-Bacterial (442).jpg,Pneumonia-Bacterial,train
C:\Users\Admin\Desktop\dataset train\Dataset\Normal\Normal (3214).jpg,Normal,train
C:\Users\Admin\Desktop\dataset train\Dataset\Pneumonia-Viral\Pneumonia-Viral (704).jpg,Pneumonia-Viral,train
C:\Users\Admin\Desktop\dataset train\Dataset\Pneumonia-Bacterial\Pneumonia-Bacterial (2884).jpg,Pneumonia-Bacterial,train
C:\Users\Admin\Desktop\dataset train\Dataset\Pneumonia-Viral\Pneumonia-Viral (317).jpg,Pneumonia-Viral,train
C:\Users\Admin\Desktop\dataset train\Dataset\Pneumonia-Bacterial\Pneumonia-Bacterial (873).jpg,Pneumonia-Bacterial,train
C:\Users\Admin\Desktop\dataset train\Dataset\Pneumonia-Bacterial\Pneumonia-Bacterial (2741).jpg,Pneumonia-Bacterial,train
C:\Users\Admin\Desktop\dataset train\Dataset\Pneumonia-Viral\Pneumonia-Viral (1028).jpg,Pneumonia-Viral,train
C:\Users\Admin\Desktop\dataset train\Dataset\Normal\Normal (140).jpg,Normal,train
C:\Users\Admin\Desktop\dataset train\Dataset\Pneumonia-Bacterial\Pneumonia-Bacterial (201).jpg,Pneumonia-Bacterial,train
C:\Users\Admin\Desktop\dataset train\Dataset\Pneumonia-Bacterial\Pneumonia-Bacterial (1249).jpg,Pneumonia-Bacterial,train
C:\Users\Admin\Desktop\dataset train\Dataset\Normal\Normal (314).jpg,Normal,train
C:\Users\Admin\Desktop\dataset train\Dataset\COVID\COVID-19 (183).jpg,COVID,train
C:\Users\Admin\Desktop\dataset train\Dataset\Pneumonia-Viral\Pneumonia-Viral (55).jpg,Pneumonia-Viral,train
C:\Users\Admin\Desktop\dataset train\Dataset\Pneumonia-Viral\Pneumonia-Viral (313).jpg,Pneumonia-Viral,train
C:\Users\Admin\Desktop\dataset train\Dataset\Normal\Normal (2194).jpg,Normal,train
C:\Users\Admin\Desktop\dataset train\Dataset\Pneumonia-Bacterial\Pneumonia-Bacterial (1998).jpg,Pneumonia-Bacterial,train
C:\Users\Admin\Desktop\dataset train\Dataset\COVID\COVID-19 (602).jpg,COVID,train
C:\Users\Admin\Desktop\dataset train\Dataset\Pneumonia-Viral\Pneumonia-Viral (1400).jpg,Pneumonia-Viral,train
C:\Users\Admin\Desktop\dataset train\Dataset\Pneumonia-Viral\Pneumonia-Viral (620).jpg,Pneumonia-Viral,train
C:\Users\Admin\Desktop\dataset train\Dataset\Normal\Normal (1265).jpg,Normal,train
C:\Users\Admin\Desktop\dataset train\Dataset\Pneumonia-Bacterial\Pneumonia-Bacterial (840).jpg,Pneumonia-Bacterial,train
C:\Users\Admin\Desktop\dataset train\Dataset\Pneumonia-Bacterial\Pneumonia-Bacterial (1773).jpg,Pneumonia-Bacterial,train
C:\Users\Admin\Desktop\dataset train\Dataset\Pneumonia-Bacterial\Pneumonia-Bacterial (1148).jpg,Pneumonia-Bacterial,train
C:\Users\Admin\Desktop\dataset train\Dataset\Pneumonia-Bacterial\Pneumonia-Bacterial (2716).jpg,Pneumonia-Bacterial,train
C:\Users\Admin\Desktop\dataset train\Dataset\Pneumonia-Bacterial\Pneumonia-Bacterial (1458).jpg,Pneumonia-Bacterial,train
C:\Users\Admin\Desktop\dataset train\Dataset\Pneumonia-Bacterial\Pneumonia-Bacterial (1883).jpg,Pneumonia-Bacterial,train
C:\Users\Admin\Desktop\dataset train\Dataset\Pneumonia-Viral\Pneumonia-Viral (1623).jpg,Pneumonia-Viral,train
C:\Users\Admin\Desktop\dataset train\Dataset\Normal\Normal (2700).jpg,Normal,train
C:\Users\Admin\Desktop\dataset train\Dataset\Pneumonia-Bacterial\Pneumonia-Bacterial (342).jpg,Pneumonia-Bacterial,train
C:\Users\Admin\Desktop\dataset train\Dataset\Normal\Normal (951).jpg,Normal,train
C:\Users\Admin\Desktop\dataset train\Dataset\COVID\COVID-19 (876).jpg,COVID,train
C:\Users\Admin\Desktop\dataset train\Dataset\Normal\Normal (300).jpg,Normal,train
C:\Users\Admin\Desktop\dataset train\Dataset\Pneumonia-Viral\Pneumonia-Viral (100).jpg,Pneumonia-Viral,train
C:\Users\Admin\Desktop\dataset train\Dataset\Normal\Normal (2096).jpg,Normal,train
C:\Users\Admin\Desktop\dataset train\Dataset\Normal\Normal (2587).jpg,Normal,train
C:\Users\Admin\Desktop\dataset train\Dataset\Normal\Normal (59).jpg,Normal,train
C:\Users\Admin\Desktop\dataset train\Dataset\Pneumonia-Bacterial\Pneumonia-Bacterial (503).jpg,Pneumonia-Bacterial,train
C:\Users\Admin\Desktop\dataset train\Dataset\Pneumonia-Bacterial\Pneumonia-Bacterial (2200).jpg,Pneumonia-Bacterial,train
C:\Users\Admin\Desktop\dataset train\Dataset\Normal\Normal (255).jpg,Normal,train
C:\Users\Admin\Desktop\dataset train\Dataset\Normal\Normal (760).jpg,Normal,train
C:\Users\Admin\Desktop\dataset train\Dataset\Normal\Normal (865).jpg,Normal,train
C:\Users\Admin\Desktop\dataset train\Dataset\Pneumonia-Viral\Pneumonia-Viral (674).jpg,Pneumonia-Viral,train
C:\Users\Admin\Desktop\dataset train\Dataset\Normal\Normal (2382).jpg,Normal,train
C:\Users\Admin\Desktop\dataset train\Dataset\Normal\Normal (313).jpg,Normal,train
C:\Users\Admin\Desktop\dataset train\Dataset\COVID\COVID-19 (754).jpg,COVID,train
C:\Users\Admin\Desktop\dataset train\Dataset\COVID\COVID-19 (383).jpg,COVID,train
C:\Users\Admin\Desktop\dataset train\Dataset\Pneumonia-Viral\Pneumonia-Viral (577).jpg,Pneumonia-Viral,train
C:\Users\Admin\Desktop\dataset train\Dataset\Normal\Normal (849).jpg,Normal,train
C:\Users\Admin\Desktop\dataset train\Dataset\Pneumonia-Viral\Pneumonia-Viral (1553).jpg,Pneumonia-Viral,train
C:\Users\Admin\Desktop\dataset train\Dataset\Pneumonia-Viral\Pneumonia-Viral (1263).jpg,Pneumonia-Viral,train
C:\Users\Admin\Desktop\dataset train\Dataset\Normal\Normal (1923).jpg,Normal,train
C:\Users\Admin\Desktop\dataset train\Dataset\Normal\Normal (2034).jpg,Normal,train
C:\Users\Admin\Desktop\dataset train\Dataset\Normal\Normal (1285).jpg,Normal,train
C:\Users\Admin\Desktop\dataset train\Dataset\Normal\Normal (1476).jpg,Normal,train
C:\Users\Admin\Desktop\dataset train\Dataset\Normal\Normal (618).jpg,Normal,train
C:\Users\Admin\Desktop\dataset train\Dataset\Pneumonia-Viral\Pneumonia-Viral (768).jpg,Pneumonia-Viral,train
C:\Users\Admin\Desktop\dataset train\Dataset\Pneumonia-Bacterial\Pneumonia-Bacterial (666).jpg,Pneumonia-Bacterial,train
C:\Users\Admin\Desktop\dataset train\Dataset\Normal\Normal (2596).jpg,Normal,train
C:\Users\Admin\Desktop\dataset train\Dataset\Normal\Normal (895).jpg,Normal,train
C:\Users\Admin\Desktop\dataset train\Dataset\Normal\Normal (3010).jpg,Normal,train
C:\Users\Admin\Desktop\dataset train\Dataset\COVID\COVID-19 (852).jpg,COVID,train
C:\Users\Admin\Desktop\dataset train\Dataset\Pneumonia-Bacterial\Pneumonia-Bacterial (1021).jpg,Pneumonia-Bacterial,train
C:\Users\Admin\Desktop\dataset train\Dataset\COVID\COVID-19 (1144).jpg,COVID,train
C:\Users\Admin\Desktop\dataset train\Dataset\COVID\COVID-19 (633).jpg,COVID,train
C:\Users\Admin\Desktop\dataset train\Dataset\Pneumonia-Bacterial\Pneumonia-Bacterial (2702).jpg,Pneumonia-Bacterial,train
C:\Users\Admin\Desktop\dataset train\Dataset\COVID\COVID-19 (724).jpg,COVID,train
C:\Users\Admin\Desktop\dataset train\Dataset\Pneumonia-Viral\Pneumonia-Viral (474).jpg,Pneumonia-Viral,train
C:\Users\Admin\Desktop\dataset train\Dataset\COVID\COVID-19 (820).jpg,COVID,train
C:\Users\Admin\Desktop\dataset train\Dataset\Pneumonia-Viral\Pneumonia-Viral (1450).jpg,Pneumonia-Viral,train
C:\Users\Admin\Desktop\dataset train\Dataset\Pneumonia-Viral\Pneumonia-Viral (1170).jpg,Pneumonia-Viral,train
C:\Users\Admin\Desktop\dataset train\Dataset\Pneumonia-Bacterial\Pneumonia-Bacterial (2512).jpg,Pneumonia-Bacterial,train
C:\Users\Admin\Desktop\dataset train\Dataset\COVID\COVID-19 (341).jpg,COVID,train
C:\Users\Admin\Desktop\dataset train\Dataset\Normal\Normal (1974).jpg,Normal,train
C:\Users\Admin\Desktop\dataset train\Dataset\Pneumonia-Viral\Pneumonia-Viral (1356).jpg,Pneumonia-Viral,train
C:\Users\Admin\Desktop\dataset train\Dataset\COVID\COVID-19 (819).jpg,COVID,train
C:\Users\Admin\Desktop\dataset train\Dataset\Pneumonia-Viral\Pneumonia-Viral (750).jpg,Pneumonia-Viral,train
C:\Users\Admin\Desktop\dataset train\Dataset\Normal\Normal (2994).jpg,Normal,train
C:\Users\Admin\Desktop\dataset train\Dataset\Normal\Normal (2578).jpg,Normal,train
C:\Users\Admin\Desktop\dataset train\Dataset\Normal\Normal (2688).jpg,Normal,train
C:\Users\Admin\Desktop\dataset train\Dataset\COVID\COVID-19 (1165).jpg,COVID,train
C:\Users\Admin\Desktop\dataset train\Dataset\COVID\COVID-19 (184).jpg,COVID,train
C:\Users\Admin\Desktop\dataset train\Dataset\Pneumonia-Bacterial\Pneumonia-Bacterial (218).jpg,Pneumonia-Bacterial,train
C:\Users\Admin\Desktop\dataset train\Dataset\Normal\Normal (529).jpg,Normal,train
C:\Users\Admin\Desktop\dataset train\Dataset\Pneumonia-Viral\Pneumonia-Viral (499).jpg,Pneumonia-Viral,train
C:\Users\Admin\Desktop\dataset train\Dataset\Normal\Normal (2575).jpg,Normal,train
C:\Users\Admin\Desktop\dataset train\Dataset\Pneumonia-Viral\Pneumonia-Viral (943).jpg,Pneumonia-Viral,train
C:\Users\Admin\Desktop\dataset train\Dataset\Normal\Normal (3082).jpg,Normal,train
C:\Users\Admin\Desktop\dataset train\Dataset\Normal\Normal (227).jpg,Normal,train
C:\Users\Admin\Desktop\dataset train\Dataset\COVID\COVID-19 (789).jpg,COVID,train
C:\Users\Admin\Desktop\dataset train\Dataset\Normal\Normal (716).jpg,Normal,train
C:\Users\Admin\Desktop\dataset train\Dataset\Pneumonia-Viral\Pneumonia-Viral (310).jpg,Pneumonia-Viral,train
C:\Users\Admin\Desktop\dataset train\Dataset\Normal\Normal (2195).jpg,Normal,train
C:\Users\Admin\Desktop\dataset train\Dataset\Pneumonia-Viral\Pneumonia-Viral (712).jpg,Pneumonia-Viral,train
C:\Users\Admin\Desktop\dataset train\Dataset\Normal\Normal (2818).jpg,Normal,train
C:\Users\Admin\Desktop\dataset train\Dataset\COVID\COVID-19 (713).jpg,COVID,train
C:\Users\Admin\Desktop\dataset train\Dataset\Pneumonia-Bacterial\Pneumonia-Bacterial (637).jpg,Pneumonia-Bacterial,train
C:\Users\Admin\Desktop\dataset train\Dataset\Normal\Normal (2127).jpg,Normal,train
C:\Users\Admin\Desktop\dataset train\Dataset\Normal\Normal (957).jpg,Normal,train
C:\Users\Admin\Desktop\dataset train\Dataset\COVID\COVID-19 (824).jpg,COVID,train
C:\Users\Admin\Desktop\dataset train\Dataset\Normal\Normal (270).jpg,Normal,train
C:\Users\Admin\Desktop\dataset train\Dataset\Pneumonia-Bacterial\Pneumonia-Bacterial (999).jpg,Pneumonia-Bacterial,train
C:\Users\Admin\Desktop\dataset train\Dataset\Pneumonia-Bacterial\Pneumonia-Bacterial (1962).jpg,Pneumonia-Bacterial,train
C:\Users\Admin\Desktop\dataset train\Dataset\Pneumonia-Bacterial\Pneumonia-Bacterial (2399).jpg,Pneumonia-Bacterial,train
C:\Users\Admin\Desktop\dataset train\Dataset\Pneumonia-Viral\Pneumonia-Viral (573).jpg,Pneumonia-Viral,train
C:\Users\Admin\Desktop\dataset train\Dataset\Pneumonia-Viral\Pneumonia-Viral (1296).jpg,Pneumonia-Viral,train
C:\Users\Admin\Desktop\dataset train\Dataset\Normal\Normal (2602).jpg,Normal,train
C:\Users\Admin\Desktop\dataset train\Dataset\Normal\Normal (1646).jpg,Normal,train
C:\Users\Admin\Desktop\dataset train\Dataset\Pneumonia-Viral\Pneumonia-Viral (920).jpg,Pneumonia-Viral,train
C:\Users\Admin\Desktop\dataset train\Dataset\Pneumonia-Bacterial\Pneumonia-Bacterial (871).jpg,Pneumonia-Bacterial,train
C:\Users\Admin\Desktop\dataset train\Dataset\Pneumonia-Bacterial\Pneumonia-Bacterial (1557).jpg,Pneumonia-Bacterial,train
C:\Users\Admin\Desktop\dataset train\Dataset\Normal\Normal (2027).jpg,Normal,train
C:\Users\Admin\Desktop\dataset train\Dataset\Pneumonia-Bacterial\Pneumonia-Bacterial (1662).jpg,Pneumonia-Bacterial,train
C:\Users\Admin\Desktop\dataset train\Dataset\Pneumonia-Bacterial\Pneumonia-Bacterial (1670).jpg,Pneumonia-Bacterial,train
C:\Users\Admin\Desktop\dataset train\Dataset\Pneumonia-Viral\Pneumonia-Viral (1233).jpg,Pneumonia-Viral,train
C:\Users\Admin\Desktop\dataset train\Dataset\Pneumonia-Bacterial\Pneumonia-Bacterial (1737).jpg,Pneumonia-Bacterial,train
C:\Users\Admin\Desktop\dataset train\Dataset\Normal\Normal (265).jpg,Normal,train
C:\Users\Admin\Desktop\dataset train\Dataset\Pneumonia-Bacterial\Pneumonia-Bacterial (2810).jpg,Pneumonia-Bacterial,train
C:\Users\Admin\Desktop\dataset train\Dataset\Normal\Normal (2745).jpg,Normal,train
C:\Users\Admin\Desktop\dataset train\Dataset\Pneumonia-Bacterial\Pneumonia-Bacterial (407).jpg,Pneumonia-Bacterial,train
C:\Users\Admin\Desktop\dataset train\Dataset\Pneumonia-Bacterial\Pneumonia-Bacterial (357).jpg,Pneumonia-Bacterial,train
C:\Users\Admin\Desktop\dataset train\Dataset\Pneumonia-Viral\Pneumonia-Viral (828).jpg,Pneumonia-Viral,train
C:\Users\Admin\Desktop\dataset train\Dataset\Pneumonia-Viral\Pneumonia-Viral (1315).jpg,Pneumonia-Viral,train
C:\Users\Admin\Desktop\dataset train\Dataset\Pneumonia-Bacterial\Pneumonia-Bacterial (2557).jpg,Pneumonia-Bacterial,train
C:\Users\Admin\Desktop\dataset train\Dataset\COVID\COVID-19 (750).jpg,COVID,train
C:\Users\Admin\Desktop\dataset train\Dataset\Pneumonia-Bacterial\Pneumonia-Bacterial (454).jpg,Pneumonia-Bacterial,train
C:\Users\Admin\Desktop\dataset train\Dataset\COVID\COVID-19 (703).jpg,COVID,train
C:\Users\Admin\Desktop\dataset train\Dataset\Normal\Normal (2224).jpg,Normal,train
C:\Users\Admin\Desktop\dataset train\Dataset\Pneumonia-Viral\Pneumonia-Viral (1324).jpg,Pneumonia-Viral,train
C:\Users\Admin\Desktop\dataset train\Dataset\Normal\Normal (2552).jpg,Normal,train
C:\Users\Admin\Desktop\dataset train\Dataset\Pneumonia-Bacterial\Pneumonia-Bacterial (1150).jpg,Pneumonia-Bacterial,train
C:\Users\Admin\Desktop\dataset train\Dataset\COVID\COVID-19 (975).jpg,COVID,train
C:\Users\Admin\Desktop\dataset train\Dataset\Normal\Normal (2467).jpg,Normal,train
C:\Users\Admin\Desktop\dataset train\Dataset\Pneumonia-Bacterial\Pneumonia-Bacterial (1549).jpg,Pneumonia-Bacterial,train
C:\Users\Admin\Desktop\dataset train\Dataset\Pneumonia-Bacterial\Pneumonia-Bacterial (2077).jpg,Pneumonia-Bacterial,train
C:\Users\Admin\Desktop\dataset train\Dataset\Pneumonia-Viral\Pneumonia-Viral (803).jpg,Pneumonia-Viral,train
C:\Users\Admin\Desktop\dataset train\Dataset\Pneumonia-Bacterial\Pneumonia-Bacterial (1450).jpg,Pneumonia-Bacterial,train
C:\Users\Admin\Desktop\dataset train\Dataset\Normal\Normal (1961).jpg,Normal,train
C:\Users\Admin\Desktop\dataset train\Dataset\COVID\COVID-19 (1055).jpg,COVID,train
C:\Users\Admin\Desktop\dataset train\Dataset\Pneumonia-Viral\Pneumonia-Viral (1212).jpg,Pneumonia-Viral,train
C:\Users\Admin\Desktop\dataset train\Dataset\Normal\Normal (1882).jpg,Normal,train
C:\Users\Admin\Desktop\dataset train\Dataset\Pneumonia-Viral\Pneumonia-Viral (1536).jpg,Pneumonia-Viral,train
C:\Users\Admin\Desktop\dataset train\Dataset\Pneumonia-Bacterial\Pneumonia-Bacterial (1265).jpg,Pneumonia-Bacterial,train
C:\Users\Admin\Desktop\dataset train\Dataset\Pneumonia-Bacterial\Pneumonia-Bacterial (2663).jpg,Pneumonia-Bacterial,train
C:\Users\Admin\Desktop\dataset train\Dataset\Pneumonia-Viral\Pneumonia-Viral (640).jpg,Pneumonia-Viral,train
C:\Users\Admin\Desktop\dataset train\Dataset\Pneumonia-Viral\Pneumonia-Viral (1617).jpg,Pneumonia-Viral,train
C:\Users\Admin\Desktop\dataset train\Dataset\Normal\Normal (717).jpg,Normal,train
C:\Users\Admin\Desktop\dataset train\Dataset\Normal\Normal (2654).jpg,Normal,train
C:\Users\Admin\Desktop\dataset train\Dataset\Pneumonia-Viral\Pneumonia-Viral (651).jpg,Pneumonia-Viral,train
C:\Users\Admin\Desktop\dataset train\Dataset\Normal\Normal (2753).jpg,Normal,train
C:\Users\Admin\Desktop\dataset train\Dataset\Normal\Normal (2381).jpg,Normal,train
C:\Users\Admin\Desktop\dataset train\Dataset\Normal\Normal (1479).jpg,Normal,train
C:\Users\Admin\Desktop\dataset train\Dataset\Pneumonia-Bacterial\Pneumonia-Bacterial (2121).jpg,Pneumonia-Bacterial,train
C:\Users\Admin\Desktop\dataset train\Dataset\COVID\COVID-19 (180).jpg,COVID,train
C:\Users\Admin\Desktop\dataset train\Dataset\Normal\Normal (1683).jpg,Normal,train
C:\Users\Admin\Desktop\dataset train\Dataset\Normal\Normal (1693).jpg,Normal,train
C:\Users\Admin\Desktop\dataset train\Dataset\Normal\Normal (722).jpg,Normal,train
C:\Users\Admin\Desktop\dataset train\Dataset\Normal\Normal (753).jpg,Normal,train
C:\Users\Admin\Desktop\dataset train\Dataset\Pneumonia-Viral\Pneumonia-Viral (728).jpg,Pneumonia-Viral,train
C:\Users\Admin\Desktop\dataset train\Dataset\Normal\Normal (2630).jpg,Normal,train
C:\Users\Admin\Desktop\dataset train\Dataset\Pneumonia-Bacterial\Pneumonia-Bacterial (568).jpg,Pneumonia-Bacterial,train
C:\Users\Admin\Desktop\dataset train\Dataset\Normal\Normal (396).jpg,Normal,train
C:\Users\Admin\Desktop\dataset train\Dataset\Pneumonia-Bacterial\Pneumonia-Bacterial (695).jpg,Pneumonia-Bacterial,train
C:\Users\Admin\Desktop\dataset train\Dataset\Pneumonia-Viral\Pneumonia-Viral (61).jpg,Pneumonia-Viral,train
C:\Users\Admin\Desktop\dataset train\Dataset\Pneumonia-Bacterial\Pneumonia-Bacterial (848).jpg,Pneumonia-Bacterial,train
C:\Users\Admin\Desktop\dataset train\Dataset\Pneumonia-Bacterial\Pneumonia-Bacterial (158).jpg,Pneumonia-Bacterial,train
C:\Users\Admin\Desktop\dataset train\Dataset\Normal\Normal (106).jpg,Normal,train
C:\Users\Admin\Desktop\dataset train\Dataset\Normal\Normal (2175).jpg,Normal,train
C:\Users\Admin\Desktop\dataset train\Dataset\Pneumonia-Bacterial\Pneumonia-Bacterial (938).jpg,Pneumonia-Bacterial,train
C:\Users\Admin\Desktop\dataset train\Dataset\COVID\COVID-19 (846).jpg,COVID,train
C:\Users\Admin\Desktop\dataset train\Dataset\COVID\COVID-19 (747).jpg,COVID,train
C:\Users\Admin\Desktop\dataset train\Dataset\COVID\COVID-19 (868).jpg,COVID,train
C:\Users\Admin\Desktop\dataset train\Dataset\Pneumonia-Bacterial\Pneumonia-Bacterial (1186).jpg,Pneumonia-Bacterial,train
C:\Users\Admin\Desktop\dataset train\Dataset\COVID\COVID-19 (28).jpg,COVID,train
C:\Users\Admin\Desktop\dataset train\Dataset\Pneumonia-Bacterial\Pneumonia-Bacterial (523).jpg,Pneumonia-Bacterial,train
C:\Users\Admin\Desktop\dataset train\Dataset\Normal\Normal (1331).jpg,Normal,train
C:\Users\Admin\Desktop\dataset train\Dataset\Normal\Normal (2987).jpg,Normal,train
C:\Users\Admin\Desktop\dataset train\Dataset\COVID\COVID-19 (1009).jpg,COVID,train
C:\Users\Admin\Desktop\dataset train\Dataset\Pneumonia-Viral\Pneumonia-Viral (59).jpg,Pneumonia-Viral,train
C:\Users\Admin\Desktop\dataset train\Dataset\Normal\Normal (559).jpg,Normal,train
C:\Users\Admin\Desktop\dataset train\Dataset\Pneumonia-Bacterial\Pneumonia-Bacterial (2255).jpg,Pneumonia-Bacterial,train
C:\Users\Admin\Desktop\dataset train\Dataset\Pneumonia-Bacterial\Pneumonia-Bacterial (2901).jpg,Pneumonia-Bacterial,train
C:\Users\Admin\Desktop\dataset train\Dataset\Pneumonia-Bacterial\Pneumonia-Bacterial (1224).jpg,Pneumonia-Bacterial,train
C:\Users\Admin\Desktop\dataset train\Dataset\Pneumonia-Bacterial\Pneumonia-Bacterial (1153).jpg,Pneumonia-Bacterial,train
C:\Users\Admin\Desktop\dataset train\Dataset\Pneumonia-Viral\Pneumonia-Viral (759).jpg,Pneumonia-Viral,train
C:\Users\Admin\Desktop\dataset train\Dataset\COVID\COVID-19 (258).jpg,COVID,train
C:\Users\Admin\Desktop\dataset train\Dataset\Pneumonia-Viral\Pneumonia-Viral (1312).jpg,Pneumonia-Viral,train
C:\Users\Admin\Desktop\dataset train\Dataset\COVID\COVID-19 (32).jpg,COVID,train
C:\Users\Admin\Desktop\dataset train\Dataset\Pneumonia-Bacterial\Pneumonia-Bacterial (74).jpg,Pneumonia-Bacterial,train
C:\Users\Admin\Desktop\dataset train\Dataset\Pneumonia-Viral\Pneumonia-Viral (1468).jpg,Pneumonia-Viral,train
C:\Users\Admin\Desktop\dataset train\Dataset\COVID\COVID-19 (282).jpg,COVID,train
C:\Users\Admin\Desktop\dataset train\Dataset\Pneumonia-Bacterial\Pneumonia-Bacterial (349).jpg,Pneumonia-Bacterial,train
C:\Users\Admin\Desktop\dataset train\Dataset\Pneumonia-Bacterial\Pneumonia-Bacterial (1484).jpg,Pneumonia-Bacterial,train
C:\Users\Admin\Desktop\dataset train\Dataset\Normal\Normal (2442).jpg,Normal,train
C:\Users\Admin\Desktop\dataset train\Dataset\Pneumonia-Bacterial\Pneumonia-Bacterial (2312).jpg,Pneumonia-Bacterial,train
C:\Users\Admin\Desktop\dataset train\Dataset\Pneumonia-Bacterial\Pneumonia-Bacterial (1448).jpg,Pneumonia-Bacterial,train
C:\Users\Admin\Desktop\dataset train\Dataset\Pneumonia-Bacterial\Pneumonia-Bacterial (2370).jpg,Pneumonia-Bacterial,train
C:\Users\Admin\Desktop\dataset train\Dataset\Pneumonia-Bacterial\Pneumonia-Bacterial (725).jpg,Pneumonia-Bacterial,train
C:\Users\Admin\Desktop\dataset train\Dataset\Normal\Normal (2126).jpg,Normal,train
C:\Users\Admin\Desktop\dataset train\Dataset\Pneumonia-Bacterial\Pneumonia-Bacterial (2650).jpg,Pneumonia-Bacterial,train
C:\Users\Admin\Desktop\dataset train\Dataset\Normal\Normal (3270).jpg,Normal,train
C:\Users\Admin\Desktop\dataset train\Dataset\COVID\COVID-19 (1073).jpg,COVID,train
C:\Users\Admin\Desktop\dataset train\Dataset\Pneumonia-Bacterial\Pneumonia-Bacterial (2099).jpg,Pneumonia-Bacterial,train
C:\Users\Admin\Desktop\dataset train\Dataset\COVID\COVID-19 (452).jpg,COVID,train
C:\Users\Admin\Desktop\dataset train\Dataset\Pneumonia-Bacterial\Pneumonia-Bacterial (686).jpg,Pneumonia-Bacterial,train
C:\Users\Admin\Desktop\dataset train\Dataset\Pneumonia-Viral\Pneumonia-Viral (301).jpg,Pneumonia-Viral,train
C:\Users\Admin\Desktop\dataset train\Dataset\Pneumonia-Bacterial\Pneumonia-Bacterial (2412).jpg,Pneumonia-Bacterial,train
C:\Users\Admin\Desktop\dataset train\Dataset\Normal\Normal (235).jpg,Normal,train
C:\Users\Admin\Desktop\dataset train\Dataset\COVID\COVID-19 (904).jpg,COVID,train
C:\Users\Admin\Desktop\dataset train\Dataset\Pneumonia-Viral\Pneumonia-Viral (392).jpg,Pneumonia-Viral,train
C:\Users\Admin\Desktop\dataset train\Dataset\Pneumonia-Viral\Pneumonia-Viral (1072).jpg,Pneumonia-Viral,train
C:\Users\Admin\Desktop\dataset train\Dataset\Normal\Normal (1522).jpg,Normal,train
C:\Users\Admin\Desktop\dataset train\Dataset\Pneumonia-Viral\Pneumonia-Viral (168).jpg,Pneumonia-Viral,train
C:\Users\Admin\Desktop\dataset train\Dataset\Pneumonia-Bacterial\Pneumonia-Bacterial (1110).jpg,Pneumonia-Bacterial,train
C:\Users\Admin\Desktop\dataset train\Dataset\Pneumonia-Bacterial\Pneumonia-Bacterial (2347).jpg,Pneumonia-Bacterial,train
C:\Users\Admin\Desktop\dataset train\Dataset\Normal\Normal (2859).jpg,Normal,train
C:\Users\Admin\Desktop\dataset train\Dataset\Normal\Normal (499).jpg,Normal,train
C:\Users\Admin\Desktop\dataset train\Dataset\Pneumonia-Viral\Pneumonia-Viral (1326).jpg,Pneumonia-Viral,train
C:\Users\Admin\Desktop\dataset train\Dataset\COVID\COVID-19 (1027).jpg,COVID,train
C:\Users\Admin\Desktop\dataset train\Dataset\Pneumonia-Bacterial\Pneumonia-Bacterial (1937).jpg,Pneumonia-Bacterial,train
C:\Users\Admin\Desktop\dataset train\Dataset\Pneumonia-Bacterial\Pneumonia-Bacterial (2997).jpg,Pneumonia-Bacterial,train
C:\Users\Admin\Desktop\dataset train\Dataset\Pneumonia-Bacterial\Pneumonia-Bacterial (2045).jpg,Pneumonia-Bacterial,train
C:\Users\Admin\Desktop\dataset train\Dataset\Pneumonia-Bacterial\Pneumonia-Bacterial (1298).jpg,Pneumonia-Bacterial,train
C:\Users\Admin\Desktop\dataset train\Dataset\Pneumonia-Bacterial\Pneumonia-Bacterial (2116).jpg,Pneumonia-Bacterial,train
C:\Users\Admin\Desktop\dataset train\Dataset\Normal\Normal (1170).jpg,Normal,train
C:\Users\Admin\Desktop\dataset train\Dataset\Pneumonia-Bacterial\Pneumonia-Bacterial (2567).jpg,Pneumonia-Bacterial,train
C:\Users\Admin\Desktop\dataset train\Dataset\Pneumonia-Viral\Pneumonia-Viral (1575).jpg,Pneumonia-Viral,train
C:\Users\Admin\Desktop\dataset train\Dataset\Pneumonia-Bacterial\Pneumonia-Bacterial (356).jpg,Pneumonia-Bacterial,train
C:\Users\Admin\Desktop\dataset train\Dataset\Pneumonia-Viral\Pneumonia-Viral (423).jpg,Pneumonia-Viral,train
C:\Users\Admin\Desktop\dataset train\Dataset\Normal\Normal (1298).jpg,Normal,train
C:\Users\Admin\Desktop\dataset train\Dataset\Normal\Normal (1134).jpg,Normal,train
C:\Users\Admin\Desktop\dataset train\Dataset\Pneumonia-Viral\Pneumonia-Viral (415).jpg,Pneumonia-Viral,train
C:\Users\Admin\Desktop\dataset train\Dataset\Pneumonia-Bacterial\Pneumonia-Bacterial (1954).jpg,Pneumonia-Bacterial,train
C:\Users\Admin\Desktop\dataset train\Dataset\Pneumonia-Viral\Pneumonia-Viral (690).jpg,Pneumonia-Viral,train
C:\Users\Admin\Desktop\dataset train\Dataset\Pneumonia-Viral\Pneumonia-Viral (379).jpg,Pneumonia-Viral,train
C:\Users\Admin\Desktop\dataset train\Dataset\Normal\Normal (2959).jpg,Normal,train
C:\Users\Admin\Desktop\dataset train\Dataset\Pneumonia-Bacterial\Pneumonia-Bacterial (372).jpg,Pneumonia-Bacterial,train
C:\Users\Admin\Desktop\dataset train\Dataset\Normal\Normal (1329).jpg,Normal,train
C:\Users\Admin\Desktop\dataset train\Dataset\COVID\COVID-19 (220).jpg,COVID,train
C:\Users\Admin\Desktop\dataset train\Dataset\Normal\Normal (2705).jpg,Normal,train
C:\Users\Admin\Desktop\dataset train\Dataset\Normal\Normal (1378).jpg,Normal,train
C:\Users\Admin\Desktop\dataset train\Dataset\Pneumonia-Viral\Pneumonia-Viral (74).jpg,Pneumonia-Viral,train
C:\Users\Admin\Desktop\dataset train\Dataset\Pneumonia-Bacterial\Pneumonia-Bacterial (2502).jpg,Pneumonia-Bacterial,train
C:\Users\Admin\Desktop\dataset train\Dataset\COVID\COVID-19 (1138).jpg,COVID,train
C:\Users\Admin\Desktop\dataset train\Dataset\Normal\Normal (1885).jpg,Normal,train
C:\Users\Admin\Desktop\dataset train\Dataset\Normal\Normal (2203).jpg,Normal,train
C:\Users\Admin\Desktop\dataset train\Dataset\Pneumonia-Bacterial\Pneumonia-Bacterial (317).jpg,Pneumonia-Bacterial,train
C:\Users\Admin\Desktop\dataset train\Dataset\Pneumonia-Bacterial\Pneumonia-Bacterial (522).jpg,Pneumonia-Bacterial,train
C:\Users\Admin\Desktop\dataset train\Dataset\Pneumonia-Viral\Pneumonia-Viral (851).jpg,Pneumonia-Viral,train
C:\Users\Admin\Desktop\dataset train\Dataset\Pneumonia-Viral\Pneumonia-Viral (1272).jpg,Pneumonia-Viral,train
C:\Users\Admin\Desktop\dataset train\Dataset\Pneumonia-Viral\Pneumonia-Viral (1604).jpg,Pneumonia-Viral,train
C:\Users\Admin\Desktop\dataset train\Dataset\Pneumonia-Bacterial\Pneumonia-Bacterial (2526).jpg,Pneumonia-Bacterial,train
C:\Users\Admin\Desktop\dataset train\Dataset\Normal\Normal (195).jpg,Normal,train
C:\Users\Admin\Desktop\dataset train\Dataset\Pneumonia-Bacterial\Pneumonia-Bacterial (1235).jpg,Pneumonia-Bacterial,train
C:\Users\Admin\Desktop\dataset train\Dataset\Normal\Normal (3107).jpg,Normal,train
C:\Users\Admin\Desktop\dataset train\Dataset\Normal\Normal (3187).jpg,Normal,train
C:\Users\Admin\Desktop\dataset train\Dataset\Pneumonia-Bacterial\Pneumonia-Bacterial (1922).jpg,Pneumonia-Bacterial,train
C:\Users\Admin\Desktop\dataset train\Dataset\Pneumonia-Viral\Pneumonia-Viral (484).jpg,Pneumonia-Viral,train
C:\Users\Admin\Desktop\dataset train\Dataset\Normal\Normal (1347).jpg,Normal,train
C:\Users\Admin\Desktop\dataset train\Dataset\Pneumonia-Bacterial\Pneumonia-Bacterial (439).jpg,Pneumonia-Bacterial,train
C:\Users\Admin\Desktop\dataset train\Dataset\Normal\Normal (709).jpg,Normal,train
C:\Users\Admin\Desktop\dataset train\Dataset\Pneumonia-Bacterial\Pneumonia-Bacterial (2653).jpg,Pneumonia-Bacterial,train
C:\Users\Admin\Desktop\dataset train\Dataset\Pneumonia-Bacterial\Pneumonia-Bacterial (348).jpg,Pneumonia-Bacterial,train
C:\Users\Admin\Desktop\dataset train\Dataset\Normal\Normal (1076).jpg,Normal,train
C:\Users\Admin\Desktop\dataset train\Dataset\Pneumonia-Bacterial\Pneumonia-Bacterial (463).jpg,Pneumonia-Bacterial,train
C:\Users\Admin\Desktop\dataset train\Dataset\Normal\Normal (107).jpg,Normal,train
C:\Users\Admin\Desktop\dataset train\Dataset\COVID\COVID-19 (1054).jpg,COVID,train
C:\Users\Admin\Desktop\dataset train\Dataset\Pneumonia-Viral\Pneumonia-Viral (349).jpg,Pneumonia-Viral,train
C:\Users\Admin\Desktop\dataset train\Dataset\Normal\Normal (2958).jpg,Normal,train
C:\Users\Admin\Desktop\dataset train\Dataset\Pneumonia-Bacterial\Pneumonia-Bacterial (355).jpg,Pneumonia-Bacterial,train
C:\Users\Admin\Desktop\dataset train\Dataset\Pneumonia-Bacterial\Pneumonia-Bacterial (825).jpg,Pneumonia-Bacterial,train
C:\Users\Admin\Desktop\dataset train\Dataset\Pneumonia-Viral\Pneumonia-Viral (1169).jpg,Pneumonia-Viral,train
C:\Users\Admin\Desktop\dataset train\Dataset\Pneumonia-Bacterial\Pneumonia-Bacterial (705).jpg,Pneumonia-Bacterial,train
C:\Users\Admin\Desktop\dataset train\Dataset\Pneumonia-Viral\Pneumonia-Viral (96).jpg,Pneumonia-Viral,train
C:\Users\Admin\Desktop\dataset train\Dataset\COVID\COVID-19 (753).jpg,COVID,train
C:\Users\Admin\Desktop\dataset train\Dataset\Pneumonia-Viral\Pneumonia-Viral (240).jpg,Pneumonia-Viral,train
C:\Users\Admin\Desktop\dataset train\Dataset\Pneumonia-Viral\Pneumonia-Viral (702).jpg,Pneumonia-Viral,train
C:\Users\Admin\Desktop\dataset train\Dataset\Pneumonia-Bacterial\Pneumonia-Bacterial (2914).jpg,Pneumonia-Bacterial,train
C:\Users\Admin\Desktop\dataset train\Dataset\COVID\COVID-19 (1213).jpg,COVID,train
C:\Users\Admin\Desktop\dataset train\Dataset\Pneumonia-Viral\Pneumonia-Viral (442).jpg,Pneumonia-Viral,train
C:\Users\Admin\Desktop\dataset train\Dataset\COVID\COVID-19 (1188).jpg,COVID,train
C:\Users\Admin\Desktop\dataset train\Dataset\Pneumonia-Bacterial\Pneumonia-Bacterial (2184).jpg,Pneumonia-Bacterial,train
C:\Users\Admin\Desktop\dataset train\Dataset\COVID\COVID-19 (411).jpg,COVID,train
C:\Users\Admin\Desktop\dataset train\Dataset\Normal\Normal (1373).jpg,Normal,train
C:\Users\Admin\Desktop\dataset train\Dataset\COVID\COVID-19 (856).jpg,COVID,train
C:\Users\Admin\Desktop\dataset train\Dataset\Normal\Normal (1639).jpg,Normal,train
C:\Users\Admin\Desktop\dataset train\Dataset\Pneumonia-Bacterial\Pneumonia-Bacterial (1566).jpg,Pneumonia-Bacterial,train
C:\Users\Admin\Desktop\dataset train\Dataset\Pneumonia-Viral\Pneumonia-Viral (1459).jpg,Pneumonia-Viral,train
C:\Users\Admin\Desktop\dataset train\Dataset\Normal\Normal (3123).jpg,Normal,train
C:\Users\Admin\Desktop\dataset train\Dataset\Pneumonia-Bacterial\Pneumonia-Bacterial (2562).jpg,Pneumonia-Bacterial,train
C:\Users\Admin\Desktop\dataset train\Dataset\Pneumonia-Bacterial\Pneumonia-Bacterial (2334).jpg,Pneumonia-Bacterial,train
C:\Users\Admin\Desktop\dataset train\Dataset\Normal\Normal (354).jpg,Normal,train
C:\Users\Admin\Desktop\dataset train\Dataset\Normal\Normal (1050).jpg,Normal,train
C:\Users\Admin\Desktop\dataset train\Dataset\Pneumonia-Bacterial\Pneumonia-Bacterial (963).jpg,Pneumonia-Bacterial,train
C:\Users\Admin\Desktop\dataset train\Dataset\Pneumonia-Viral\Pneumonia-Viral (656).jpg,Pneumonia-Viral,train
C:\Users\Admin\Desktop\dataset train\Dataset\Normal\Normal (2286).jpg,Normal,train
C:\Users\Admin\Desktop\dataset train\Dataset\Normal\Normal (857).jpg,Normal,train
C:\Users\Admin\Desktop\dataset train\Dataset\Pneumonia-Viral\Pneumonia-Viral (1044).jpg,Pneumonia-Viral,train
C:\Users\Admin\Desktop\dataset train\Dataset\Normal\Normal (3195).jpg,Normal,train
C:\Users\Admin\Desktop\dataset train\Dataset\Pneumonia-Bacterial\Pneumonia-Bacterial (2391).jpg,Pneumonia-Bacterial,train
C:\Users\Admin\Desktop\dataset train\Dataset\Pneumonia-Viral\Pneumonia-Viral (401).jpg,Pneumonia-Viral,train
C:\Users\Admin\Desktop\dataset train\Dataset\Pneumonia-Bacterial\Pneumonia-Bacterial (2209).jpg,Pneumonia-Bacterial,train
C:\Users\Admin\Desktop\dataset train\Dataset\Normal\Normal (1548).jpg,Normal,train
C:\Users\Admin\Desktop\dataset train\Dataset\Pneumonia-Bacterial\Pneumonia-Bacterial (59).jpg,Pneumonia-Bacterial,train
C:\Users\Admin\Desktop\dataset train\Dataset\Pneumonia-Bacterial\Pneumonia-Bacterial (1250).jpg,Pneumonia-Bacterial,train
C:\Users\Admin\Desktop\dataset train\Dataset\Normal\Normal (1450).jpg,Normal,train
C:\Users\Admin\Desktop\dataset train\Dataset\Pneumonia-Bacterial\Pneumonia-Bacterial (383).jpg,Pneumonia-Bacterial,train
C:\Users\Admin\Desktop\dataset train\Dataset\Pneumonia-Bacterial\Pneumonia-Bacterial (1632).jpg,Pneumonia-Bacterial,train
C:\Users\Admin\Desktop\dataset train\Dataset\Normal\Normal (1028).jpg,Normal,train
C:\Users\Admin\Desktop\dataset train\Dataset\Pneumonia-Bacterial\Pneumonia-Bacterial (545).jpg,Pneumonia-Bacterial,train
C:\Users\Admin\Desktop\dataset train\Dataset\Pneumonia-Viral\Pneumonia-Viral (899).jpg,Pneumonia-Viral,train
C:\Users\Admin\Desktop\dataset train\Dataset\Pneumonia-Viral\Pneumonia-Viral (285).jpg,Pneumonia-Viral,train
C:\Users\Admin\Desktop\dataset train\Dataset\Pneumonia-Bacterial\Pneumonia-Bacterial (1139).jpg,Pneumonia-Bacterial,train
C:\Users\Admin\Desktop\dataset train\Dataset\Normal\Normal (1870).jpg,Normal,train
C:\Users\Admin\Desktop\dataset train\Dataset\Pneumonia-Bacterial\Pneumonia-Bacterial (2745).jpg,Pneumonia-Bacterial,train
C:\Users\Admin\Desktop\dataset train\Dataset\COVID\COVID-19 (607).jpg,COVID,train
C:\Users\Admin\Desktop\dataset train\Dataset\Normal\Normal (1668).jpg,Normal,train
C:\Users\Admin\Desktop\dataset train\Dataset\Pneumonia-Bacterial\Pneumonia-Bacterial (2549).jpg,Pneumonia-Bacterial,train
C:\Users\Admin\Desktop\dataset train\Dataset\Pneumonia-Bacterial\Pneumonia-Bacterial (282).jpg,Pneumonia-Bacterial,train
C:\Users\Admin\Desktop\dataset train\Dataset\COVID\COVID-19 (815).jpg,COVID,train
C:\Users\Admin\Desktop\dataset train\Dataset\Pneumonia-Bacterial\Pneumonia-Bacterial (2528).jpg,Pneumonia-Bacterial,train
C:\Users\Admin\Desktop\dataset train\Dataset\Normal\Normal (249).jpg,Normal,train
C:\Users\Admin\Desktop\dataset train\Dataset\Pneumonia-Bacterial\Pneumonia-Bacterial (1208).jpg,Pneumonia-Bacterial,train
C:\Users\Admin\Desktop\dataset train\Dataset\Pneumonia-Bacterial\Pneumonia-Bacterial (106).jpg,Pneumonia-Bacterial,train
C:\Users\Admin\Desktop\dataset train\Dataset\Pneumonia-Viral\Pneumonia-Viral (1342).jpg,Pneumonia-Viral,train
C:\Users\Admin\Desktop\dataset train\Dataset\Pneumonia-Bacterial\Pneumonia-Bacterial (989).jpg,Pneumonia-Bacterial,train
C:\Users\Admin\Desktop\dataset train\Dataset\Pneumonia-Bacterial\Pneumonia-Bacterial (905).jpg,Pneumonia-Bacterial,train
C:\Users\Admin\Desktop\dataset train\Dataset\COVID\COVID-19 (437).jpg,COVID,train
C:\Users\Admin\Desktop\dataset train\Dataset\COVID\COVID-19 (3).jpg,COVID,train
C:\Users\Admin\Desktop\dataset train\Dataset\COVID\COVID-19 (657).jpg,COVID,train
C:\Users\Admin\Desktop\dataset train\Dataset\Normal\Normal (2611).jpg,Normal,train
C:\Users\Admin\Desktop\dataset train\Dataset\Pneumonia-Viral\Pneumonia-Viral (1).jpg,Pneumonia-Viral,train
C:\Users\Admin\Desktop\dataset train\Dataset\Normal\Normal (2352).jpg,Normal,train
C:\Users\Admin\Desktop\dataset train\Dataset\Pneumonia-Bacterial\Pneumonia-Bacterial (1216).jpg,Pneumonia-Bacterial,train
C:\Users\Admin\Desktop\dataset train\Dataset\Normal\Normal (1386).jpg,Normal,train
C:\Users\Admin\Desktop\dataset train\Dataset\Normal\Normal (1648).jpg,Normal,train
C:\Users\Admin\Desktop\dataset train\Dataset\Pneumonia-Bacterial\Pneumonia-Bacterial (771).jpg,Pneumonia-Bacterial,train
C:\Users\Admin\Desktop\dataset train\Dataset\Pneumonia-Viral\Pneumonia-Viral (990).jpg,Pneumonia-Viral,train
C:\Users\Admin\Desktop\dataset train\Dataset\Normal\Normal (2309).jpg,Normal,train
C:\Users\Admin\Desktop\dataset train\Dataset\COVID\COVID-19 (801).jpg,COVID,train
C:\Users\Admin\Desktop\dataset train\Dataset\Normal\Normal (264).jpg,Normal,train
C:\Users\Admin\Desktop\dataset train\Dataset\Normal\Normal (217).jpg,Normal,train
C:\Users\Admin\Desktop\dataset train\Dataset\Pneumonia-Bacterial\Pneumonia-Bacterial (289).jpg,Pneumonia-Bacterial,train
C:\Users\Admin\Desktop\dataset train\Dataset\Pneumonia-Bacterial\Pneumonia-Bacterial (2054).jpg,Pneumonia-Bacterial,train
C:\Users\Admin\Desktop\dataset train\Dataset\Normal\Normal (155).jpg,Normal,train
C:\Users\Admin\Desktop\dataset train\Dataset\Normal\Normal (2845).jpg,Normal,train
C:\Users\Admin\Desktop\dataset train\Dataset\COVID\COVID-19 (1263).jpg,COVID,train
C:\Users\Admin\Desktop\dataset train\Dataset\Normal\Normal (2598).jpg,Normal,train
C:\Users\Admin\Desktop\dataset train\Dataset\Normal\Normal (2480).jpg,Normal,train
C:\Users\Admin\Desktop\dataset train\Dataset\Pneumonia-Viral\Pneumonia-Viral (561).jpg,Pneumonia-Viral,train
C:\Users\Admin\Desktop\dataset train\Dataset\Pneumonia-Viral\Pneumonia-Viral (509).jpg,Pneumonia-Viral,train
C:\Users\Admin\Desktop\dataset train\Dataset\Normal\Normal (1446).jpg,Normal,train
C:\Users\Admin\Desktop\dataset train\Dataset\Pneumonia-Bacterial\Pneumonia-Bacterial (2348).jpg,Pneumonia-Bacterial,train
C:\Users\Admin\Desktop\dataset train\Dataset\Pneumonia-Bacterial\Pneumonia-Bacterial (573).jpg,Pneumonia-Bacterial,train
C:\Users\Admin\Desktop\dataset train\Dataset\Pneumonia-Bacterial\Pneumonia-Bacterial (1498).jpg,Pneumonia-Bacterial,train
C:\Users\Admin\Desktop\dataset train\Dataset\Normal\Normal (1716).jpg,Normal,train
C:\Users\Admin\Desktop\dataset train\Dataset\Normal\Normal (1911).jpg,Normal,train
C:\Users\Admin\Desktop\dataset train\Dataset\Pneumonia-Bacterial\Pneumonia-Bacterial (1579).jpg,Pneumonia-Bacterial,train
C:\Users\Admin\Desktop\dataset train\Dataset\Pneumonia-Bacterial\Pneumonia-Bacterial (322).jpg,Pneumonia-Bacterial,train
C:\Users\Admin\Desktop\dataset train\Dataset\Pneumonia-Viral\Pneumonia-Viral (1081).jpg,Pneumonia-Viral,train
C:\Users\Admin\Desktop\dataset train\Dataset\Pneumonia-Bacterial\Pneumonia-Bacterial (2177).jpg,Pneumonia-Bacterial,train
C:\Users\Admin\Desktop\dataset train\Dataset\Pneumonia-Viral\Pneumonia-Viral (197).jpg,Pneumonia-Viral,train
C:\Users\Admin\Desktop\dataset train\Dataset\Pneumonia-Viral\Pneumonia-Viral (425).jpg,Pneumonia-Viral,train
C:\Users\Admin\Desktop\dataset train\Dataset\Normal\Normal (393).jpg,Normal,train
C:\Users\Admin\Desktop\dataset train\Dataset\Pneumonia-Viral\Pneumonia-Viral (996).jpg,Pneumonia-Viral,train
C:\Users\Admin\Desktop\dataset train\Dataset\Pneumonia-Viral\Pneumonia-Viral (209).jpg,Pneumonia-Viral,train
C:\Users\Admin\Desktop\dataset train\Dataset\COVID\COVID-19 (571).jpg,COVID,train
C:\Users\Admin\Desktop\dataset train\Dataset\COVID\COVID-19 (458).jpg,COVID,train
C:\Users\Admin\Desktop\dataset train\Dataset\Pneumonia-Bacterial\Pneumonia-Bacterial (2411).jpg,Pneumonia-Bacterial,train
C:\Users\Admin\Desktop\dataset train\Dataset\COVID\COVID-19 (148).jpg,COVID,train
C:\Users\Admin\Desktop\dataset train\Dataset\Normal\Normal (2894).jpg,Normal,train
C:\Users\Admin\Desktop\dataset train\Dataset\Pneumonia-Bacterial\Pneumonia-Bacterial (2366).jpg,Pneumonia-Bacterial,train
C:\Users\Admin\Desktop\dataset train\Dataset\Pneumonia-Bacterial\Pneumonia-Bacterial (2709).jpg,Pneumonia-Bacterial,train
C:\Users\Admin\Desktop\dataset train\Dataset\Pneumonia-Bacterial\Pneumonia-Bacterial (2439).jpg,Pneumonia-Bacterial,train
C:\Users\Admin\Desktop\dataset train\Dataset\Pneumonia-Viral\Pneumonia-Viral (694).jpg,Pneumonia-Viral,train
C:\Users\Admin\Desktop\dataset train\Dataset\Pneumonia-Bacterial\Pneumonia-Bacterial (507).jpg,Pneumonia-Bacterial,train
C:\Users\Admin\Desktop\dataset train\Dataset\COVID\COVID-19 (942).jpg,COVID,train
C:\Users\Admin\Desktop\dataset train\Dataset\Pneumonia-Viral\Pneumonia-Viral (901).jpg,Pneumonia-Viral,train
C:\Users\Admin\Desktop\dataset train\Dataset\Pneumonia-Bacterial\Pneumonia-Bacterial (1252).jpg,Pneumonia-Bacterial,train
C:\Users\Admin\Desktop\dataset train\Dataset\Pneumonia-Bacterial\Pneumonia-Bacterial (1763).jpg,Pneumonia-Bacterial,train
C:\Users\Admin\Desktop\dataset train\Dataset\COVID\COVID-19 (301).jpg,COVID,train
C:\Users\Admin\Desktop\dataset train\Dataset\Normal\Normal (2503).jpg,Normal,train
C:\Users\Admin\Desktop\dataset train\Dataset\Normal\Normal (2066).jpg,Normal,train
C:\Users\Admin\Desktop\dataset train\Dataset\Normal\Normal (2748).jpg,Normal,train
C:\Users\Admin\Desktop\dataset train\Dataset\Pneumonia-Viral\Pneumonia-Viral (88).jpg,Pneumonia-Viral,train
C:\Users\Admin\Desktop\dataset train\Dataset\COVID\COVID-19 (615).jpg,COVID,train
C:\Users\Admin\Desktop\dataset train\Dataset\Pneumonia-Bacterial\Pneumonia-Bacterial (480).jpg,Pneumonia-Bacterial,train
C:\Users\Admin\Desktop\dataset train\Dataset\Pneumonia-Bacterial\Pneumonia-Bacterial (1392).jpg,Pneumonia-Bacterial,train
C:\Users\Admin\Desktop\dataset train\Dataset\Normal\Normal (630).jpg,Normal,train
C:\Users\Admin\Desktop\dataset train\Dataset\Pneumonia-Viral\Pneumonia-Viral (113).jpg,Pneumonia-Viral,train
C:\Users\Admin\Desktop\dataset train\Dataset\Normal\Normal (3223).jpg,Normal,train
C:\Users\Admin\Desktop\dataset train\Dataset\Pneumonia-Viral\Pneumonia-Viral (1024).jpg,Pneumonia-Viral,train
C:\Users\Admin\Desktop\dataset train\Dataset\Pneumonia-Bacterial\Pneumonia-Bacterial (125).jpg,Pneumonia-Bacterial,train
C:\Users\Admin\Desktop\dataset train\Dataset\Normal\Normal (617).jpg,Normal,train
C:\Users\Admin\Desktop\dataset train\Dataset\Pneumonia-Viral\Pneumonia-Viral (1191).jpg,Pneumonia-Viral,train
C:\Users\Admin\Desktop\dataset train\Dataset\Normal\Normal (2479).jpg,Normal,train
C:\Users\Admin\Desktop\dataset train\Dataset\Normal\Normal (133).jpg,Normal,train
C:\Users\Admin\Desktop\dataset train\Dataset\Pneumonia-Viral\Pneumonia-Viral (146).jpg,Pneumonia-Viral,train
C:\Users\Admin\Desktop\dataset train\Dataset\Pneumonia-Viral\Pneumonia-Viral (1276).jpg,Pneumonia-Viral,train
C:\Users\Admin\Desktop\dataset train\Dataset\Normal\Normal (77).jpg,Normal,train
C:\Users\Admin\Desktop\dataset train\Dataset\COVID\COVID-19 (843).jpg,COVID,train
C:\Users\Admin\Desktop\dataset train\Dataset\Normal\Normal (2326).jpg,Normal,train
C:\Users\Admin\Desktop\dataset train\Dataset\Pneumonia-Bacterial\Pneumonia-Bacterial (2248).jpg,Pneumonia-Bacterial,train
C:\Users\Admin\Desktop\dataset train\Dataset\COVID\COVID-19 (261).jpg,COVID,train
C:\Users\Admin\Desktop\dataset train\Dataset\Pneumonia-Bacterial\Pneumonia-Bacterial (1562).jpg,Pneumonia-Bacterial,train
C:\Users\Admin\Desktop\dataset train\Dataset\Normal\Normal (661).jpg,Normal,train
C:\Users\Admin\Desktop\dataset train\Dataset\Pneumonia-Viral\Pneumonia-Viral (1162).jpg,Pneumonia-Viral,train
C:\Users\Admin\Desktop\dataset train\Dataset\Pneumonia-Viral\Pneumonia-Viral (274).jpg,Pneumonia-Viral,train
C:\Users\Admin\Desktop\dataset train\Dataset\COVID\COVID-19 (450).jpg,COVID,train
C:\Users\Admin\Desktop\dataset train\Dataset\Pneumonia-Bacterial\Pneumonia-Bacterial (427).jpg,Pneumonia-Bacterial,train
C:\Users\Admin\Desktop\dataset train\Dataset\Pneumonia-Bacterial\Pneumonia-Bacterial (2235).jpg,Pneumonia-Bacterial,train
C:\Users\Admin\Desktop\dataset train\Dataset\Pneumonia-Viral\Pneumonia-Viral (184).jpg,Pneumonia-Viral,train
C:\Users\Admin\Desktop\dataset train\Dataset\COVID\COVID-19 (688).jpg,COVID,train
C:\Users\Admin\Desktop\dataset train\Dataset\Pneumonia-Viral\Pneumonia-Viral (836).jpg,Pneumonia-Viral,train
C:\Users\Admin\Desktop\dataset train\Dataset\Normal\Normal (3190).jpg,Normal,train
C:\Users\Admin\Desktop\dataset train\Dataset\Normal\Normal (61).jpg,Normal,train
C:\Users\Admin\Desktop\dataset train\Dataset\Pneumonia-Viral\Pneumonia-Viral (410).jpg,Pneumonia-Viral,train
C:\Users\Admin\Desktop\dataset train\Dataset\Pneumonia-Bacterial\Pneumonia-Bacterial (176).jpg,Pneumonia-Bacterial,train
C:\Users\Admin\Desktop\dataset train\Dataset\Normal\Normal (1089).jpg,Normal,train
C:\Users\Admin\Desktop\dataset train\Dataset\Normal\Normal (277).jpg,Normal,train
C:\Users\Admin\Desktop\dataset train\Dataset\Pneumonia-Bacterial\Pneumonia-Bacterial (2982).jpg,Pneumonia-Bacterial,train
C:\Users\Admin\Desktop\dataset train\Dataset\Normal\Normal (2758).jpg,Normal,train
C:\Users\Admin\Desktop\dataset train\Dataset\Normal\Normal (1374).jpg,Normal,train
C:\Users\Admin\Desktop\dataset train\Dataset\Pneumonia-Viral\Pneumonia-Viral (125).jpg,Pneumonia-Viral,train
C:\Users\Admin\Desktop\dataset train\Dataset\COVID\COVID-19 (799).jpg,COVID,train
C:\Users\Admin\Desktop\dataset train\Dataset\COVID\COVID-19 (1070).jpg,COVID,train
C:\Users\Admin\Desktop\dataset train\Dataset\Pneumonia-Bacterial\Pneumonia-Bacterial (1910).jpg,Pneumonia-Bacterial,train
C:\Users\Admin\Desktop\dataset train\Dataset\Pneumonia-Viral\Pneumonia-Viral (1511).jpg,Pneumonia-Viral,train
C:\Users\Admin\Desktop\dataset train\Dataset\Pneumonia-Bacterial\Pneumonia-Bacterial (1564).jpg,Pneumonia-Bacterial,train
C:\Users\Admin\Desktop\dataset train\Dataset\COVID\COVID-19 (1203).jpg,COVID,train
C:\Users\Admin\Desktop\dataset train\Dataset\Normal\Normal (233).jpg,Normal,train
C:\Users\Admin\Desktop\dataset train\Dataset\Normal\Normal (1368).jpg,Normal,train
C:\Users\Admin\Desktop\dataset train\Dataset\Pneumonia-Bacterial\Pneumonia-Bacterial (632).jpg,Pneumonia-Bacterial,train
C:\Users\Admin\Desktop\dataset train\Dataset\Normal\Normal (1604).jpg,Normal,train
C:\Users\Admin\Desktop\dataset train\Dataset\Normal\Normal (3086).jpg,Normal,train
C:\Users\Admin\Desktop\dataset train\Dataset\Pneumonia-Bacterial\Pneumonia-Bacterial (1220).jpg,Pneumonia-Bacterial,train
C:\Users\Admin\Desktop\dataset train\Dataset\Pneumonia-Bacterial\Pneumonia-Bacterial (1827).jpg,Pneumonia-Bacterial,train
C:\Users\Admin\Desktop\dataset train\Dataset\Normal\Normal (78).jpg,Normal,train
C:\Users\Admin\Desktop\dataset train\Dataset\Normal\Normal (3061).jpg,Normal,train
C:\Users\Admin\Desktop\dataset train\Dataset\Normal\Normal (1678).jpg,Normal,train
C:\Users\Admin\Desktop\dataset train\Dataset\COVID\COVID-19 (172).jpg,COVID,train
C:\Users\Admin\Desktop\dataset train\Dataset\Pneumonia-Viral\Pneumonia-Viral (329).jpg,Pneumonia-Viral,train
C:\Users\Admin\Desktop\dataset train\Dataset\COVID\COVID-19 (1114).jpg,COVID,train
C:\Users\Admin\Desktop\dataset train\Dataset\Normal\Normal (681).jpg,Normal,train
C:\Users\Admin\Desktop\dataset train\Dataset\Normal\Normal (2876).jpg,Normal,train
C:\Users\Admin\Desktop\dataset train\Dataset\Pneumonia-Viral\Pneumonia-Viral (987).jpg,Pneumonia-Viral,train
C:\Users\Admin\Desktop\dataset train\Dataset\COVID\COVID-19 (524).jpg,COVID,train
C:\Users\Admin\Desktop\dataset train\Dataset\Pneumonia-Bacterial\Pneumonia-Bacterial (1119).jpg,Pneumonia-Bacterial,train
C:\Users\Admin\Desktop\dataset train\Dataset\Normal\Normal (1517).jpg,Normal,train
C:\Users\Admin\Desktop\dataset train\Dataset\Normal\Normal (2742).jpg,Normal,train
C:\Users\Admin\Desktop\dataset train\Dataset\Pneumonia-Viral\Pneumonia-Viral (793).jpg,Pneumonia-Viral,train
C:\Users\Admin\Desktop\dataset train\Dataset\Pneumonia-Bacterial\Pneumonia-Bacterial (1918).jpg,Pneumonia-Bacterial,train
C:\Users\Admin\Desktop\dataset train\Dataset\Normal\Normal (1236).jpg,Normal,train
C:\Users\Admin\Desktop\dataset train\Dataset\Pneumonia-Bacterial\Pneumonia-Bacterial (2875).jpg,Pneumonia-Bacterial,train
C:\Users\Admin\Desktop\dataset train\Dataset\Pneumonia-Bacterial\Pneumonia-Bacterial (701).jpg,Pneumonia-Bacterial,train
C:\Users\Admin\Desktop\dataset train\Dataset\Pneumonia-Viral\Pneumonia-Viral (1465).jpg,Pneumonia-Viral,train
C:\Users\Admin\Desktop\dataset train\Dataset\Normal\Normal (1453).jpg,Normal,train
C:\Users\Admin\Desktop\dataset train\Dataset\Normal\Normal (2551).jpg,Normal,train
C:\Users\Admin\Desktop\dataset train\Dataset\Normal\Normal (3192).jpg,Normal,train
C:\Users\Admin\Desktop\dataset train\Dataset\Pneumonia-Viral\Pneumonia-Viral (245).jpg,Pneumonia-Viral,train
C:\Users\Admin\Desktop\dataset train\Dataset\Normal\Normal (999).jpg,Normal,train
C:\Users\Admin\Desktop\dataset train\Dataset\Pneumonia-Bacterial\Pneumonia-Bacterial (1842).jpg,Pneumonia-Bacterial,train
C:\Users\Admin\Desktop\dataset train\Dataset\Normal\Normal (584).jpg,Normal,train
C:\Users\Admin\Desktop\dataset train\Dataset\Pneumonia-Bacterial\Pneumonia-Bacterial (2472).jpg,Pneumonia-Bacterial,train
C:\Users\Admin\Desktop\dataset train\Dataset\Pneumonia-Viral\Pneumonia-Viral (1457).jpg,Pneumonia-Viral,train
C:\Users\Admin\Desktop\dataset train\Dataset\Pneumonia-Bacterial\Pneumonia-Bacterial (1374).jpg,Pneumonia-Bacterial,train
C:\Users\Admin\Desktop\dataset train\Dataset\Pneumonia-Viral\Pneumonia-Viral (27).jpg,Pneumonia-Viral,train
C:\Users\Admin\Desktop\dataset train\Dataset\Normal\Normal (3094).jpg,Normal,train
C:\Users\Admin\Desktop\dataset train\Dataset\Pneumonia-Bacterial\Pneumonia-Bacterial (615).jpg,Pneumonia-Bacterial,train
C:\Users\Admin\Desktop\dataset train\Dataset\Normal\Normal (611).jpg,Normal,train
C:\Users\Admin\Desktop\dataset train\Dataset\Normal\Normal (549).jpg,Normal,train
C:\Users\Admin\Desktop\dataset train\Dataset\Pneumonia-Bacterial\Pneumonia-Bacterial (1666).jpg,Pneumonia-Bacterial,train
C:\Users\Admin\Desktop\dataset train\Dataset\COVID\COVID-19 (1233).jpg,COVID,train
C:\Users\Admin\Desktop\dataset train\Dataset\Pneumonia-Bacterial\Pneumonia-Bacterial (1457).jpg,Pneumonia-Bacterial,train
C:\Users\Admin\Desktop\dataset train\Dataset\Pneumonia-Viral\Pneumonia-Viral (24).jpg,Pneumonia-Viral,train
C:\Users\Admin\Desktop\dataset train\Dataset\COVID\COVID-19 (1024).jpg,COVID,train
C:\Users\Admin\Desktop\dataset train\Dataset\COVID\COVID-19 (660).jpg,COVID,train
C:\Users\Admin\Desktop\dataset train\Dataset\Pneumonia-Bacterial\Pneumonia-Bacterial (2489).jpg,Pneumonia-Bacterial,train
C:\Users\Admin\Desktop\dataset train\Dataset\COVID\COVID-19 (95).jpg,COVID,train
C:\Users\Admin\Desktop\dataset train\Dataset\COVID\COVID-19 (955).jpg,COVID,train
C:\Users\Admin\Desktop\dataset train\Dataset\COVID\COVID-19 (1189).jpg,COVID,train
C:\Users\Admin\Desktop\dataset train\Dataset\Normal\Normal (675).jpg,Normal,train
C:\Users\Admin\Desktop\dataset train\Dataset\Pneumonia-Viral\Pneumonia-Viral (1010).jpg,Pneumonia-Viral,train
C:\Users\Admin\Desktop\dataset train\Dataset\Pneumonia-Viral\Pneumonia-Viral (1548).jpg,Pneumonia-Viral,train
C:\Users\Admin\Desktop\dataset train\Dataset\Pneumonia-Viral\Pneumonia-Viral (591).jpg,Pneumonia-Viral,train
C:\Users\Admin\Desktop\dataset train\Dataset\Pneumonia-Bacterial\Pneumonia-Bacterial (2098).jpg,Pneumonia-Bacterial,train
C:\Users\Admin\Desktop\dataset train\Dataset\Normal\Normal (1869).jpg,Normal,train
C:\Users\Admin\Desktop\dataset train\Dataset\Normal\Normal (975).jpg,Normal,train
C:\Users\Admin\Desktop\dataset train\Dataset\Pneumonia-Viral\Pneumonia-Viral (1101).jpg,Pneumonia-Viral,train
C:\Users\Admin\Desktop\dataset train\Dataset\Normal\Normal (2453).jpg,Normal,train
C:\Users\Admin\Desktop\dataset train\Dataset\COVID\COVID-19 (483).jpg,COVID,train
C:\Users\Admin\Desktop\dataset train\Dataset\Pneumonia-Bacterial\Pneumonia-Bacterial (2531).jpg,Pneumonia-Bacterial,train
C:\Users\Admin\Desktop\dataset train\Dataset\Normal\Normal (1511).jpg,Normal,train
C:\Users\Admin\Desktop\dataset train\Dataset\Pneumonia-Bacterial\Pneumonia-Bacterial (1483).jpg,Pneumonia-Bacterial,train
C:\Users\Admin\Desktop\dataset train\Dataset\Normal\Normal (797).jpg,Normal,train
C:\Users\Admin\Desktop\dataset train\Dataset\Normal\Normal (2674).jpg,Normal,train
C:\Users\Admin\Desktop\dataset train\Dataset\COVID\COVID-19 (1178).jpg,COVID,train
C:\Users\Admin\Desktop\dataset train\Dataset\Normal\Normal (1437).jpg,Normal,train
C:\Users\Admin\Desktop\dataset train\Dataset\Normal\Normal (1676).jpg,Normal,train
C:\Users\Admin\Desktop\dataset train\Dataset\Pneumonia-Viral\Pneumonia-Viral (332).jpg,Pneumonia-Viral,train
C:\Users\Admin\Desktop\dataset train\Dataset\COVID\COVID-19 (997).jpg,COVID,train
C:\Users\Admin\Desktop\dataset train\Dataset\Pneumonia-Bacterial\Pneumonia-Bacterial (2907).jpg,Pneumonia-Bacterial,train
C:\Users\Admin\Desktop\dataset train\Dataset\Pneumonia-Viral\Pneumonia-Viral (1379).jpg,Pneumonia-Viral,train
C:\Users\Admin\Desktop\dataset train\Dataset\Pneumonia-Bacterial\Pneumonia-Bacterial (1993).jpg,Pneumonia-Bacterial,train
C:\Users\Admin\Desktop\dataset train\Dataset\COVID\COVID-19 (1209).jpg,COVID,train
C:\Users\Admin\Desktop\dataset train\Dataset\Pneumonia-Viral\Pneumonia-Viral (95).jpg,Pneumonia-Viral,train
C:\Users\Admin\Desktop\dataset train\Dataset\Pneumonia-Bacterial\Pneumonia-Bacterial (145).jpg,Pneumonia-Bacterial,train
C:\Users\Admin\Desktop\dataset train\Dataset\Pneumonia-Bacterial\Pneumonia-Bacterial (1431).jpg,Pneumonia-Bacterial,train
C:\Users\Admin\Desktop\dataset train\Dataset\Pneumonia-Viral\Pneumonia-Viral (389).jpg,Pneumonia-Viral,train
C:\Users\Admin\Desktop\dataset train\Dataset\Pneumonia-Viral\Pneumonia-Viral (572).jpg,Pneumonia-Viral,train
C:\Users\Admin\Desktop\dataset train\Dataset\Pneumonia-Viral\Pneumonia-Viral (603).jpg,Pneumonia-Viral,train
C:\Users\Admin\Desktop\dataset train\Dataset\Pneumonia-Viral\Pneumonia-Viral (1104).jpg,Pneumonia-Viral,train
C:\Users\Admin\Desktop\dataset train\Dataset\Normal\Normal (1546).jpg,Normal,train
C:\Users\Admin\Desktop\dataset train\Dataset\Pneumonia-Bacterial\Pneumonia-Bacterial (1872).jpg,Pneumonia-Bacterial,train
C:\Users\Admin\Desktop\dataset train\Dataset\Pneumonia-Bacterial\Pneumonia-Bacterial (253).jpg,Pneumonia-Bacterial,train
C:\Users\Admin\Desktop\dataset train\Dataset\Pneumonia-Viral\Pneumonia-Viral (638).jpg,Pneumonia-Viral,train
C:\Users\Admin\Desktop\dataset train\Dataset\Normal\Normal (1771).jpg,Normal,train
C:\Users\Admin\Desktop\dataset train\Dataset\Pneumonia-Bacterial\Pneumonia-Bacterial (793).jpg,Pneumonia-Bacterial,train
C:\Users\Admin\Desktop\dataset train\Dataset\Pneumonia-Bacterial\Pneumonia-Bacterial (2459).jpg,Pneumonia-Bacterial,train
C:\Users\Admin\Desktop\dataset train\Dataset\COVID\COVID-19 (174).jpg,COVID,train
C:\Users\Admin\Desktop\dataset train\Dataset\Normal\Normal (1578).jpg,Normal,train
C:\Users\Admin\Desktop\dataset train\Dataset\Pneumonia-Bacterial\Pneumonia-Bacterial (2949).jpg,Pneumonia-Bacterial,train
C:\Users\Admin\Desktop\dataset train\Dataset\Pneumonia-Bacterial\Pneumonia-Bacterial (1628).jpg,Pneumonia-Bacterial,train
C:\Users\Admin\Desktop\dataset train\Dataset\Pneumonia-Bacterial\Pneumonia-Bacterial (1656).jpg,Pneumonia-Bacterial,train
C:\Users\Admin\Desktop\dataset train\Dataset\Normal\Normal (875).jpg,Normal,train
C:\Users\Admin\Desktop\dataset train\Dataset\Pneumonia-Bacterial\Pneumonia-Bacterial (2375).jpg,Pneumonia-Bacterial,train
C:\Users\Admin\Desktop\dataset train\Dataset\Normal\Normal (96).jpg,Normal,train
C:\Users\Admin\Desktop\dataset train\Dataset\Pneumonia-Viral\Pneumonia-Viral (1554).jpg,Pneumonia-Viral,train
C:\Users\Admin\Desktop\dataset train\Dataset\Normal\Normal (222).jpg,Normal,train
C:\Users\Admin\Desktop\dataset train\Dataset\Pneumonia-Viral\Pneumonia-Viral (1036).jpg,Pneumonia-Viral,train
C:\Users\Admin\Desktop\dataset train\Dataset\COVID\COVID-19 (368).jpg,COVID,train
C:\Users\Admin\Desktop\dataset train\Dataset\Pneumonia-Viral\Pneumonia-Viral (1339).jpg,Pneumonia-Viral,train
C:\Users\Admin\Desktop\dataset train\Dataset\Pneumonia-Viral\Pneumonia-Viral (852).jpg,Pneumonia-Viral,train
C:\Users\Admin\Desktop\dataset train\Dataset\Pneumonia-Viral\Pneumonia-Viral (1062).jpg,Pneumonia-Viral,train
C:\Users\Admin\Desktop\dataset train\Dataset\Normal\Normal (1082).jpg,Normal,train
C:\Users\Admin\Desktop\dataset train\Dataset\Pneumonia-Bacterial\Pneumonia-Bacterial (640).jpg,Pneumonia-Bacterial,train
C:\Users\Admin\Desktop\dataset train\Dataset\Pneumonia-Bacterial\Pneumonia-Bacterial (449).jpg,Pneumonia-Bacterial,train
C:\Users\Admin\Desktop\dataset train\Dataset\Pneumonia-Viral\Pneumonia-Viral (1282).jpg,Pneumonia-Viral,train
C:\Users\Admin\Desktop\dataset train\Dataset\Pneumonia-Bacterial\Pneumonia-Bacterial (135).jpg,Pneumonia-Bacterial,train
C:\Users\Admin\Desktop\dataset train\Dataset\Pneumonia-Bacterial\Pneumonia-Bacterial (1116).jpg,Pneumonia-Bacterial,train
C:\Users\Admin\Desktop\dataset train\Dataset\Pneumonia-Bacterial\Pneumonia-Bacterial (876).jpg,Pneumonia-Bacterial,train
C:\Users\Admin\Desktop\dataset train\Dataset\Pneumonia-Bacterial\Pneumonia-Bacterial (1480).jpg,Pneumonia-Bacterial,train
C:\Users\Admin\Desktop\dataset train\Dataset\Pneumonia-Bacterial\Pneumonia-Bacterial (1823).jpg,Pneumonia-Bacterial,train
C:\Users\Admin\Desktop\dataset train\Dataset\Normal\Normal (2714).jpg,Normal,train
C:\Users\Admin\Desktop\dataset train\Dataset\Pneumonia-Bacterial\Pneumonia-Bacterial (1696).jpg,Pneumonia-Bacterial,train
C:\Users\Admin\Desktop\dataset train\Dataset\Pneumonia-Viral\Pneumonia-Viral (1493).jpg,Pneumonia-Viral,train
C:\Users\Admin\Desktop\dataset train\Dataset\Pneumonia-Bacterial\Pneumonia-Bacterial (2403).jpg,Pneumonia-Bacterial,train
C:\Users\Admin\Desktop\dataset train\Dataset\Pneumonia-Bacterial\Pneumonia-Bacterial (1486).jpg,Pneumonia-Bacterial,train
C:\Users\Admin\Desktop\dataset train\Dataset\COVID\COVID-19 (203).jpg,COVID,train
C:\Users\Admin\Desktop\dataset train\Dataset\COVID\COVID-19 (1019).jpg,COVID,train
C:\Users\Admin\Desktop\dataset train\Dataset\COVID\COVID-19 (276).jpg,COVID,train
C:\Users\Admin\Desktop\dataset train\Dataset\COVID\COVID-19 (1079).jpg,COVID,train
C:\Users\Admin\Desktop\dataset train\Dataset\Normal\Normal (801).jpg,Normal,train
C:\Users\Admin\Desktop\dataset train\Dataset\Normal\Normal (2949).jpg,Normal,train
C:\Users\Admin\Desktop\dataset train\Dataset\Normal\Normal (2307).jpg,Normal,train
C:\Users\Admin\Desktop\dataset train\Dataset\Normal\Normal (673).jpg,Normal,train
C:\Users\Admin\Desktop\dataset train\Dataset\Normal\Normal (2612).jpg,Normal,train
C:\Users\Admin\Desktop\dataset train\Dataset\Normal\Normal (92).jpg,Normal,train
C:\Users\Admin\Desktop\dataset train\Dataset\Pneumonia-Bacterial\Pneumonia-Bacterial (1867).jpg,Pneumonia-Bacterial,train
C:\Users\Admin\Desktop\dataset train\Dataset\Pneumonia-Bacterial\Pneumonia-Bacterial (1157).jpg,Pneumonia-Bacterial,train
C:\Users\Admin\Desktop\dataset train\Dataset\COVID\COVID-19 (131).jpg,COVID,train
C:\Users\Admin\Desktop\dataset train\Dataset\Pneumonia-Bacterial\Pneumonia-Bacterial (611).jpg,Pneumonia-Bacterial,train
C:\Users\Admin\Desktop\dataset train\Dataset\COVID\COVID-19 (1217).jpg,COVID,train
C:\Users\Admin\Desktop\dataset train\Dataset\Normal\Normal (289).jpg,Normal,train
C:\Users\Admin\Desktop\dataset train\Dataset\Pneumonia-Bacterial\Pneumonia-Bacterial (2359).jpg,Pneumonia-Bacterial,train
C:\Users\Admin\Desktop\dataset train\Dataset\Normal\Normal (1277).jpg,Normal,train
C:\Users\Admin\Desktop\dataset train\Dataset\Pneumonia-Bacterial\Pneumonia-Bacterial (1808).jpg,Pneumonia-Bacterial,train
C:\Users\Admin\Desktop\dataset train\Dataset\Pneumonia-Bacterial\Pneumonia-Bacterial (1284).jpg,Pneumonia-Bacterial,train
C:\Users\Admin\Desktop\dataset train\Dataset\Normal\Normal (462).jpg,Normal,train
C:\Users\Admin\Desktop\dataset train\Dataset\COVID\COVID-19 (871).jpg,COVID,train
C:\Users\Admin\Desktop\dataset train\Dataset\Normal\Normal (2131).jpg,Normal,train
C:\Users\Admin\Desktop\dataset train\Dataset\Pneumonia-Viral\Pneumonia-Viral (330).jpg,Pneumonia-Viral,train
C:\Users\Admin\Desktop\dataset train\Dataset\Pneumonia-Bacterial\Pneumonia-Bacterial (2380).jpg,Pneumonia-Bacterial,train
C:\Users\Admin\Desktop\dataset train\Dataset\Normal\Normal (1601).jpg,Normal,train
C:\Users\Admin\Desktop\dataset train\Dataset\COVID\COVID-19 (1078).jpg,COVID,train
C:\Users\Admin\Desktop\dataset train\Dataset\Normal\Normal (2282).jpg,Normal,train
C:\Users\Admin\Desktop\dataset train\Dataset\Normal\Normal (46).jpg,Normal,train
C:\Users\Admin\Desktop\dataset train\Dataset\Normal\Normal (1418).jpg,Normal,train
C:\Users\Admin\Desktop\dataset train\Dataset\COVID\COVID-19 (514).jpg,COVID,train
C:\Users\Admin\Desktop\dataset train\Dataset\COVID\COVID-19 (147).jpg,COVID,train
C:\Users\Admin\Desktop\dataset train\Dataset\Pneumonia-Viral\Pneumonia-Viral (998).jpg,Pneumonia-Viral,train
C:\Users\Admin\Desktop\dataset train\Dataset\Normal\Normal (2134).jpg,Normal,train
C:\Users\Admin\Desktop\dataset train\Dataset\COVID\COVID-19 (279).jpg,COVID,train
C:\Users\Admin\Desktop\dataset train\Dataset\Pneumonia-Viral\Pneumonia-Viral (1015).jpg,Pneumonia-Viral,train
C:\Users\Admin\Desktop\dataset train\Dataset\COVID\COVID-19 (1068).jpg,COVID,train
C:\Users\Admin\Desktop\dataset train\Dataset\Pneumonia-Bacterial\Pneumonia-Bacterial (2108).jpg,Pneumonia-Bacterial,train
C:\Users\Admin\Desktop\dataset train\Dataset\COVID\COVID-19 (1060).jpg,COVID,train
C:\Users\Admin\Desktop\dataset train\Dataset\Normal\Normal (1195).jpg,Normal,train
C:\Users\Admin\Desktop\dataset train\Dataset\Pneumonia-Bacterial\Pneumonia-Bacterial (1463).jpg,Pneumonia-Bacterial,train
C:\Users\Admin\Desktop\dataset train\Dataset\Pneumonia-Viral\Pneumonia-Viral (348).jpg,Pneumonia-Viral,train
C:\Users\Admin\Desktop\dataset train\Dataset\COVID\COVID-19 (929).jpg,COVID,train
C:\Users\Admin\Desktop\dataset train\Dataset\Pneumonia-Bacterial\Pneumonia-Bacterial (1838).jpg,Pneumonia-Bacterial,train
C:\Users\Admin\Desktop\dataset train\Dataset\Pneumonia-Viral\Pneumonia-Viral (1609).jpg,Pneumonia-Viral,train
C:\Users\Admin\Desktop\dataset train\Dataset\COVID\COVID-19 (968).jpg,COVID,train
C:\Users\Admin\Desktop\dataset train\Dataset\Pneumonia-Bacterial\Pneumonia-Bacterial (1297).jpg,Pneumonia-Bacterial,train
C:\Users\Admin\Desktop\dataset train\Dataset\Pneumonia-Viral\Pneumonia-Viral (853).jpg,Pneumonia-Viral,train
C:\Users\Admin\Desktop\dataset train\Dataset\COVID\COVID-19 (983).jpg,COVID,train
C:\Users\Admin\Desktop\dataset train\Dataset\Pneumonia-Bacterial\Pneumonia-Bacterial (1641).jpg,Pneumonia-Bacterial,train
C:\Users\Admin\Desktop\dataset train\Dataset\COVID\COVID-19 (740).jpg,COVID,train
C:\Users\Admin\Desktop\dataset train\Dataset\Normal\Normal (1505).jpg,Normal,train
C:\Users\Admin\Desktop\dataset train\Dataset\Pneumonia-Bacterial\Pneumonia-Bacterial (221).jpg,Pneumonia-Bacterial,train
C:\Users\Admin\Desktop\dataset train\Dataset\COVID\COVID-19 (624).jpg,COVID,train
C:\Users\Admin\Desktop\dataset train\Dataset\COVID\COVID-19 (7).jpg,COVID,train
C:\Users\Admin\Desktop\dataset train\Dataset\Normal\Normal (1513).jpg,Normal,train
C:\Users\Admin\Desktop\dataset train\Dataset\COVID\COVID-19 (1175).jpg,COVID,train
C:\Users\Admin\Desktop\dataset train\Dataset\Pneumonia-Bacterial\Pneumonia-Bacterial (2714).jpg,Pneumonia-Bacterial,train
C:\Users\Admin\Desktop\dataset train\Dataset\Normal\Normal (2277).jpg,Normal,train
C:\Users\Admin\Desktop\dataset train\Dataset\Normal\Normal (1638).jpg,Normal,train
C:\Users\Admin\Desktop\dataset train\Dataset\Pneumonia-Viral\Pneumonia-Viral (1179).jpg,Pneumonia-Viral,train
C:\Users\Admin\Desktop\dataset train\Dataset\COVID\COVID-19 (906).jpg,COVID,train
C:\Users\Admin\Desktop\dataset train\Dataset\COVID\COVID-19 (1092).jpg,COVID,train
C:\Users\Admin\Desktop\dataset train\Dataset\Pneumonia-Viral\Pneumonia-Viral (963).jpg,Pneumonia-Viral,train
C:\Users\Admin\Desktop\dataset train\Dataset\Normal\Normal (1853).jpg,Normal,train
C:\Users\Admin\Desktop\dataset train\Dataset\Normal\Normal (2746).jpg,Normal,train
C:\Users\Admin\Desktop\dataset train\Dataset\Normal\Normal (196).jpg,Normal,train
C:\Users\Admin\Desktop\dataset train\Dataset\Pneumonia-Viral\Pneumonia-Viral (3).jpg,Pneumonia-Viral,train
C:\Users\Admin\Desktop\dataset train\Dataset\Normal\Normal (228).jpg,Normal,train
C:\Users\Admin\Desktop\dataset train\Dataset\Normal\Normal (3).jpg,Normal,train
C:\Users\Admin\Desktop\dataset train\Dataset\Pneumonia-Viral\Pneumonia-Viral (1521).jpg,Pneumonia-Viral,train
C:\Users\Admin\Desktop\dataset train\Dataset\Pneumonia-Bacterial\Pneumonia-Bacterial (2870).jpg,Pneumonia-Bacterial,train
C:\Users\Admin\Desktop\dataset train\Dataset\COVID\COVID-19 (667).jpg,COVID,train
C:\Users\Admin\Desktop\dataset train\Dataset\Pneumonia-Bacterial\Pneumonia-Bacterial (890).jpg,Pneumonia-Bacterial,train
C:\Users\Admin\Desktop\dataset train\Dataset\Pneumonia-Viral\Pneumonia-Viral (552).jpg,Pneumonia-Viral,train
C:\Users\Admin\Desktop\dataset train\Dataset\Pneumonia-Viral\Pneumonia-Viral (679).jpg,Pneumonia-Viral,train
C:\Users\Admin\Desktop\dataset train\Dataset\Pneumonia-Bacterial\Pneumonia-Bacterial (2827).jpg,Pneumonia-Bacterial,train
C:\Users\Admin\Desktop\dataset train\Dataset\Pneumonia-Bacterial\Pneumonia-Bacterial (496).jpg,Pneumonia-Bacterial,train
C:\Users\Admin\Desktop\dataset train\Dataset\Normal\Normal (997).jpg,Normal,train
C:\Users\Admin\Desktop\dataset train\Dataset\Normal\Normal (814).jpg,Normal,train
C:\Users\Admin\Desktop\dataset train\Dataset\Normal\Normal (2855).jpg,Normal,train
C:\Users\Admin\Desktop\dataset train\Dataset\COVID\COVID-19 (321).jpg,COVID,train
C:\Users\Admin\Desktop\dataset train\Dataset\Pneumonia-Viral\Pneumonia-Viral (939).jpg,Pneumonia-Viral,train
C:\Users\Admin\Desktop\dataset train\Dataset\Pneumonia-Bacterial\Pneumonia-Bacterial (2487).jpg,Pneumonia-Bacterial,train
C:\Users\Admin\Desktop\dataset train\Dataset\Normal\Normal (603).jpg,Normal,train
C:\Users\Admin\Desktop\dataset train\Dataset\Pneumonia-Bacterial\Pneumonia-Bacterial (2035).jpg,Pneumonia-Bacterial,train
C:\Users\Admin\Desktop\dataset train\Dataset\Pneumonia-Viral\Pneumonia-Viral (1347).jpg,Pneumonia-Viral,train
C:\Users\Admin\Desktop\dataset train\Dataset\COVID\COVID-19 (878).jpg,COVID,train
C:\Users\Admin\Desktop\dataset train\Dataset\Pneumonia-Viral\Pneumonia-Viral (876).jpg,Pneumonia-Viral,train
C:\Users\Admin\Desktop\dataset train\Dataset\Pneumonia-Bacterial\Pneumonia-Bacterial (1307).jpg,Pneumonia-Bacterial,train
C:\Users\Admin\Desktop\dataset train\Dataset\Pneumonia-Bacterial\Pneumonia-Bacterial (2654).jpg,Pneumonia-Bacterial,train
C:\Users\Admin\Desktop\dataset train\Dataset\Pneumonia-Bacterial\Pneumonia-Bacterial (2442).jpg,Pneumonia-Bacterial,train
C:\Users\Admin\Desktop\dataset train\Dataset\Pneumonia-Viral\Pneumonia-Viral (480).jpg,Pneumonia-Viral,train
C:\Users\Admin\Desktop\dataset train\Dataset\Normal\Normal (3196).jpg,Normal,train
C:\Users\Admin\Desktop\dataset train\Dataset\Normal\Normal (1212).jpg,Normal,train
C:\Users\Admin\Desktop\dataset train\Dataset\COVID\COVID-19 (51).jpg,COVID,train
C:\Users\Admin\Desktop\dataset train\Dataset\Normal\Normal (3171).jpg,Normal,train
C:\Users\Admin\Desktop\dataset train\Dataset\Pneumonia-Viral\Pneumonia-Viral (243).jpg,Pneumonia-Viral,train
C:\Users\Admin\Desktop\dataset train\Dataset\Normal\Normal (341).jpg,Normal,train
C:\Users\Admin\Desktop\dataset train\Dataset\Normal\Normal (363).jpg,Normal,train
C:\Users\Admin\Desktop\dataset train\Dataset\Normal\Normal (138).jpg,Normal,train
C:\Users\Admin\Desktop\dataset train\Dataset\Pneumonia-Bacterial\Pneumonia-Bacterial (1103).jpg,Pneumonia-Bacterial,train
C:\Users\Admin\Desktop\dataset train\Dataset\Pneumonia-Bacterial\Pneumonia-Bacterial (2548).jpg,Pneumonia-Bacterial,train
C:\Users\Admin\Desktop\dataset train\Dataset\Pneumonia-Bacterial\Pneumonia-Bacterial (2821).jpg,Pneumonia-Bacterial,train
C:\Users\Admin\Desktop\dataset train\Dataset\Pneumonia-Bacterial\Pneumonia-Bacterial (830).jpg,Pneumonia-Bacterial,train
C:\Users\Admin\Desktop\dataset train\Dataset\Normal\Normal (1949).jpg,Normal,train
C:\Users\Admin\Desktop\dataset train\Dataset\Pneumonia-Viral\Pneumonia-Viral (1199).jpg,Pneumonia-Viral,train
C:\Users\Admin\Desktop\dataset train\Dataset\Pneumonia-Viral\Pneumonia-Viral (1075).jpg,Pneumonia-Viral,train
C:\Users\Admin\Desktop\dataset train\Dataset\Pneumonia-Bacterial\Pneumonia-Bacterial (803).jpg,Pneumonia-Bacterial,train
C:\Users\Admin\Desktop\dataset train\Dataset\Normal\Normal (1922).jpg,Normal,train
C:\Users\Admin\Desktop\dataset train\Dataset\Pneumonia-Bacterial\Pneumonia-Bacterial (2185).jpg,Pneumonia-Bacterial,train
C:\Users\Admin\Desktop\dataset train\Dataset\Normal\Normal (2670).jpg,Normal,train
C:\Users\Admin\Desktop\dataset train\Dataset\COVID\COVID-19 (987).jpg,COVID,train
C:\Users\Admin\Desktop\dataset train\Dataset\Pneumonia-Bacterial\Pneumonia-Bacterial (1729).jpg,Pneumonia-Bacterial,train
C:\Users\Admin\Desktop\dataset train\Dataset\Normal\Normal (2041).jpg,Normal,train
C:\Users\Admin\Desktop\dataset train\Dataset\COVID\COVID-19 (363).jpg,COVID,train
C:\Users\Admin\Desktop\dataset train\Dataset\Pneumonia-Bacterial\Pneumonia-Bacterial (2597).jpg,Pneumonia-Bacterial,train
C:\Users\Admin\Desktop\dataset train\Dataset\Pneumonia-Viral\Pneumonia-Viral (855).jpg,Pneumonia-Viral,train
C:\Users\Admin\Desktop\dataset train\Dataset\Normal\Normal (25).jpg,Normal,train
C:\Users\Admin\Desktop\dataset train\Dataset\Pneumonia-Bacterial\Pneumonia-Bacterial (2243).jpg,Pneumonia-Bacterial,train
C:\Users\Admin\Desktop\dataset train\Dataset\Pneumonia-Bacterial\Pneumonia-Bacterial (683).jpg,Pneumonia-Bacterial,train
C:\Users\Admin\Desktop\dataset train\Dataset\Normal\Normal (1731).jpg,Normal,train
C:\Users\Admin\Desktop\dataset train\Dataset\Pneumonia-Bacterial\Pneumonia-Bacterial (1428).jpg,Pneumonia-Bacterial,train
C:\Users\Admin\Desktop\dataset train\Dataset\Pneumonia-Bacterial\Pneumonia-Bacterial (2954).jpg,Pneumonia-Bacterial,train
C:\Users\Admin\Desktop\dataset train\Dataset\Pneumonia-Bacterial\Pneumonia-Bacterial (1206).jpg,Pneumonia-Bacterial,train
C:\Users\Admin\Desktop\dataset train\Dataset\Normal\Normal (2916).jpg,Normal,train
C:\Users\Admin\Desktop\dataset train\Dataset\Pneumonia-Bacterial\Pneumonia-Bacterial (2377).jpg,Pneumonia-Bacterial,train
C:\Users\Admin\Desktop\dataset train\Dataset\Pneumonia-Bacterial\Pneumonia-Bacterial (711).jpg,Pneumonia-Bacterial,train
C:\Users\Admin\Desktop\dataset train\Dataset\COVID\COVID-19 (981).jpg,COVID,train
C:\Users\Admin\Desktop\dataset train\Dataset\Pneumonia-Bacterial\Pneumonia-Bacterial (107).jpg,Pneumonia-Bacterial,train
C:\Users\Admin\Desktop\dataset train\Dataset\Normal\Normal (1396).jpg,Normal,train
C:\Users\Admin\Desktop\dataset train\Dataset\COVID\COVID-19 (804).jpg,COVID,train
C:\Users\Admin\Desktop\dataset train\Dataset\COVID\COVID-19 (481).jpg,COVID,train
C:\Users\Admin\Desktop\dataset train\Dataset\Normal\Normal (619).jpg,Normal,train
C:\Users\Admin\Desktop\dataset train\Dataset\Normal\Normal (1775).jpg,Normal,train
C:\Users\Admin\Desktop\dataset train\Dataset\Pneumonia-Bacterial\Pneumonia-Bacterial (2956).jpg,Pneumonia-Bacterial,train
C:\Users\Admin\Desktop\dataset train\Dataset\Pneumonia-Bacterial\Pneumonia-Bacterial (1282).jpg,Pneumonia-Bacterial,train
C:\Users\Admin\Desktop\dataset train\Dataset\COVID\COVID-19 (1117).jpg,COVID,train
C:\Users\Admin\Desktop\dataset train\Dataset\Pneumonia-Bacterial\Pneumonia-Bacterial (856).jpg,Pneumonia-Bacterial,train
C:\Users\Admin\Desktop\dataset train\Dataset\Pneumonia-Viral\Pneumonia-Viral (1287).jpg,Pneumonia-Viral,train
C:\Users\Admin\Desktop\dataset train\Dataset\Pneumonia-Bacterial\Pneumonia-Bacterial (2586).jpg,Pneumonia-Bacterial,train
C:\Users\Admin\Desktop\dataset train\Dataset\Pneumonia-Bacterial\Pneumonia-Bacterial (150).jpg,Pneumonia-Bacterial,train
C:\Users\Admin\Desktop\dataset train\Dataset\Pneumonia-Bacterial\Pneumonia-Bacterial (1631).jpg,Pneumonia-Bacterial,train
C:\Users\Admin\Desktop\dataset train\Dataset\Pneumonia-Bacterial\Pneumonia-Bacterial (172).jpg,Pneumonia-Bacterial,train
C:\Users\Admin\Desktop\dataset train\Dataset\Pneumonia-Viral\Pneumonia-Viral (352).jpg,Pneumonia-Viral,train
C:\Users\Admin\Desktop\dataset train\Dataset\Normal\Normal (1085).jpg,Normal,train
C:\Users\Admin\Desktop\dataset train\Dataset\Normal\Normal (486).jpg,Normal,train
C:\Users\Admin\Desktop\dataset train\Dataset\Normal\Normal (679).jpg,Normal,train
C:\Users\Admin\Desktop\dataset train\Dataset\Pneumonia-Bacterial\Pneumonia-Bacterial (2496).jpg,Pneumonia-Bacterial,train
C:\Users\Admin\Desktop\dataset train\Dataset\Normal\Normal (3062).jpg,Normal,train
C:\Users\Admin\Desktop\dataset train\Dataset\Pneumonia-Bacterial\Pneumonia-Bacterial (1023).jpg,Pneumonia-Bacterial,train
C:\Users\Admin\Desktop\dataset train\Dataset\COVID\COVID-19 (913).jpg,COVID,train
C:\Users\Admin\Desktop\dataset train\Dataset\COVID\COVID-19 (243).jpg,COVID,train
C:\Users\Admin\Desktop\dataset train\Dataset\COVID\COVID-19 (1147).jpg,COVID,train
C:\Users\Admin\Desktop\dataset train\Dataset\Pneumonia-Bacterial\Pneumonia-Bacterial (1355).jpg,Pneumonia-Bacterial,train
C:\Users\Admin\Desktop\dataset train\Dataset\Pneumonia-Viral\Pneumonia-Viral (948).jpg,Pneumonia-Viral,train
C:\Users\Admin\Desktop\dataset train\Dataset\Normal\Normal (847).jpg,Normal,train
C:\Users\Admin\Desktop\dataset train\Dataset\Normal\Normal (1146).jpg,Normal,train
C:\Users\Admin\Desktop\dataset train\Dataset\Pneumonia-Bacterial\Pneumonia-Bacterial (2900).jpg,Pneumonia-Bacterial,train
C:\Users\Admin\Desktop\dataset train\Dataset\Pneumonia-Bacterial\Pneumonia-Bacterial (1611).jpg,Pneumonia-Bacterial,train
C:\Users\Admin\Desktop\dataset train\Dataset\Pneumonia-Bacterial\Pneumonia-Bacterial (65).jpg,Pneumonia-Bacterial,train
C:\Users\Admin\Desktop\dataset train\Dataset\Normal\Normal (2844).jpg,Normal,train
C:\Users\Admin\Desktop\dataset train\Dataset\COVID\COVID-19 (692).jpg,COVID,train
C:\Users\Admin\Desktop\dataset train\Dataset\Pneumonia-Bacterial\Pneumonia-Bacterial (2684).jpg,Pneumonia-Bacterial,train
C:\Users\Admin\Desktop\dataset train\Dataset\Pneumonia-Viral\Pneumonia-Viral (1221).jpg,Pneumonia-Viral,train
C:\Users\Admin\Desktop\dataset train\Dataset\Pneumonia-Bacterial\Pneumonia-Bacterial (2893).jpg,Pneumonia-Bacterial,train
C:\Users\Admin\Desktop\dataset train\Dataset\COVID\COVID-19 (68).jpg,COVID,train
C:\Users\Admin\Desktop\dataset train\Dataset\Pneumonia-Bacterial\Pneumonia-Bacterial (2473).jpg,Pneumonia-Bacterial,train
C:\Users\Admin\Desktop\dataset train\Dataset\COVID\COVID-19 (805).jpg,COVID,train
C:\Users\Admin\Desktop\dataset train\Dataset\COVID\COVID-19 (306).jpg,COVID,train
C:\Users\Admin\Desktop\dataset train\Dataset\COVID\COVID-19 (356).jpg,COVID,train
C:\Users\Admin\Desktop\dataset train\Dataset\Pneumonia-Bacterial\Pneumonia-Bacterial (2959).jpg,Pneumonia-Bacterial,train
C:\Users\Admin\Desktop\dataset train\Dataset\Pneumonia-Bacterial\Pneumonia-Bacterial (13).jpg,Pneumonia-Bacterial,train
C:\Users\Admin\Desktop\dataset train\Dataset\Pneumonia-Bacterial\Pneumonia-Bacterial (1111).jpg,Pneumonia-Bacterial,train
C:\Users\Admin\Desktop\dataset train\Dataset\Normal\Normal (2735).jpg,Normal,train
C:\Users\Admin\Desktop\dataset train\Dataset\Normal\Normal (121).jpg,Normal,train
C:\Users\Admin\Desktop\dataset train\Dataset\Pneumonia-Bacterial\Pneumonia-Bacterial (2664).jpg,Pneumonia-Bacterial,train
C:\Users\Admin\Desktop\dataset train\Dataset\Pneumonia-Viral\Pneumonia-Viral (1209).jpg,Pneumonia-Viral,train
C:\Users\Admin\Desktop\dataset train\Dataset\Normal\Normal (2218).jpg,Normal,train
C:\Users\Admin\Desktop\dataset train\Dataset\COVID\COVID-19 (339).jpg,COVID,train
C:\Users\Admin\Desktop\dataset train\Dataset\Normal\Normal (1679).jpg,Normal,train
C:\Users\Admin\Desktop\dataset train\Dataset\Pneumonia-Viral\Pneumonia-Viral (644).jpg,Pneumonia-Viral,train
C:\Users\Admin\Desktop\dataset train\Dataset\Pneumonia-Bacterial\Pneumonia-Bacterial (2674).jpg,Pneumonia-Bacterial,train
C:\Users\Admin\Desktop\dataset train\Dataset\Pneumonia-Viral\Pneumonia-Viral (549).jpg,Pneumonia-Viral,train
C:\Users\Admin\Desktop\dataset train\Dataset\Pneumonia-Bacterial\Pneumonia-Bacterial (753).jpg,Pneumonia-Bacterial,train
C:\Users\Admin\Desktop\dataset train\Dataset\Pneumonia-Bacterial\Pneumonia-Bacterial (2136).jpg,Pneumonia-Bacterial,train
C:\Users\Admin\Desktop\dataset train\Dataset\Normal\Normal (1343).jpg,Normal,train
C:\Users\Admin\Desktop\dataset train\Dataset\Pneumonia-Bacterial\Pneumonia-Bacterial (1369).jpg,Pneumonia-Bacterial,train
C:\Users\Admin\Desktop\dataset train\Dataset\Pneumonia-Viral\Pneumonia-Viral (443).jpg,Pneumonia-Viral,train
C:\Users\Admin\Desktop\dataset train\Dataset\COVID\COVID-19 (160).jpg,COVID,train
C:\Users\Admin\Desktop\dataset train\Dataset\Normal\Normal (2910).jpg,Normal,train
C:\Users\Admin\Desktop\dataset train\Dataset\Normal\Normal (420).jpg,Normal,train
C:\Users\Admin\Desktop\dataset train\Dataset\Pneumonia-Bacterial\Pneumonia-Bacterial (2661).jpg,Pneumonia-Bacterial,train
C:\Users\Admin\Desktop\dataset train\Dataset\Pneumonia-Viral\Pneumonia-Viral (1016).jpg,Pneumonia-Viral,train
C:\Users\Admin\Desktop\dataset train\Dataset\Normal\Normal (2784).jpg,Normal,train
C:\Users\Admin\Desktop\dataset train\Dataset\Normal\Normal (2409).jpg,Normal,train
C:\Users\Admin\Desktop\dataset train\Dataset\Normal\Normal (1296).jpg,Normal,train
C:\Users\Admin\Desktop\dataset train\Dataset\Pneumonia-Bacterial\Pneumonia-Bacterial (1605).jpg,Pneumonia-Bacterial,train
C:\Users\Admin\Desktop\dataset train\Dataset\Pneumonia-Viral\Pneumonia-Viral (669).jpg,Pneumonia-Viral,train
C:\Users\Admin\Desktop\dataset train\Dataset\Pneumonia-Bacterial\Pneumonia-Bacterial (732).jpg,Pneumonia-Bacterial,train
C:\Users\Admin\Desktop\dataset train\Dataset\Normal\Normal (3015).jpg,Normal,train
C:\Users\Admin\Desktop\dataset train\Dataset\Normal\Normal (855).jpg,Normal,train
C:\Users\Admin\Desktop\dataset train\Dataset\Pneumonia-Viral\Pneumonia-Viral (1183).jpg,Pneumonia-Viral,train
C:\Users\Admin\Desktop\dataset train\Dataset\Pneumonia-Bacterial\Pneumonia-Bacterial (2494).jpg,Pneumonia-Bacterial,train
C:\Users\Admin\Desktop\dataset train\Dataset\Pneumonia-Bacterial\Pneumonia-Bacterial (2216).jpg,Pneumonia-Bacterial,train
C:\Users\Admin\Desktop\dataset train\Dataset\Pneumonia-Viral\Pneumonia-Viral (222).jpg,Pneumonia-Viral,train
C:\Users\Admin\Desktop\dataset train\Dataset\COVID\COVID-19 (291).jpg,COVID,train
C:\Users\Admin\Desktop\dataset train\Dataset\Pneumonia-Bacterial\Pneumonia-Bacterial (1221).jpg,Pneumonia-Bacterial,train
C:\Users\Admin\Desktop\dataset train\Dataset\Pneumonia-Bacterial\Pneumonia-Bacterial (2344).jpg,Pneumonia-Bacterial,train
C:\Users\Admin\Desktop\dataset train\Dataset\Normal\Normal (2967).jpg,Normal,train
C:\Users\Admin\Desktop\dataset train\Dataset\Normal\Normal (1282).jpg,Normal,train
C:\Users\Admin\Desktop\dataset train\Dataset\Normal\Normal (2901).jpg,Normal,train
C:\Users\Admin\Desktop\dataset train\Dataset\Pneumonia-Bacterial\Pneumonia-Bacterial (1716).jpg,Pneumonia-Bacterial,train
C:\Users\Admin\Desktop\dataset train\Dataset\Normal\Normal (408).jpg,Normal,train
C:\Users\Admin\Desktop\dataset train\Dataset\Normal\Normal (1644).jpg,Normal,train
C:\Users\Admin\Desktop\dataset train\Dataset\Normal\Normal (3231).jpg,Normal,train
C:\Users\Admin\Desktop\dataset train\Dataset\Normal\Normal (607).jpg,Normal,train
C:\Users\Admin\Desktop\dataset train\Dataset\Normal\Normal (2739).jpg,Normal,train
C:\Users\Admin\Desktop\dataset train\Dataset\Pneumonia-Bacterial\Pneumonia-Bacterial (294).jpg,Pneumonia-Bacterial,train
C:\Users\Admin\Desktop\dataset train\Dataset\Normal\Normal (1514).jpg,Normal,train
C:\Users\Admin\Desktop\dataset train\Dataset\Pneumonia-Viral\Pneumonia-Viral (1275).jpg,Pneumonia-Viral,train
C:\Users\Admin\Desktop\dataset train\Dataset\Normal\Normal (2600).jpg,Normal,train
C:\Users\Admin\Desktop\dataset train\Dataset\Pneumonia-Bacterial\Pneumonia-Bacterial (2958).jpg,Pneumonia-Bacterial,train
C:\Users\Admin\Desktop\dataset train\Dataset\Normal\Normal (1380).jpg,Normal,train
C:\Users\Admin\Desktop\dataset train\Dataset\Pneumonia-Bacterial\Pneumonia-Bacterial (1558).jpg,Pneumonia-Bacterial,train
C:\Users\Admin\Desktop\dataset train\Dataset\Pneumonia-Bacterial\Pneumonia-Bacterial (1).jpg,Pneumonia-Bacterial,train
C:\Users\Admin\Desktop\dataset train\Dataset\Pneumonia-Bacterial\Pneumonia-Bacterial (2154).jpg,Pneumonia-Bacterial,train
C:\Users\Admin\Desktop\dataset train\Dataset\Normal\Normal (2870).jpg,Normal,train
C:\Users\Admin\Desktop\dataset train\Dataset\Pneumonia-Bacterial\Pneumonia-Bacterial (2789).jpg,Pneumonia-Bacterial,train
C:\Users\Admin\Desktop\dataset train\Dataset\Normal\Normal (1480).jpg,Normal,train
C:\Users\Admin\Desktop\dataset train\Dataset\Pneumonia-Bacterial\Pneumonia-Bacterial (1465).jpg,Pneumonia-Bacterial,train
C:\Users\Admin\Desktop\dataset train\Dataset\Pneumonia-Bacterial\Pneumonia-Bacterial (2564).jpg,Pneumonia-Bacterial,train
C:\Users\Admin\Desktop\dataset train\Dataset\Normal\Normal (873).jpg,Normal,train
C:\Users\Admin\Desktop\dataset train\Dataset\Pneumonia-Bacterial\Pneumonia-Bacterial (37).jpg,Pneumonia-Bacterial,train
C:\Users\Admin\Desktop\dataset train\Dataset\Normal\Normal (226).jpg,Normal,train
C:\Users\Admin\Desktop\dataset train\Dataset\Pneumonia-Bacterial\Pneumonia-Bacterial (939).jpg,Pneumonia-Bacterial,train
C:\Users\Admin\Desktop\dataset train\Dataset\Pneumonia-Bacterial\Pneumonia-Bacterial (997).jpg,Pneumonia-Bacterial,train
C:\Users\Admin\Desktop\dataset train\Dataset\Pneumonia-Bacterial\Pneumonia-Bacterial (1001).jpg,Pneumonia-Bacterial,train
C:\Users\Admin\Desktop\dataset train\Dataset\Pneumonia-Viral\Pneumonia-Viral (339).jpg,Pneumonia-Viral,train
C:\Users\Admin\Desktop\dataset train\Dataset\Normal\Normal (1832).jpg,Normal,train
C:\Users\Admin\Desktop\dataset train\Dataset\Pneumonia-Viral\Pneumonia-Viral (934).jpg,Pneumonia-Viral,train
C:\Users\Admin\Desktop\dataset train\Dataset\Pneumonia-Bacterial\Pneumonia-Bacterial (1043).jpg,Pneumonia-Bacterial,train
C:\Users\Admin\Desktop\dataset train\Dataset\Pneumonia-Viral\Pneumonia-Viral (1636).jpg,Pneumonia-Viral,train
C:\Users\Admin\Desktop\dataset train\Dataset\Pneumonia-Bacterial\Pneumonia-Bacterial (1169).jpg,Pneumonia-Bacterial,train
C:\Users\Admin\Desktop\dataset train\Dataset\Pneumonia-Bacterial\Pneumonia-Bacterial (2306).jpg,Pneumonia-Bacterial,train
C:\Users\Admin\Desktop\dataset train\Dataset\Normal\Normal (1139).jpg,Normal,train
C:\Users\Admin\Desktop\dataset train\Dataset\Normal\Normal (3001).jpg,Normal,train
C:\Users\Admin\Desktop\dataset train\Dataset\Pneumonia-Bacterial\Pneumonia-Bacterial (311).jpg,Pneumonia-Bacterial,train
C:\Users\Admin\Desktop\dataset train\Dataset\Pneumonia-Bacterial\Pneumonia-Bacterial (1689).jpg,Pneumonia-Bacterial,train
C:\Users\Admin\Desktop\dataset train\Dataset\Pneumonia-Bacterial\Pneumonia-Bacterial (2176).jpg,Pneumonia-Bacterial,train
C:\Users\Admin\Desktop\dataset train\Dataset\Pneumonia-Bacterial\Pneumonia-Bacterial (1136).jpg,Pneumonia-Bacterial,train
C:\Users\Admin\Desktop\dataset train\Dataset\Pneumonia-Bacterial\Pneumonia-Bacterial (739).jpg,Pneumonia-Bacterial,train
C:\Users\Admin\Desktop\dataset train\Dataset\Normal\Normal (3049).jpg,Normal,train
C:\Users\Admin\Desktop\dataset train\Dataset\Pneumonia-Bacterial\Pneumonia-Bacterial (960).jpg,Pneumonia-Bacterial,train
C:\Users\Admin\Desktop\dataset train\Dataset\Normal\Normal (2502).jpg,Normal,train
C:\Users\Admin\Desktop\dataset train\Dataset\COVID\COVID-19 (973).jpg,COVID,train
C:\Users\Admin\Desktop\dataset train\Dataset\Pneumonia-Bacterial\Pneumonia-Bacterial (266).jpg,Pneumonia-Bacterial,train
C:\Users\Admin\Desktop\dataset train\Dataset\Pneumonia-Bacterial\Pneumonia-Bacterial (1905).jpg,Pneumonia-Bacterial,train
C:\Users\Admin\Desktop\dataset train\Dataset\Pneumonia-Bacterial\Pneumonia-Bacterial (459).jpg,Pneumonia-Bacterial,train
C:\Users\Admin\Desktop\dataset train\Dataset\Normal\Normal (1555).jpg,Normal,train
C:\Users\Admin\Desktop\dataset train\Dataset\Normal\Normal (2763).jpg,Normal,train
C:\Users\Admin\Desktop\dataset train\Dataset\Normal\Normal (3122).jpg,Normal,train
C:\Users\Admin\Desktop\dataset train\Dataset\Pneumonia-Viral\Pneumonia-Viral (1602).jpg,Pneumonia-Viral,train
C:\Users\Admin\Desktop\dataset train\Dataset\Normal\Normal (599).jpg,Normal,train
C:\Users\Admin\Desktop\dataset train\Dataset\Pneumonia-Bacterial\Pneumonia-Bacterial (2851).jpg,Pneumonia-Bacterial,train
C:\Users\Admin\Desktop\dataset train\Dataset\Normal\Normal (2404).jpg,Normal,train
C:\Users\Admin\Desktop\dataset train\Dataset\COVID\COVID-19 (537).jpg,COVID,train
C:\Users\Admin\Desktop\dataset train\Dataset\Pneumonia-Viral\Pneumonia-Viral (945).jpg,Pneumonia-Viral,train
C:\Users\Admin\Desktop\dataset train\Dataset\COVID\COVID-19 (253).jpg,COVID,train
C:\Users\Admin\Desktop\dataset train\Dataset\Normal\Normal (580).jpg,Normal,train
C:\Users\Admin\Desktop\dataset train\Dataset\Pneumonia-Viral\Pneumonia-Viral (324).jpg,Pneumonia-Viral,train
C:\Users\Admin\Desktop\dataset train\Dataset\Pneumonia-Bacterial\Pneumonia-Bacterial (1098).jpg,Pneumonia-Bacterial,train
C:\Users\Admin\Desktop\dataset train\Dataset\Normal\Normal (2974).jpg,Normal,train
C:\Users\Admin\Desktop\dataset train\Dataset\Normal\Normal (2235).jpg,Normal,train
C:\Users\Admin\Desktop\dataset train\Dataset\COVID\COVID-19 (33).jpg,COVID,train
C:\Users\Admin\Desktop\dataset train\Dataset\Normal\Normal (2833).jpg,Normal,train
C:\Users\Admin\Desktop\dataset train\Dataset\Pneumonia-Bacterial\Pneumonia-Bacterial (1075).jpg,Pneumonia-Bacterial,train
C:\Users\Admin\Desktop\dataset train\Dataset\Pneumonia-Bacterial\Pneumonia-Bacterial (1947).jpg,Pneumonia-Bacterial,train
C:\Users\Admin\Desktop\dataset train\Dataset\Pneumonia-Viral\Pneumonia-Viral (432).jpg,Pneumonia-Viral,train
C:\Users\Admin\Desktop\dataset train\Dataset\Pneumonia-Bacterial\Pneumonia-Bacterial (1803).jpg,Pneumonia-Bacterial,train
C:\Users\Admin\Desktop\dataset train\Dataset\COVID\COVID-19 (835).jpg,COVID,train
C:\Users\Admin\Desktop\dataset train\Dataset\Pneumonia-Bacterial\Pneumonia-Bacterial (2535).jpg,Pneumonia-Bacterial,train
C:\Users\Admin\Desktop\dataset train\Dataset\Normal\Normal (2887).jpg,Normal,train
C:\Users\Admin\Desktop\dataset train\Dataset\Pneumonia-Bacterial\Pneumonia-Bacterial (1488).jpg,Pneumonia-Bacterial,train
C:\Users\Admin\Desktop\dataset train\Dataset\COVID\COVID-19 (34).jpg,COVID,train
C:\Users\Admin\Desktop\dataset train\Dataset\Pneumonia-Bacterial\Pneumonia-Bacterial (2576).jpg,Pneumonia-Bacterial,train
C:\Users\Admin\Desktop\dataset train\Dataset\Normal\Normal (23).jpg,Normal,train
C:\Users\Admin\Desktop\dataset train\Dataset\Normal\Normal (2608).jpg,Normal,train
C:\Users\Admin\Desktop\dataset train\Dataset\Pneumonia-Bacterial\Pneumonia-Bacterial (2053).jpg,Pneumonia-Bacterial,train
C:\Users\Admin\Desktop\dataset train\Dataset\Normal\Normal (1488).jpg,Normal,train
C:\Users\Admin\Desktop\dataset train\Dataset\Pneumonia-Bacterial\Pneumonia-Bacterial (1517).jpg,Pneumonia-Bacterial,train
C:\Users\Admin\Desktop\dataset train\Dataset\Normal\Normal (2775).jpg,Normal,train
C:\Users\Admin\Desktop\dataset train\Dataset\Normal\Normal (1747).jpg,Normal,train
C:\Users\Admin\Desktop\dataset train\Dataset\Pneumonia-Bacterial\Pneumonia-Bacterial (928).jpg,Pneumonia-Bacterial,train
C:\Users\Admin\Desktop\dataset train\Dataset\Pneumonia-Viral\Pneumonia-Viral (217).jpg,Pneumonia-Viral,train
C:\Users\Admin\Desktop\dataset train\Dataset\Pneumonia-Viral\Pneumonia-Viral (1066).jpg,Pneumonia-Viral,train
C:\Users\Admin\Desktop\dataset train\Dataset\Pneumonia-Viral\Pneumonia-Viral (1357).jpg,Pneumonia-Viral,train
C:\Users\Admin\Desktop\dataset train\Dataset\Normal\Normal (2004).jpg,Normal,train
C:\Users\Admin\Desktop\dataset train\Dataset\Normal\Normal (687).jpg,Normal,train
C:\Users\Admin\Desktop\dataset train\Dataset\Pneumonia-Bacterial\Pneumonia-Bacterial (183).jpg,Pneumonia-Bacterial,train
C:\Users\Admin\Desktop\dataset train\Dataset\Pneumonia-Bacterial\Pneumonia-Bacterial (1602).jpg,Pneumonia-Bacterial,train
C:\Users\Admin\Desktop\dataset train\Dataset\Normal\Normal (734).jpg,Normal,train
C:\Users\Admin\Desktop\dataset train\Dataset\Normal\Normal (1867).jpg,Normal,train
C:\Users\Admin\Desktop\dataset train\Dataset\Pneumonia-Bacterial\Pneumonia-Bacterial (2497).jpg,Pneumonia-Bacterial,train
C:\Users\Admin\Desktop\dataset train\Dataset\Normal\Normal (1715).jpg,Normal,train
C:\Users\Admin\Desktop\dataset train\Dataset\Normal\Normal (2243).jpg,Normal,train
C:\Users\Admin\Desktop\dataset train\Dataset\Normal\Normal (288).jpg,Normal,train
C:\Users\Admin\Desktop\dataset train\Dataset\COVID\COVID-19 (896).jpg,COVID,train
C:\Users\Admin\Desktop\dataset train\Dataset\Normal\Normal (1221).jpg,Normal,train
C:\Users\Admin\Desktop\dataset train\Dataset\Pneumonia-Viral\Pneumonia-Viral (1056).jpg,Pneumonia-Viral,train
C:\Users\Admin\Desktop\dataset train\Dataset\Normal\Normal (890).jpg,Normal,train
C:\Users\Admin\Desktop\dataset train\Dataset\Pneumonia-Bacterial\Pneumonia-Bacterial (1847).jpg,Pneumonia-Bacterial,train
C:\Users\Admin\Desktop\dataset train\Dataset\Pneumonia-Bacterial\Pneumonia-Bacterial (2316).jpg,Pneumonia-Bacterial,train
C:\Users\Admin\Desktop\dataset train\Dataset\Pneumonia-Viral\Pneumonia-Viral (1396).jpg,Pneumonia-Viral,train
C:\Users\Admin\Desktop\dataset train\Dataset\Pneumonia-Viral\Pneumonia-Viral (1489).jpg,Pneumonia-Viral,train
C:\Users\Admin\Desktop\dataset train\Dataset\Normal\Normal (2213).jpg,Normal,train
C:\Users\Admin\Desktop\dataset train\Dataset\Normal\Normal (898).jpg,Normal,train
C:\Users\Admin\Desktop\dataset train\Dataset\Pneumonia-Bacterial\Pneumonia-Bacterial (1402).jpg,Pneumonia-Bacterial,train
C:\Users\Admin\Desktop\dataset train\Dataset\Pneumonia-Bacterial\Pneumonia-Bacterial (1404).jpg,Pneumonia-Bacterial,train
C:\Users\Admin\Desktop\dataset train\Dataset\Pneumonia-Bacterial\Pneumonia-Bacterial (75).jpg,Pneumonia-Bacterial,train
C:\Users\Admin\Desktop\dataset train\Dataset\COVID\COVID-19 (1230).jpg,COVID,train
C:\Users\Admin\Desktop\dataset train\Dataset\Normal\Normal (2804).jpg,Normal,train
C:\Users\Admin\Desktop\dataset train\Dataset\Normal\Normal (2920).jpg,Normal,train
C:\Users\Admin\Desktop\dataset train\Dataset\COVID\COVID-19 (102).jpg,COVID,train
C:\Users\Admin\Desktop\dataset train\Dataset\Pneumonia-Viral\Pneumonia-Viral (1560).jpg,Pneumonia-Viral,train
C:\Users\Admin\Desktop\dataset train\Dataset\Pneumonia-Bacterial\Pneumonia-Bacterial (2432).jpg,Pneumonia-Bacterial,train
C:\Users\Admin\Desktop\dataset train\Dataset\Pneumonia-Viral\Pneumonia-Viral (687).jpg,Pneumonia-Viral,train
C:\Users\Admin\Desktop\dataset train\Dataset\Normal\Normal (809).jpg,Normal,train
C:\Users\Admin\Desktop\dataset train\Dataset\Normal\Normal (1598).jpg,Normal,train
C:\Users\Admin\Desktop\dataset train\Dataset\Pneumonia-Viral\Pneumonia-Viral (1219).jpg,Pneumonia-Viral,train
C:\Users\Admin\Desktop\dataset train\Dataset\Normal\Normal (1519).jpg,Normal,train
C:\Users\Admin\Desktop\dataset train\Dataset\COVID\COVID-19 (1154).jpg,COVID,train
C:\Users\Admin\Desktop\dataset train\Dataset\Pneumonia-Bacterial\Pneumonia-Bacterial (465).jpg,Pneumonia-Bacterial,train
C:\Users\Admin\Desktop\dataset train\Dataset\COVID\COVID-19 (727).jpg,COVID,train
C:\Users\Admin\Desktop\dataset train\Dataset\Normal\Normal (736).jpg,Normal,train
C:\Users\Admin\Desktop\dataset train\Dataset\Normal\Normal (2180).jpg,Normal,train
C:\Users\Admin\Desktop\dataset train\Dataset\Normal\Normal (1936).jpg,Normal,train
C:\Users\Admin\Desktop\dataset train\Dataset\Pneumonia-Bacterial\Pneumonia-Bacterial (461).jpg,Pneumonia-Bacterial,train
C:\Users\Admin\Desktop\dataset train\Dataset\Pneumonia-Bacterial\Pneumonia-Bacterial (2541).jpg,Pneumonia-Bacterial,train
C:\Users\Admin\Desktop\dataset train\Dataset\Normal\Normal (2242).jpg,Normal,train
C:\Users\Admin\Desktop\dataset train\Dataset\Pneumonia-Bacterial\Pneumonia-Bacterial (2475).jpg,Pneumonia-Bacterial,train
C:\Users\Admin\Desktop\dataset train\Dataset\Normal\Normal (2250).jpg,Normal,train
C:\Users\Admin\Desktop\dataset train\Dataset\Normal\Normal (564).jpg,Normal,train
C:\Users\Admin\Desktop\dataset train\Dataset\Normal\Normal (2178).jpg,Normal,train
C:\Users\Admin\Desktop\dataset train\Dataset\COVID\COVID-19 (1036).jpg,COVID,train
C:\Users\Admin\Desktop\dataset train\Dataset\Normal\Normal (2201).jpg,Normal,train
C:\Users\Admin\Desktop\dataset train\Dataset\Normal\Normal (387).jpg,Normal,train
C:\Users\Admin\Desktop\dataset train\Dataset\Pneumonia-Viral\Pneumonia-Viral (1410).jpg,Pneumonia-Viral,train
C:\Users\Admin\Desktop\dataset train\Dataset\Pneumonia-Bacterial\Pneumonia-Bacterial (10).jpg,Pneumonia-Bacterial,train
C:\Users\Admin\Desktop\dataset train\Dataset\Pneumonia-Bacterial\Pneumonia-Bacterial (592).jpg,Pneumonia-Bacterial,train
C:\Users\Admin\Desktop\dataset train\Dataset\Normal\Normal (1659).jpg,Normal,train
C:\Users\Admin\Desktop\dataset train\Dataset\COVID\COVID-19 (56).jpg,COVID,train
C:\Users\Admin\Desktop\dataset train\Dataset\Pneumonia-Viral\Pneumonia-Viral (513).jpg,Pneumonia-Viral,train
C:\Users\Admin\Desktop\dataset train\Dataset\Pneumonia-Bacterial\Pneumonia-Bacterial (2195).jpg,Pneumonia-Bacterial,train
C:\Users\Admin\Desktop\dataset train\Dataset\Normal\Normal (1908).jpg,Normal,train
C:\Users\Admin\Desktop\dataset train\Dataset\Pneumonia-Bacterial\Pneumonia-Bacterial (589).jpg,Pneumonia-Bacterial,train
C:\Users\Admin\Desktop\dataset train\Dataset\COVID\COVID-19 (568).jpg,COVID,train
C:\Users\Admin\Desktop\dataset train\Dataset\Normal\Normal (1553).jpg,Normal,train
C:\Users\Admin\Desktop\dataset train\Dataset\Pneumonia-Bacterial\Pneumonia-Bacterial (641).jpg,Pneumonia-Bacterial,train
C:\Users\Admin\Desktop\dataset train\Dataset\Pneumonia-Bacterial\Pneumonia-Bacterial (2408).jpg,Pneumonia-Bacterial,train
C:\Users\Admin\Desktop\dataset train\Dataset\Normal\Normal (595).jpg,Normal,train
C:\Users\Admin\Desktop\dataset train\Dataset\Normal\Normal (2656).jpg,Normal,train
C:\Users\Admin\Desktop\dataset train\Dataset\COVID\COVID-19 (1278).jpg,COVID,train
C:\Users\Admin\Desktop\dataset train\Dataset\Pneumonia-Viral\Pneumonia-Viral (40).jpg,Pneumonia-Viral,train
C:\Users\Admin\Desktop\dataset train\Dataset\Normal\Normal (524).jpg,Normal,train
C:\Users\Admin\Desktop\dataset train\Dataset\Pneumonia-Bacterial\Pneumonia-Bacterial (633).jpg,Pneumonia-Bacterial,train
C:\Users\Admin\Desktop\dataset train\Dataset\Normal\Normal (842).jpg,Normal,train
C:\Users\Admin\Desktop\dataset train\Dataset\Pneumonia-Viral\Pneumonia-Viral (72).jpg,Pneumonia-Viral,train
C:\Users\Admin\Desktop\dataset train\Dataset\COVID\COVID-19 (66).jpg,COVID,train
C:\Users\Admin\Desktop\dataset train\Dataset\Pneumonia-Viral\Pneumonia-Viral (894).jpg,Pneumonia-Viral,train
C:\Users\Admin\Desktop\dataset train\Dataset\Pneumonia-Bacterial\Pneumonia-Bacterial (1577).jpg,Pneumonia-Bacterial,train
C:\Users\Admin\Desktop\dataset train\Dataset\Normal\Normal (2147).jpg,Normal,train
C:\Users\Admin\Desktop\dataset train\Dataset\Normal\Normal (2695).jpg,Normal,train
C:\Users\Admin\Desktop\dataset train\Dataset\Pneumonia-Bacterial\Pneumonia-Bacterial (817).jpg,Pneumonia-Bacterial,train
C:\Users\Admin\Desktop\dataset train\Dataset\Pneumonia-Bacterial\Pneumonia-Bacterial (53).jpg,Pneumonia-Bacterial,train
C:\Users\Admin\Desktop\dataset train\Dataset\Normal\Normal (1135).jpg,Normal,train
C:\Users\Admin\Desktop\dataset train\Dataset\COVID\COVID-19 (698).jpg,COVID,train
C:\Users\Admin\Desktop\dataset train\Dataset\Normal\Normal (302).jpg,Normal,train
C:\Users\Admin\Desktop\dataset train\Dataset\Pneumonia-Bacterial\Pneumonia-Bacterial (2761).jpg,Pneumonia-Bacterial,train
C:\Users\Admin\Desktop\dataset train\Dataset\Normal\Normal (1848).jpg,Normal,train
C:\Users\Admin\Desktop\dataset train\Dataset\Normal\Normal (2955).jpg,Normal,train
C:\Users\Admin\Desktop\dataset train\Dataset\Pneumonia-Bacterial\Pneumonia-Bacterial (519).jpg,Pneumonia-Bacterial,train
C:\Users\Admin\Desktop\dataset train\Dataset\Pneumonia-Viral\Pneumonia-Viral (188).jpg,Pneumonia-Viral,train
C:\Users\Admin\Desktop\dataset train\Dataset\Normal\Normal (1314).jpg,Normal,train
C:\Users\Admin\Desktop\dataset train\Dataset\Pneumonia-Viral\Pneumonia-Viral (447).jpg,Pneumonia-Viral,train
C:\Users\Admin\Desktop\dataset train\Dataset\COVID\COVID-19 (1182).jpg,COVID,train
C:\Users\Admin\Desktop\dataset train\Dataset\Normal\Normal (2161).jpg,Normal,train
C:\Users\Admin\Desktop\dataset train\Dataset\Pneumonia-Viral\Pneumonia-Viral (684).jpg,Pneumonia-Viral,train
C:\Users\Admin\Desktop\dataset train\Dataset\Normal\Normal (1562).jpg,Normal,train
C:\Users\Admin\Desktop\dataset train\Dataset\Pneumonia-Bacterial\Pneumonia-Bacterial (968).jpg,Pneumonia-Bacterial,train
C:\Users\Admin\Desktop\dataset train\Dataset\Normal\Normal (412).jpg,Normal,train
C:\Users\Admin\Desktop\dataset train\Dataset\Normal\Normal (2200).jpg,Normal,train
C:\Users\Admin\Desktop\dataset train\Dataset\Pneumonia-Bacterial\Pneumonia-Bacterial (727).jpg,Pneumonia-Bacterial,train
C:\Users\Admin\Desktop\dataset train\Dataset\Normal\Normal (983).jpg,Normal,train
C:\Users\Admin\Desktop\dataset train\Dataset\Pneumonia-Viral\Pneumonia-Viral (905).jpg,Pneumonia-Viral,train
C:\Users\Admin\Desktop\dataset train\Dataset\Pneumonia-Bacterial\Pneumonia-Bacterial (2387).jpg,Pneumonia-Bacterial,train
C:\Users\Admin\Desktop\dataset train\Dataset\Pneumonia-Viral\Pneumonia-Viral (1365).jpg,Pneumonia-Viral,train
C:\Users\Admin\Desktop\dataset train\Dataset\Normal\Normal (1060).jpg,Normal,train
C:\Users\Admin\Desktop\dataset train\Dataset\Pneumonia-Bacterial\Pneumonia-Bacterial (1522).jpg,Pneumonia-Bacterial,train
C:\Users\Admin\Desktop\dataset train\Dataset\Pneumonia-Viral\Pneumonia-Viral (1043).jpg,Pneumonia-Viral,train
C:\Users\Admin\Desktop\dataset train\Dataset\Normal\Normal (1056).jpg,Normal,train
C:\Users\Admin\Desktop\dataset train\Dataset\Pneumonia-Viral\Pneumonia-Viral (30).jpg,Pneumonia-Viral,train
C:\Users\Admin\Desktop\dataset train\Dataset\Pneumonia-Bacterial\Pneumonia-Bacterial (757).jpg,Pneumonia-Bacterial,train
C:\Users\Admin\Desktop\dataset train\Dataset\Normal\Normal (745).jpg,Normal,train
C:\Users\Admin\Desktop\dataset train\Dataset\COVID\COVID-19 (465).jpg,COVID,train
C:\Users\Admin\Desktop\dataset train\Dataset\Normal\Normal (1171).jpg,Normal,train
C:\Users\Admin\Desktop\dataset train\Dataset\Pneumonia-Bacterial\Pneumonia-Bacterial (1659).jpg,Pneumonia-Bacterial,train
C:\Users\Admin\Desktop\dataset train\Dataset\Normal\Normal (2733).jpg,Normal,train
C:\Users\Admin\Desktop\dataset train\Dataset\COVID\COVID-19 (60).jpg,COVID,train
C:\Users\Admin\Desktop\dataset train\Dataset\Normal\Normal (1157).jpg,Normal,train
C:\Users\Admin\Desktop\dataset train\Dataset\Pneumonia-Bacterial\Pneumonia-Bacterial (141).jpg,Pneumonia-Bacterial,train
C:\Users\Admin\Desktop\dataset train\Dataset\COVID\COVID-19 (816).jpg,COVID,train
C:\Users\Admin\Desktop\dataset train\Dataset\Normal\Normal (1468).jpg,Normal,train
C:\Users\Admin\Desktop\dataset train\Dataset\Pneumonia-Viral\Pneumonia-Viral (1197).jpg,Pneumonia-Viral,train
C:\Users\Admin\Desktop\dataset train\Dataset\Normal\Normal (2505).jpg,Normal,train
C:\Users\Admin\Desktop\dataset train\Dataset\Normal\Normal (3247).jpg,Normal,train
C:\Users\Admin\Desktop\dataset train\Dataset\COVID\COVID-19 (12).jpg,COVID,train
C:\Users\Admin\Desktop\dataset train\Dataset\Pneumonia-Bacterial\Pneumonia-Bacterial (2805).jpg,Pneumonia-Bacterial,train
C:\Users\Admin\Desktop\dataset train\Dataset\Pneumonia-Bacterial\Pneumonia-Bacterial (1618).jpg,Pneumonia-Bacterial,train
C:\Users\Admin\Desktop\dataset train\Dataset\Pneumonia-Bacterial\Pneumonia-Bacterial (1661).jpg,Pneumonia-Bacterial,train
C:\Users\Admin\Desktop\dataset train\Dataset\Pneumonia-Bacterial\Pneumonia-Bacterial (2166).jpg,Pneumonia-Bacterial,train
C:\Users\Admin\Desktop\dataset train\Dataset\Pneumonia-Bacterial\Pneumonia-Bacterial (2833).jpg,Pneumonia-Bacterial,train
C:\Users\Admin\Desktop\dataset train\Dataset\Normal\Normal (1872).jpg,Normal,train
C:\Users\Admin\Desktop\dataset train\Dataset\Pneumonia-Viral\Pneumonia-Viral (1018).jpg,Pneumonia-Viral,train
C:\Users\Admin\Desktop\dataset train\Dataset\Normal\Normal (1350).jpg,Normal,train
C:\Users\Admin\Desktop\dataset train\Dataset\Pneumonia-Bacterial\Pneumonia-Bacterial (70).jpg,Pneumonia-Bacterial,train
C:\Users\Admin\Desktop\dataset train\Dataset\Normal\Normal (370).jpg,Normal,train
C:\Users\Admin\Desktop\dataset train\Dataset\COVID\COVID-19 (164).jpg,COVID,train
C:\Users\Admin\Desktop\dataset train\Dataset\COVID\COVID-19 (472).jpg,COVID,train
C:\Users\Admin\Desktop\dataset train\Dataset\Pneumonia-Bacterial\Pneumonia-Bacterial (1231).jpg,Pneumonia-Bacterial,train
C:\Users\Admin\Desktop\dataset train\Dataset\Pneumonia-Bacterial\Pneumonia-Bacterial (483).jpg,Pneumonia-Bacterial,train
C:\Users\Admin\Desktop\dataset train\Dataset\Normal\Normal (2455).jpg,Normal,train
C:\Users\Admin\Desktop\dataset train\Dataset\Pneumonia-Bacterial\Pneumonia-Bacterial (980).jpg,Pneumonia-Bacterial,train
C:\Users\Admin\Desktop\dataset train\Dataset\Pneumonia-Viral\Pneumonia-Viral (1040).jpg,Pneumonia-Viral,train
C:\Users\Admin\Desktop\dataset train\Dataset\Normal\Normal (350).jpg,Normal,train
C:\Users\Admin\Desktop\dataset train\Dataset\Normal\Normal (2650).jpg,Normal,train
C:\Users\Admin\Desktop\dataset train\Dataset\Pneumonia-Viral\Pneumonia-Viral (968).jpg,Pneumonia-Viral,train
C:\Users\Admin\Desktop\dataset train\Dataset\Pneumonia-Bacterial\Pneumonia-Bacterial (2518).jpg,Pneumonia-Bacterial,train
C:\Users\Admin\Desktop\dataset train\Dataset\Normal\Normal (1191).jpg,Normal,train
C:\Users\Admin\Desktop\dataset train\Dataset\Pneumonia-Viral\Pneumonia-Viral (1338).jpg,Pneumonia-Viral,train
C:\Users\Admin\Desktop\dataset train\Dataset\Pneumonia-Viral\Pneumonia-Viral (505).jpg,Pneumonia-Viral,train
C:\Users\Admin\Desktop\dataset train\Dataset\Pneumonia-Bacterial\Pneumonia-Bacterial (829).jpg,Pneumonia-Bacterial,train
C:\Users\Admin\Desktop\dataset train\Dataset\Pneumonia-Bacterial\Pneumonia-Bacterial (1508).jpg,Pneumonia-Bacterial,train
C:\Users\Admin\Desktop\dataset train\Dataset\Normal\Normal (2888).jpg,Normal,train
C:\Users\Admin\Desktop\dataset train\Dataset\Normal\Normal (1786).jpg,Normal,train
C:\Users\Admin\Desktop\dataset train\Dataset\Pneumonia-Bacterial\Pneumonia-Bacterial (781).jpg,Pneumonia-Bacterial,train
C:\Users\Admin\Desktop\dataset train\Dataset\Pneumonia-Bacterial\Pneumonia-Bacterial (1366).jpg,Pneumonia-Bacterial,train
C:\Users\Admin\Desktop\dataset train\Dataset\Pneumonia-Bacterial\Pneumonia-Bacterial (606).jpg,Pneumonia-Bacterial,train
C:\Users\Admin\Desktop\dataset train\Dataset\Pneumonia-Bacterial\Pneumonia-Bacterial (2030).jpg,Pneumonia-Bacterial,train
C:\Users\Admin\Desktop\dataset train\Dataset\Normal\Normal (1665).jpg,Normal,train
C:\Users\Admin\Desktop\dataset train\Dataset\Normal\Normal (1893).jpg,Normal,train
C:\Users\Admin\Desktop\dataset train\Dataset\Pneumonia-Bacterial\Pneumonia-Bacterial (593).jpg,Pneumonia-Bacterial,train
C:\Users\Admin\Desktop\dataset train\Dataset\Normal\Normal (3021).jpg,Normal,train
C:\Users\Admin\Desktop\dataset train\Dataset\Normal\Normal (2433).jpg,Normal,train
C:\Users\Admin\Desktop\dataset train\Dataset\Pneumonia-Bacterial\Pneumonia-Bacterial (1561).jpg,Pneumonia-Bacterial,train
C:\Users\Admin\Desktop\dataset train\Dataset\Pneumonia-Bacterial\Pneumonia-Bacterial (287).jpg,Pneumonia-Bacterial,train
C:\Users\Admin\Desktop\dataset train\Dataset\Pneumonia-Bacterial\Pneumonia-Bacterial (1777).jpg,Pneumonia-Bacterial,train
C:\Users\Admin\Desktop\dataset train\Dataset\Pneumonia-Viral\Pneumonia-Viral (675).jpg,Pneumonia-Viral,train
C:\Users\Admin\Desktop\dataset train\Dataset\Pneumonia-Bacterial\Pneumonia-Bacterial (1921).jpg,Pneumonia-Bacterial,train
C:\Users\Admin\Desktop\dataset train\Dataset\Pneumonia-Bacterial\Pneumonia-Bacterial (2131).jpg,Pneumonia-Bacterial,train
C:\Users\Admin\Desktop\dataset train\Dataset\Normal\Normal (841).jpg,Normal,train
C:\Users\Admin\Desktop\dataset train\Dataset\Normal\Normal (2398).jpg,Normal,train
C:\Users\Admin\Desktop\dataset train\Dataset\COVID\COVID-19 (100).jpg,COVID,train
C:\Users\Admin\Desktop\dataset train\Dataset\COVID\COVID-19 (151).jpg,COVID,train
C:\Users\Admin\Desktop\dataset train\Dataset\Normal\Normal (3116).jpg,Normal,train
C:\Users\Admin\Desktop\dataset train\Dataset\Pneumonia-Bacterial\Pneumonia-Bacterial (728).jpg,Pneumonia-Bacterial,train
C:\Users\Admin\Desktop\dataset train\Dataset\Normal\Normal (714).jpg,Normal,train
C:\Users\Admin\Desktop\dataset train\Dataset\Normal\Normal (1286).jpg,Normal,train
C:\Users\Admin\Desktop\dataset train\Dataset\Pneumonia-Viral\Pneumonia-Viral (616).jpg,Pneumonia-Viral,train
C:\Users\Admin\Desktop\dataset train\Dataset\Pneumonia-Bacterial\Pneumonia-Bacterial (1068).jpg,Pneumonia-Bacterial,train
C:\Users\Admin\Desktop\dataset train\Dataset\Normal\Normal (3089).jpg,Normal,train
C:\Users\Admin\Desktop\dataset train\Dataset\Normal\Normal (1948).jpg,Normal,train
C:\Users\Admin\Desktop\dataset train\Dataset\Pneumonia-Bacterial\Pneumonia-Bacterial (1195).jpg,Pneumonia-Bacterial,train
C:\Users\Admin\Desktop\dataset train\Dataset\Pneumonia-Bacterial\Pneumonia-Bacterial (2767).jpg,Pneumonia-Bacterial,train
C:\Users\Admin\Desktop\dataset train\Dataset\COVID\COVID-19 (921).jpg,COVID,train
C:\Users\Admin\Desktop\dataset train\Dataset\Normal\Normal (405).jpg,Normal,train
C:\Users\Admin\Desktop\dataset train\Dataset\Pneumonia-Viral\Pneumonia-Viral (695).jpg,Pneumonia-Viral,train
C:\Users\Admin\Desktop\dataset train\Dataset\Pneumonia-Bacterial\Pneumonia-Bacterial (1494).jpg,Pneumonia-Bacterial,train
C:\Users\Admin\Desktop\dataset train\Dataset\Normal\Normal (1).jpg,Normal,train
C:\Users\Admin\Desktop\dataset train\Dataset\Pneumonia-Bacterial\Pneumonia-Bacterial (1553).jpg,Pneumonia-Bacterial,train
C:\Users\Admin\Desktop\dataset train\Dataset\Normal\Normal (1903).jpg,Normal,train
C:\Users\Admin\Desktop\dataset train\Dataset\COVID\COVID-19 (647).jpg,COVID,train
C:\Users\Admin\Desktop\dataset train\Dataset\Normal\Normal (340).jpg,Normal,train
C:\Users\Admin\Desktop\dataset train\Dataset\Pneumonia-Viral\Pneumonia-Viral (1206).jpg,Pneumonia-Viral,train
C:\Users\Admin\Desktop\dataset train\Dataset\Normal\Normal (2631).jpg,Normal,train
C:\Users\Admin\Desktop\dataset train\Dataset\Normal\Normal (3084).jpg,Normal,train
C:\Users\Admin\Desktop\dataset train\Dataset\Normal\Normal (2173).jpg,Normal,train
C:\Users\Admin\Desktop\dataset train\Dataset\Normal\Normal (2723).jpg,Normal,train
C:\Users\Admin\Desktop\dataset train\Dataset\Normal\Normal (2990).jpg,Normal,train
C:\Users\Admin\Desktop\dataset train\Dataset\Pneumonia-Bacterial\Pneumonia-Bacterial (2336).jpg,Pneumonia-Bacterial,train
C:\Users\Admin\Desktop\dataset train\Dataset\Normal\Normal (1613).jpg,Normal,train
C:\Users\Admin\Desktop\dataset train\Dataset\Normal\Normal (2383).jpg,Normal,train
C:\Users\Admin\Desktop\dataset train\Dataset\Pneumonia-Viral\Pneumonia-Viral (279).jpg,Pneumonia-Viral,train
C:\Users\Admin\Desktop\dataset train\Dataset\Pneumonia-Viral\Pneumonia-Viral (705).jpg,Pneumonia-Viral,train
C:\Users\Admin\Desktop\dataset train\Dataset\Normal\Normal (2429).jpg,Normal,train
C:\Users\Admin\Desktop\dataset train\Dataset\Normal\Normal (2581).jpg,Normal,train
C:\Users\Admin\Desktop\dataset train\Dataset\Normal\Normal (2389).jpg,Normal,train
C:\Users\Admin\Desktop\dataset train\Dataset\Pneumonia-Bacterial\Pneumonia-Bacterial (1137).jpg,Pneumonia-Bacterial,train
C:\Users\Admin\Desktop\dataset train\Dataset\COVID\COVID-19 (256).jpg,COVID,train
C:\Users\Admin\Desktop\dataset train\Dataset\Pneumonia-Viral\Pneumonia-Viral (1292).jpg,Pneumonia-Viral,train
C:\Users\Admin\Desktop\dataset train\Dataset\Pneumonia-Viral\Pneumonia-Viral (830).jpg,Pneumonia-Viral,train
C:\Users\Admin\Desktop\dataset train\Dataset\Pneumonia-Viral\Pneumonia-Viral (1195).jpg,Pneumonia-Viral,train
C:\Users\Admin\Desktop\dataset train\Dataset\Pneumonia-Bacterial\Pneumonia-Bacterial (1836).jpg,Pneumonia-Bacterial,train
C:\Users\Admin\Desktop\dataset train\Dataset\Normal\Normal (1417).jpg,Normal,train
C:\Users\Admin\Desktop\dataset train\Dataset\Normal\Normal (2105).jpg,Normal,train
C:\Users\Admin\Desktop\dataset train\Dataset\COVID\COVID-19 (533).jpg,COVID,train
C:\Users\Admin\Desktop\dataset train\Dataset\Pneumonia-Viral\Pneumonia-Viral (1382).jpg,Pneumonia-Viral,train
C:\Users\Admin\Desktop\dataset train\Dataset\Normal\Normal (2824).jpg,Normal,train
C:\Users\Admin\Desktop\dataset train\Dataset\Normal\Normal (3132).jpg,Normal,train
C:\Users\Admin\Desktop\dataset train\Dataset\COVID\COVID-19 (791).jpg,COVID,train
C:\Users\Admin\Desktop\dataset train\Dataset\Pneumonia-Bacterial\Pneumonia-Bacterial (1875).jpg,Pneumonia-Bacterial,train
C:\Users\Admin\Desktop\dataset train\Dataset\Normal\Normal (1385).jpg,Normal,train
C:\Users\Admin\Desktop\dataset train\Dataset\Normal\Normal (2272).jpg,Normal,train
C:\Users\Admin\Desktop\dataset train\Dataset\COVID\COVID-19 (212).jpg,COVID,train
C:\Users\Admin\Desktop\dataset train\Dataset\Pneumonia-Bacterial\Pneumonia-Bacterial (2485).jpg,Pneumonia-Bacterial,train
C:\Users\Admin\Desktop\dataset train\Dataset\Pneumonia-Bacterial\Pneumonia-Bacterial (2844).jpg,Pneumonia-Bacterial,train
C:\Users\Admin\Desktop\dataset train\Dataset\Pneumonia-Bacterial\Pneumonia-Bacterial (2972).jpg,Pneumonia-Bacterial,train
C:\Users\Admin\Desktop\dataset train\Dataset\Normal\Normal (3182).jpg,Normal,train
C:\Users\Admin\Desktop\dataset train\Dataset\Normal\Normal (258).jpg,Normal,train
C:\Users\Admin\Desktop\dataset train\Dataset\Normal\Normal (1264).jpg,Normal,train
C:\Users\Admin\Desktop\dataset train\Dataset\Normal\Normal (3145).jpg,Normal,train
C:\Users\Admin\Desktop\dataset train\Dataset\COVID\COVID-19 (627).jpg,COVID,train
C:\Users\Admin\Desktop\dataset train\Dataset\Pneumonia-Bacterial\Pneumonia-Bacterial (265).jpg,Pneumonia-Bacterial,train
C:\Users\Admin\Desktop\dataset train\Dataset\Normal\Normal (2327).jpg,Normal,train
C:\Users\Admin\Desktop\dataset train\Dataset\COVID\COVID-19 (1088).jpg,COVID,train
C:\Users\Admin\Desktop\dataset train\Dataset\Pneumonia-Bacterial\Pneumonia-Bacterial (712).jpg,Pneumonia-Bacterial,train
C:\Users\Admin\Desktop\dataset train\Dataset\Normal\Normal (3232).jpg,Normal,train
C:\Users\Admin\Desktop\dataset train\Dataset\Normal\Normal (552).jpg,Normal,train
C:\Users\Admin\Desktop\dataset train\Dataset\Pneumonia-Viral\Pneumonia-Viral (557).jpg,Pneumonia-Viral,train
C:\Users\Admin\Desktop\dataset train\Dataset\COVID\COVID-19 (958).jpg,COVID,train
C:\Users\Admin\Desktop\dataset train\Dataset\Normal\Normal (1434).jpg,Normal,train
C:\Users\Admin\Desktop\dataset train\Dataset\Normal\Normal (2929).jpg,Normal,train
C:\Users\Admin\Desktop\dataset train\Dataset\Pneumonia-Bacterial\Pneumonia-Bacterial (2413).jpg,Pneumonia-Bacterial,train
C:\Users\Admin\Desktop\dataset train\Dataset\Pneumonia-Bacterial\Pneumonia-Bacterial (1083).jpg,Pneumonia-Bacterial,train
C:\Users\Admin\Desktop\dataset train\Dataset\Normal\Normal (160).jpg,Normal,train
C:\Users\Admin\Desktop\dataset train\Dataset\Pneumonia-Bacterial\Pneumonia-Bacterial (958).jpg,Pneumonia-Bacterial,train
C:\Users\Admin\Desktop\dataset train\Dataset\Pneumonia-Bacterial\Pneumonia-Bacterial (2992).jpg,Pneumonia-Bacterial,train
C:\Users\Admin\Desktop\dataset train\Dataset\Normal\Normal (2985).jpg,Normal,train
C:\Users\Admin\Desktop\dataset train\Dataset\Pneumonia-Bacterial\Pneumonia-Bacterial (2816).jpg,Pneumonia-Bacterial,train
C:\Users\Admin\Desktop\dataset train\Dataset\COVID\COVID-19 (177).jpg,COVID,train
C:\Users\Admin\Desktop\dataset train\Dataset\Pneumonia-Viral\Pneumonia-Viral (241).jpg,Pneumonia-Viral,train
C:\Users\Admin\Desktop\dataset train\Dataset\Normal\Normal (2260).jpg,Normal,train
C:\Users\Admin\Desktop\dataset train\Dataset\Normal\Normal (666).jpg,Normal,train
C:\Users\Admin\Desktop\dataset train\Dataset\Pneumonia-Bacterial\Pneumonia-Bacterial (2113).jpg,Pneumonia-Bacterial,train
C:\Users\Admin\Desktop\dataset train\Dataset\Normal\Normal (1691).jpg,Normal,train
C:\Users\Admin\Desktop\dataset train\Dataset\Pneumonia-Bacterial\Pneumonia-Bacterial (2924).jpg,Pneumonia-Bacterial,train
C:\Users\Admin\Desktop\dataset train\Dataset\Normal\Normal (961).jpg,Normal,train
C:\Users\Admin\Desktop\dataset train\Dataset\Normal\Normal (835).jpg,Normal,train
C:\Users\Admin\Desktop\dataset train\Dataset\Pneumonia-Bacterial\Pneumonia-Bacterial (1916).jpg,Pneumonia-Bacterial,train
C:\Users\Admin\Desktop\dataset train\Dataset\Normal\Normal (2555).jpg,Normal,train
C:\Users\Admin\Desktop\dataset train\Dataset\Normal\Normal (973).jpg,Normal,train
C:\Users\Admin\Desktop\dataset train\Dataset\Pneumonia-Viral\Pneumonia-Viral (1321).jpg,Pneumonia-Viral,train
C:\Users\Admin\Desktop\dataset train\Dataset\Pneumonia-Bacterial\Pneumonia-Bacterial (251).jpg,Pneumonia-Bacterial,train
C:\Users\Admin\Desktop\dataset train\Dataset\Normal\Normal (1158).jpg,Normal,train
C:\Users\Admin\Desktop\dataset train\Dataset\Pneumonia-Bacterial\Pneumonia-Bacterial (2492).jpg,Pneumonia-Bacterial,train
C:\Users\Admin\Desktop\dataset train\Dataset\Pneumonia-Bacterial\Pneumonia-Bacterial (2318).jpg,Pneumonia-Bacterial,train
C:\Users\Admin\Desktop\dataset train\Dataset\Pneumonia-Bacterial\Pneumonia-Bacterial (1572).jpg,Pneumonia-Bacterial,train
C:\Users\Admin\Desktop\dataset train\Dataset\Normal\Normal (629).jpg,Normal,train
C:\Users\Admin\Desktop\dataset train\Dataset\Normal\Normal (1654).jpg,Normal,train
C:\Users\Admin\Desktop\dataset train\Dataset\Normal\Normal (418).jpg,Normal,train
C:\Users\Admin\Desktop\dataset train\Dataset\Pneumonia-Viral\Pneumonia-Viral (232).jpg,Pneumonia-Viral,train
C:\Users\Admin\Desktop\dataset train\Dataset\Normal\Normal (2861).jpg,Normal,train
C:\Users\Admin\Desktop\dataset train\Dataset\Pneumonia-Viral\Pneumonia-Viral (1649).jpg,Pneumonia-Viral,train
C:\Users\Admin\Desktop\dataset train\Dataset\COVID\COVID-19 (1208).jpg,COVID,train
C:\Users\Admin\Desktop\dataset train\Dataset\Normal\Normal (2405).jpg,Normal,train
C:\Users\Admin\Desktop\dataset train\Dataset\Normal\Normal (2135).jpg,Normal,train
C:\Users\Admin\Desktop\dataset train\Dataset\Normal\Normal (1935).jpg,Normal,train
C:\Users\Admin\Desktop\dataset train\Dataset\Pneumonia-Viral\Pneumonia-Viral (1529).jpg,Pneumonia-Viral,train
C:\Users\Admin\Desktop\dataset train\Dataset\Normal\Normal (1866).jpg,Normal,train
C:\Users\Admin\Desktop\dataset train\Dataset\COVID\COVID-19 (47).jpg,COVID,train
C:\Users\Admin\Desktop\dataset train\Dataset\Normal\Normal (2534).jpg,Normal,train
C:\Users\Admin\Desktop\dataset train\Dataset\Normal\Normal (2648).jpg,Normal,train
C:\Users\Admin\Desktop\dataset train\Dataset\Normal\Normal (2820).jpg,Normal,train
C:\Users\Admin\Desktop\dataset train\Dataset\Pneumonia-Bacterial\Pneumonia-Bacterial (437).jpg,Pneumonia-Bacterial,train
C:\Users\Admin\Desktop\dataset train\Dataset\Pneumonia-Bacterial\Pneumonia-Bacterial (197).jpg,Pneumonia-Bacterial,train
C:\Users\Admin\Desktop\dataset train\Dataset\Normal\Normal (2971).jpg,Normal,train
C:\Users\Admin\Desktop\dataset train\Dataset\Pneumonia-Viral\Pneumonia-Viral (667).jpg,Pneumonia-Viral,train
C:\Users\Admin\Desktop\dataset train\Dataset\Pneumonia-Bacterial\Pneumonia-Bacterial (857).jpg,Pneumonia-Bacterial,train
C:\Users\Admin\Desktop\dataset train\Dataset\Pneumonia-Bacterial\Pneumonia-Bacterial (1391).jpg,Pneumonia-Bacterial,train
C:\Users\Admin\Desktop\dataset train\Dataset\Normal\Normal (51).jpg,Normal,train
C:\Users\Admin\Desktop\dataset train\Dataset\Pneumonia-Viral\Pneumonia-Viral (1549).jpg,Pneumonia-Viral,train
C:\Users\Admin\Desktop\dataset train\Dataset\Normal\Normal (2048).jpg,Normal,train
C:\Users\Admin\Desktop\dataset train\Dataset\COVID\COVID-19 (1186).jpg,COVID,train
C:\Users\Admin\Desktop\dataset train\Dataset\Pneumonia-Bacterial\Pneumonia-Bacterial (5).jpg,Pneumonia-Bacterial,train
C:\Users\Admin\Desktop\dataset train\Dataset\Pneumonia-Bacterial\Pneumonia-Bacterial (2599).jpg,Pneumonia-Bacterial,train
C:\Users\Admin\Desktop\dataset train\Dataset\Pneumonia-Bacterial\Pneumonia-Bacterial (879).jpg,Pneumonia-Bacterial,train
C:\Users\Admin\Desktop\dataset train\Dataset\Pneumonia-Viral\Pneumonia-Viral (1634).jpg,Pneumonia-Viral,train
C:\Users\Admin\Desktop\dataset train\Dataset\Pneumonia-Viral\Pneumonia-Viral (16).jpg,Pneumonia-Viral,train
C:\Users\Admin\Desktop\dataset train\Dataset\Pneumonia-Bacterial\Pneumonia-Bacterial (1721).jpg,Pneumonia-Bacterial,train
C:\Users\Admin\Desktop\dataset train\Dataset\Normal\Normal (834).jpg,Normal,train
C:\Users\Admin\Desktop\dataset train\Dataset\Pneumonia-Bacterial\Pneumonia-Bacterial (2468).jpg,Pneumonia-Bacterial,train
C:\Users\Admin\Desktop\dataset train\Dataset\Pneumonia-Viral\Pneumonia-Viral (271).jpg,Pneumonia-Viral,train
C:\Users\Admin\Desktop\dataset train\Dataset\Normal\Normal (509).jpg,Normal,train
C:\Users\Admin\Desktop\dataset train\Dataset\Normal\Normal (3191).jpg,Normal,train
C:\Users\Admin\Desktop\dataset train\Dataset\COVID\COVID-19 (284).jpg,COVID,train
C:\Users\Admin\Desktop\dataset train\Dataset\Normal\Normal (199).jpg,Normal,train
C:\Users\Admin\Desktop\dataset train\Dataset\Pneumonia-Bacterial\Pneumonia-Bacterial (1064).jpg,Pneumonia-Bacterial,train
C:\Users\Admin\Desktop\dataset train\Dataset\Normal\Normal (778).jpg,Normal,train
C:\Users\Admin\Desktop\dataset train\Dataset\Normal\Normal (3004).jpg,Normal,train
C:\Users\Admin\Desktop\dataset train\Dataset\Pneumonia-Viral\Pneumonia-Viral (833).jpg,Pneumonia-Viral,train
C:\Users\Admin\Desktop\dataset train\Dataset\Pneumonia-Bacterial\Pneumonia-Bacterial (1242).jpg,Pneumonia-Bacterial,train
C:\Users\Admin\Desktop\dataset train\Dataset\Pneumonia-Bacterial\Pneumonia-Bacterial (1476).jpg,Pneumonia-Bacterial,train
C:\Users\Admin\Desktop\dataset train\Dataset\COVID\COVID-19 (1025).jpg,COVID,train
C:\Users\Admin\Desktop\dataset train\Dataset\Normal\Normal (862).jpg,Normal,train
C:\Users\Admin\Desktop\dataset train\Dataset\Pneumonia-Viral\Pneumonia-Viral (743).jpg,Pneumonia-Viral,train
C:\Users\Admin\Desktop\dataset train\Dataset\Pneumonia-Bacterial\Pneumonia-Bacterial (1625).jpg,Pneumonia-Bacterial,train
C:\Users\Admin\Desktop\dataset train\Dataset\Pneumonia-Bacterial\Pneumonia-Bacterial (971).jpg,Pneumonia-Bacterial,train
C:\Users\Admin\Desktop\dataset train\Dataset\Pneumonia-Bacterial\Pneumonia-Bacterial (2888).jpg,Pneumonia-Bacterial,train
C:\Users\Admin\Desktop\dataset train\Dataset\Pneumonia-Bacterial\Pneumonia-Bacterial (189).jpg,Pneumonia-Bacterial,train
C:\Users\Admin\Desktop\dataset train\Dataset\Normal\Normal (3117).jpg,Normal,train
C:\Users\Admin\Desktop\dataset train\Dataset\Pneumonia-Bacterial\Pneumonia-Bacterial (925).jpg,Pneumonia-Bacterial,train
C:\Users\Admin\Desktop\dataset train\Dataset\Pneumonia-Bacterial\Pneumonia-Bacterial (1473).jpg,Pneumonia-Bacterial,train
C:\Users\Admin\Desktop\dataset train\Dataset\Pneumonia-Viral\Pneumonia-Viral (907).jpg,Pneumonia-Viral,train
C:\Users\Admin\Desktop\dataset train\Dataset\Normal\Normal (3152).jpg,Normal,train
C:\Users\Admin\Desktop\dataset train\Dataset\Pneumonia-Bacterial\Pneumonia-Bacterial (497).jpg,Pneumonia-Bacterial,train
C:\Users\Admin\Desktop\dataset train\Dataset\Pneumonia-Viral\Pneumonia-Viral (960).jpg,Pneumonia-Viral,train
C:\Users\Admin\Desktop\dataset train\Dataset\Pneumonia-Bacterial\Pneumonia-Bacterial (1370).jpg,Pneumonia-Bacterial,train
C:\Users\Admin\Desktop\dataset train\Dataset\Pneumonia-Bacterial\Pneumonia-Bacterial (1741).jpg,Pneumonia-Bacterial,train
C:\Users\Admin\Desktop\dataset train\Dataset\Pneumonia-Bacterial\Pneumonia-Bacterial (271).jpg,Pneumonia-Bacterial,train
C:\Users\Admin\Desktop\dataset train\Dataset\Pneumonia-Bacterial\Pneumonia-Bacterial (506).jpg,Pneumonia-Bacterial,train
C:\Users\Admin\Desktop\dataset train\Dataset\Pneumonia-Bacterial\Pneumonia-Bacterial (9).jpg,Pneumonia-Bacterial,train
C:\Users\Admin\Desktop\dataset train\Dataset\Normal\Normal (2461).jpg,Normal,train
C:\Users\Admin\Desktop\dataset train\Dataset\Normal\Normal (1994).jpg,Normal,train
C:\Users\Admin\Desktop\dataset train\Dataset\Pneumonia-Bacterial\Pneumonia-Bacterial (2696).jpg,Pneumonia-Bacterial,train
C:\Users\Admin\Desktop\dataset train\Dataset\Pneumonia-Viral\Pneumonia-Viral (1344).jpg,Pneumonia-Viral,train
C:\Users\Admin\Desktop\dataset train\Dataset\Normal\Normal (2197).jpg,Normal,train
C:\Users\Admin\Desktop\dataset train\Dataset\Pneumonia-Bacterial\Pneumonia-Bacterial (2197).jpg,Pneumonia-Bacterial,train
C:\Users\Admin\Desktop\dataset train\Dataset\Pneumonia-Viral\Pneumonia-Viral (952).jpg,Pneumonia-Viral,train
C:\Users\Admin\Desktop\dataset train\Dataset\Pneumonia-Bacterial\Pneumonia-Bacterial (2392).jpg,Pneumonia-Bacterial,train
C:\Users\Admin\Desktop\dataset train\Dataset\Pneumonia-Bacterial\Pneumonia-Bacterial (2633).jpg,Pneumonia-Bacterial,train
C:\Users\Admin\Desktop\dataset train\Dataset\Pneumonia-Viral\Pneumonia-Viral (1423).jpg,Pneumonia-Viral,train
C:\Users\Admin\Desktop\dataset train\Dataset\Pneumonia-Bacterial\Pneumonia-Bacterial (1056).jpg,Pneumonia-Bacterial,train
C:\Users\Admin\Desktop\dataset train\Dataset\Pneumonia-Viral\Pneumonia-Viral (9).jpg,Pneumonia-Viral,train
C:\Users\Admin\Desktop\dataset train\Dataset\Pneumonia-Viral\Pneumonia-Viral (1404).jpg,Pneumonia-Viral,train
C:\Users\Admin\Desktop\dataset train\Dataset\COVID\COVID-19 (1064).jpg,COVID,train
C:\Users\Admin\Desktop\dataset train\Dataset\Normal\Normal (1792).jpg,Normal,train
C:\Users\Admin\Desktop\dataset train\Dataset\Pneumonia-Bacterial\Pneumonia-Bacterial (1892).jpg,Pneumonia-Bacterial,train
C:\Users\Admin\Desktop\dataset train\Dataset\Pneumonia-Viral\Pneumonia-Viral (1279).jpg,Pneumonia-Viral,train
C:\Users\Admin\Desktop\dataset train\Dataset\Pneumonia-Bacterial\Pneumonia-Bacterial (329).jpg,Pneumonia-Bacterial,train
C:\Users\Admin\Desktop\dataset train\Dataset\Normal\Normal (1306).jpg,Normal,train
C:\Users\Admin\Desktop\dataset train\Dataset\Pneumonia-Bacterial\Pneumonia-Bacterial (700).jpg,Pneumonia-Bacterial,train
C:\Users\Admin\Desktop\dataset train\Dataset\COVID\COVID-19 (46).jpg,COVID,train
C:\Users\Admin\Desktop\dataset train\Dataset\COVID\COVID-19 (40).jpg,COVID,train
C:\Users\Admin\Desktop\dataset train\Dataset\Pneumonia-Bacterial\Pneumonia-Bacterial (645).jpg,Pneumonia-Bacterial,train
C:\Users\Admin\Desktop\dataset train\Dataset\Pneumonia-Bacterial\Pneumonia-Bacterial (296).jpg,Pneumonia-Bacterial,train
C:\Users\Admin\Desktop\dataset train\Dataset\COVID\COVID-19 (746).jpg,COVID,train
C:\Users\Admin\Desktop\dataset train\Dataset\Pneumonia-Bacterial\Pneumonia-Bacterial (464).jpg,Pneumonia-Bacterial,train
C:\Users\Admin\Desktop\dataset train\Dataset\Pneumonia-Viral\Pneumonia-Viral (489).jpg,Pneumonia-Viral,train
C:\Users\Admin\Desktop\dataset train\Dataset\Pneumonia-Bacterial\Pneumonia-Bacterial (1285).jpg,Pneumonia-Bacterial,train
C:\Users\Admin\Desktop\dataset train\Dataset\Normal\Normal (2318).jpg,Normal,train
C:\Users\Admin\Desktop\dataset train\Dataset\COVID\COVID-19 (954).jpg,COVID,train
C:\Users\Admin\Desktop\dataset train\Dataset\Pneumonia-Viral\Pneumonia-Viral (650).jpg,Pneumonia-Viral,train
C:\Users\Admin\Desktop\dataset train\Dataset\Normal\Normal (741).jpg,Normal,train
C:\Users\Admin\Desktop\dataset train\Dataset\Pneumonia-Bacterial\Pneumonia-Bacterial (948).jpg,Pneumonia-Bacterial,train
C:\Users\Admin\Desktop\dataset train\Dataset\Pneumonia-Viral\Pneumonia-Viral (461).jpg,Pneumonia-Viral,train
C:\Users\Admin\Desktop\dataset train\Dataset\Normal\Normal (2819).jpg,Normal,train
C:\Users\Admin\Desktop\dataset train\Dataset\Pneumonia-Viral\Pneumonia-Viral (426).jpg,Pneumonia-Viral,train
C:\Users\Admin\Desktop\dataset train\Dataset\Pneumonia-Bacterial\Pneumonia-Bacterial (2517).jpg,Pneumonia-Bacterial,train
C:\Users\Admin\Desktop\dataset train\Dataset\Normal\Normal (1618).jpg,Normal,train
C:\Users\Admin\Desktop\dataset train\Dataset\Pneumonia-Bacterial\Pneumonia-Bacterial (1613).jpg,Pneumonia-Bacterial,train
C:\Users\Admin\Desktop\dataset train\Dataset\Pneumonia-Bacterial\Pneumonia-Bacterial (748).jpg,Pneumonia-Bacterial,train
C:\Users\Admin\Desktop\dataset train\Dataset\Normal\Normal (1181).jpg,Normal,train
C:\Users\Admin\Desktop\dataset train\Dataset\Pneumonia-Bacterial\Pneumonia-Bacterial (1309).jpg,Pneumonia-Bacterial,train
C:\Users\Admin\Desktop\dataset train\Dataset\Normal\Normal (775).jpg,Normal,train
C:\Users\Admin\Desktop\dataset train\Dataset\Pneumonia-Bacterial\Pneumonia-Bacterial (249).jpg,Pneumonia-Bacterial,train
C:\Users\Admin\Desktop\dataset train\Dataset\Pneumonia-Viral\Pneumonia-Viral (953).jpg,Pneumonia-Viral,train
C:\Users\Admin\Desktop\dataset train\Dataset\Pneumonia-Bacterial\Pneumonia-Bacterial (2799).jpg,Pneumonia-Bacterial,train
C:\Users\Admin\Desktop\dataset train\Dataset\Normal\Normal (1078).jpg,Normal,train
C:\Users\Admin\Desktop\dataset train\Dataset\Pneumonia-Bacterial\Pneumonia-Bacterial (2803).jpg,Pneumonia-Bacterial,train
C:\Users\Admin\Desktop\dataset train\Dataset\Normal\Normal (3110).jpg,Normal,train
C:\Users\Admin\Desktop\dataset train\Dataset\Normal\Normal (2655).jpg,Normal,train
C:\Users\Admin\Desktop\dataset train\Dataset\Pneumonia-Bacterial\Pneumonia-Bacterial (2480).jpg,Pneumonia-Bacterial,train
C:\Users\Admin\Desktop\dataset train\Dataset\COVID\COVID-19 (59).jpg,COVID,train
C:\Users\Admin\Desktop\dataset train\Dataset\COVID\COVID-19 (621).jpg,COVID,train
C:\Users\Admin\Desktop\dataset train\Dataset\Pneumonia-Viral\Pneumonia-Viral (438).jpg,Pneumonia-Viral,train
C:\Users\Admin\Desktop\dataset train\Dataset\Normal\Normal (165).jpg,Normal,train
C:\Users\Admin\Desktop\dataset train\Dataset\Pneumonia-Bacterial\Pneumonia-Bacterial (2381).jpg,Pneumonia-Bacterial,train
C:\Users\Admin\Desktop\dataset train\Dataset\Normal\Normal (1163).jpg,Normal,train
C:\Users\Admin\Desktop\dataset train\Dataset\Normal\Normal (817).jpg,Normal,train
C:\Users\Admin\Desktop\dataset train\Dataset\Pneumonia-Bacterial\Pneumonia-Bacterial (1149).jpg,Pneumonia-Bacterial,train
C:\Users\Admin\Desktop\dataset train\Dataset\COVID\COVID-19 (319).jpg,COVID,train
C:\Users\Admin\Desktop\dataset train\Dataset\Pneumonia-Viral\Pneumonia-Viral (1253).jpg,Pneumonia-Viral,train
C:\Users\Admin\Desktop\dataset train\Dataset\Pneumonia-Bacterial\Pneumonia-Bacterial (2530).jpg,Pneumonia-Bacterial,train
C:\Users\Admin\Desktop\dataset train\Dataset\Pneumonia-Viral\Pneumonia-Viral (596).jpg,Pneumonia-Viral,train
C:\Users\Admin\Desktop\dataset train\Dataset\Normal\Normal (2543).jpg,Normal,train
C:\Users\Admin\Desktop\dataset train\Dataset\Pneumonia-Bacterial\Pneumonia-Bacterial (2085).jpg,Pneumonia-Bacterial,train
C:\Users\Admin\Desktop\dataset train\Dataset\Normal\Normal (2942).jpg,Normal,train
C:\Users\Admin\Desktop\dataset train\Dataset\COVID\COVID-19 (1192).jpg,COVID,train
C:\Users\Admin\Desktop\dataset train\Dataset\Pneumonia-Bacterial\Pneumonia-Bacterial (2165).jpg,Pneumonia-Bacterial,train
C:\Users\Admin\Desktop\dataset train\Dataset\Normal\Normal (2033).jpg,Normal,train
C:\Users\Admin\Desktop\dataset train\Dataset\COVID\COVID-19 (390).jpg,COVID,train
C:\Users\Admin\Desktop\dataset train\Dataset\COVID\COVID-19 (545).jpg,COVID,train
C:\Users\Admin\Desktop\dataset train\Dataset\Pneumonia-Viral\Pneumonia-Viral (273).jpg,Pneumonia-Viral,train
C:\Users\Admin\Desktop\dataset train\Dataset\Pneumonia-Bacterial\Pneumonia-Bacterial (116).jpg,Pneumonia-Bacterial,train
C:\Users\Admin\Desktop\dataset train\Dataset\Pneumonia-Bacterial\Pneumonia-Bacterial (563).jpg,Pneumonia-Bacterial,train
C:\Users\Admin\Desktop\dataset train\Dataset\COVID\COVID-19 (810).jpg,COVID,train
C:\Users\Admin\Desktop\dataset train\Dataset\COVID\COVID-19 (905).jpg,COVID,train
C:\Users\Admin\Desktop\dataset train\Dataset\Normal\Normal (2577).jpg,Normal,train
C:\Users\Admin\Desktop\dataset train\Dataset\Pneumonia-Bacterial\Pneumonia-Bacterial (1482).jpg,Pneumonia-Bacterial,train
C:\Users\Admin\Desktop\dataset train\Dataset\Pneumonia-Bacterial\Pneumonia-Bacterial (1004).jpg,Pneumonia-Bacterial,train
C:\Users\Admin\Desktop\dataset train\Dataset\Pneumonia-Bacterial\Pneumonia-Bacterial (1324).jpg,Pneumonia-Bacterial,train
C:\Users\Admin\Desktop\dataset train\Dataset\Normal\Normal (489).jpg,Normal,train
C:\Users\Admin\Desktop\dataset train\Dataset\Pneumonia-Bacterial\Pneumonia-Bacterial (516).jpg,Pneumonia-Bacterial,train
C:\Users\Admin\Desktop\dataset train\Dataset\Pneumonia-Viral\Pneumonia-Viral (82).jpg,Pneumonia-Viral,train
C:\Users\Admin\Desktop\dataset train\Dataset\Pneumonia-Bacterial\Pneumonia-Bacterial (2181).jpg,Pneumonia-Bacterial,train
C:\Users\Admin\Desktop\dataset train\Dataset\Pneumonia-Bacterial\Pneumonia-Bacterial (62).jpg,Pneumonia-Bacterial,train
C:\Users\Admin\Desktop\dataset train\Dataset\Pneumonia-Viral\Pneumonia-Viral (139).jpg,Pneumonia-Viral,train
C:\Users\Admin\Desktop\dataset train\Dataset\COVID\COVID-19 (687).jpg,COVID,train
C:\Users\Admin\Desktop\dataset train\Dataset\Pneumonia-Bacterial\Pneumonia-Bacterial (428).jpg,Pneumonia-Bacterial,train
C:\Users\Admin\Desktop\dataset train\Dataset\COVID\COVID-19 (349).jpg,COVID,train
C:\Users\Admin\Desktop\dataset train\Dataset\Pneumonia-Bacterial\Pneumonia-Bacterial (2962).jpg,Pneumonia-Bacterial,train
C:\Users\Admin\Desktop\dataset train\Dataset\Pneumonia-Bacterial\Pneumonia-Bacterial (1272).jpg,Pneumonia-Bacterial,train
C:\Users\Admin\Desktop\dataset train\Dataset\COVID\COVID-19 (1062).jpg,COVID,train
C:\Users\Admin\Desktop\dataset train\Dataset\Normal\Normal (737).jpg,Normal,train
C:\Users\Admin\Desktop\dataset train\Dataset\Pneumonia-Viral\Pneumonia-Viral (221).jpg,Pneumonia-Viral,train
C:\Users\Admin\Desktop\dataset train\Dataset\Normal\Normal (218).jpg,Normal,train
C:\Users\Admin\Desktop\dataset train\Dataset\Pneumonia-Viral\Pneumonia-Viral (600).jpg,Pneumonia-Viral,train
C:\Users\Admin\Desktop\dataset train\Dataset\Pneumonia-Bacterial\Pneumonia-Bacterial (2282).jpg,Pneumonia-Bacterial,train
C:\Users\Admin\Desktop\dataset train\Dataset\Pneumonia-Bacterial\Pneumonia-Bacterial (2337).jpg,Pneumonia-Bacterial,train
C:\Users\Admin\Desktop\dataset train\Dataset\Normal\Normal (276).jpg,Normal,train
C:\Users\Admin\Desktop\dataset train\Dataset\COVID\COVID-19 (1271).jpg,COVID,train
C:\Users\Admin\Desktop\dataset train\Dataset\Pneumonia-Bacterial\Pneumonia-Bacterial (2076).jpg,Pneumonia-Bacterial,train
C:\Users\Admin\Desktop\dataset train\Dataset\Normal\Normal (293).jpg,Normal,train
C:\Users\Admin\Desktop\dataset train\Dataset\COVID\COVID-19 (325).jpg,COVID,train
C:\Users\Admin\Desktop\dataset train\Dataset\Pneumonia-Bacterial\Pneumonia-Bacterial (1010).jpg,Pneumonia-Bacterial,train
C:\Users\Admin\Desktop\dataset train\Dataset\Normal\Normal (1455).jpg,Normal,train
C:\Users\Admin\Desktop\dataset train\Dataset\Pneumonia-Viral\Pneumonia-Viral (847).jpg,Pneumonia-Viral,train
C:\Users\Admin\Desktop\dataset train\Dataset\Pneumonia-Bacterial\Pneumonia-Bacterial (1665).jpg,Pneumonia-Bacterial,train
C:\Users\Admin\Desktop\dataset train\Dataset\Pneumonia-Bacterial\Pneumonia-Bacterial (2591).jpg,Pneumonia-Bacterial,train
C:\Users\Admin\Desktop\dataset train\Dataset\Normal\Normal (1789).jpg,Normal,train
C:\Users\Admin\Desktop\dataset train\Dataset\COVID\COVID-19 (1259).jpg,COVID,train
C:\Users\Admin\Desktop\dataset train\Dataset\Pneumonia-Bacterial\Pneumonia-Bacterial (2725).jpg,Pneumonia-Bacterial,train
C:\Users\Admin\Desktop\dataset train\Dataset\Pneumonia-Bacterial\Pneumonia-Bacterial (1296).jpg,Pneumonia-Bacterial,train
C:\Users\Admin\Desktop\dataset train\Dataset\Normal\Normal (1611).jpg,Normal,train
C:\Users\Admin\Desktop\dataset train\Dataset\Normal\Normal (1587).jpg,Normal,train
C:\Users\Admin\Desktop\dataset train\Dataset\Pneumonia-Bacterial\Pneumonia-Bacterial (1983).jpg,Pneumonia-Bacterial,train
C:\Users\Admin\Desktop\dataset train\Dataset\Normal\Normal (2651).jpg,Normal,train
C:\Users\Admin\Desktop\dataset train\Dataset\Pneumonia-Bacterial\Pneumonia-Bacterial (1380).jpg,Pneumonia-Bacterial,train
C:\Users\Admin\Desktop\dataset train\Dataset\Normal\Normal (315).jpg,Normal,train
C:\Users\Admin\Desktop\dataset train\Dataset\COVID\COVID-19 (109).jpg,COVID,train
C:\Users\Admin\Desktop\dataset train\Dataset\Normal\Normal (459).jpg,Normal,train
C:\Users\Admin\Desktop\dataset train\Dataset\Pneumonia-Bacterial\Pneumonia-Bacterial (2486).jpg,Pneumonia-Bacterial,train
C:\Users\Admin\Desktop\dataset train\Dataset\Normal\Normal (1459).jpg,Normal,train
C:\Users\Admin\Desktop\dataset train\Dataset\Pneumonia-Bacterial\Pneumonia-Bacterial (292).jpg,Pneumonia-Bacterial,train
C:\Users\Admin\Desktop\dataset train\Dataset\COVID\COVID-19 (1004).jpg,COVID,train
C:\Users\Admin\Desktop\dataset train\Dataset\Pneumonia-Viral\Pneumonia-Viral (1621).jpg,Pneumonia-Viral,train
C:\Users\Admin\Desktop\dataset train\Dataset\Normal\Normal (758).jpg,Normal,train
C:\Users\Admin\Desktop\dataset train\Dataset\Pneumonia-Bacterial\Pneumonia-Bacterial (2854).jpg,Pneumonia-Bacterial,train
C:\Users\Admin\Desktop\dataset train\Dataset\Pneumonia-Bacterial\Pneumonia-Bacterial (2089).jpg,Pneumonia-Bacterial,train
C:\Users\Admin\Desktop\dataset train\Dataset\Pneumonia-Viral\Pneumonia-Viral (1086).jpg,Pneumonia-Viral,train
C:\Users\Admin\Desktop\dataset train\Dataset\COVID\COVID-19 (922).jpg,COVID,train
C:\Users\Admin\Desktop\dataset train\Dataset\Normal\Normal (430).jpg,Normal,train
C:\Users\Admin\Desktop\dataset train\Dataset\Normal\Normal (2995).jpg,Normal,train
C:\Users\Admin\Desktop\dataset train\Dataset\Normal\Normal (1660).jpg,Normal,train
C:\Users\Admin\Desktop\dataset train\Dataset\Pneumonia-Bacterial\Pneumonia-Bacterial (1667).jpg,Pneumonia-Bacterial,train
C:\Users\Admin\Desktop\dataset train\Dataset\Pneumonia-Viral\Pneumonia-Viral (312).jpg,Pneumonia-Viral,train
C:\Users\Admin\Desktop\dataset train\Dataset\Normal\Normal (1365).jpg,Normal,train
C:\Users\Admin\Desktop\dataset train\Dataset\Pneumonia-Bacterial\Pneumonia-Bacterial (2385).jpg,Pneumonia-Bacterial,train
C:\Users\Admin\Desktop\dataset train\Dataset\Pneumonia-Bacterial\Pneumonia-Bacterial (1833).jpg,Pneumonia-Bacterial,train
C:\Users\Admin\Desktop\dataset train\Dataset\Normal\Normal (176).jpg,Normal,train
C:\Users\Admin\Desktop\dataset train\Dataset\Pneumonia-Bacterial\Pneumonia-Bacterial (1863).jpg,Pneumonia-Bacterial,train
C:\Users\Admin\Desktop\dataset train\Dataset\Normal\Normal (590).jpg,Normal,train
C:\Users\Admin\Desktop\dataset train\Dataset\Pneumonia-Viral\Pneumonia-Viral (986).jpg,Pneumonia-Viral,train
C:\Users\Admin\Desktop\dataset train\Dataset\Pneumonia-Viral\Pneumonia-Viral (1447).jpg,Pneumonia-Viral,train
C:\Users\Admin\Desktop\dataset train\Dataset\Pneumonia-Bacterial\Pneumonia-Bacterial (310).jpg,Pneumonia-Bacterial,train
C:\Users\Admin\Desktop\dataset train\Dataset\Pneumonia-Viral\Pneumonia-Viral (45).jpg,Pneumonia-Viral,train
C:\Users\Admin\Desktop\dataset train\Dataset\Pneumonia-Viral\Pneumonia-Viral (1234).jpg,Pneumonia-Viral,train
C:\Users\Admin\Desktop\dataset train\Dataset\Normal\Normal (39).jpg,Normal,train
C:\Users\Admin\Desktop\dataset train\Dataset\Normal\Normal (507).jpg,Normal,train
C:\Users\Admin\Desktop\dataset train\Dataset\Pneumonia-Bacterial\Pneumonia-Bacterial (22).jpg,Pneumonia-Bacterial,train
C:\Users\Admin\Desktop\dataset train\Dataset\COVID\COVID-19 (1243).jpg,COVID,train
C:\Users\Admin\Desktop\dataset train\Dataset\Normal\Normal (1630).jpg,Normal,train
C:\Users\Admin\Desktop\dataset train\Dataset\Normal\Normal (1852).jpg,Normal,train
C:\Users\Admin\Desktop\dataset train\Dataset\Pneumonia-Bacterial\Pneumonia-Bacterial (694).jpg,Pneumonia-Bacterial,train
C:\Users\Admin\Desktop\dataset train\Dataset\Normal\Normal (2817).jpg,Normal,train
C:\Users\Admin\Desktop\dataset train\Dataset\COVID\COVID-19 (664).jpg,COVID,train
C:\Users\Admin\Desktop\dataset train\Dataset\Pneumonia-Bacterial\Pneumonia-Bacterial (136).jpg,Pneumonia-Bacterial,train
C:\Users\Admin\Desktop\dataset train\Dataset\Pneumonia-Viral\Pneumonia-Viral (433).jpg,Pneumonia-Viral,train
C:\Users\Admin\Desktop\dataset train\Dataset\Pneumonia-Viral\Pneumonia-Viral (149).jpg,Pneumonia-Viral,train
C:\Users\Admin\Desktop\dataset train\Dataset\Normal\Normal (1629).jpg,Normal,train
C:\Users\Admin\Desktop\dataset train\Dataset\Normal\Normal (2266).jpg,Normal,train
C:\Users\Admin\Desktop\dataset train\Dataset\COVID\COVID-19 (858).jpg,COVID,train
C:\Users\Admin\Desktop\dataset train\Dataset\Pneumonia-Bacterial\Pneumonia-Bacterial (1943).jpg,Pneumonia-Bacterial,train
C:\Users\Admin\Desktop\dataset train\Dataset\Pneumonia-Viral\Pneumonia-Viral (984).jpg,Pneumonia-Viral,train
C:\Users\Admin\Desktop\dataset train\Dataset\Pneumonia-Bacterial\Pneumonia-Bacterial (1509).jpg,Pneumonia-Bacterial,train
C:\Users\Admin\Desktop\dataset train\Dataset\Pneumonia-Viral\Pneumonia-Viral (1336).jpg,Pneumonia-Viral,train
C:\Users\Admin\Desktop\dataset train\Dataset\Normal\Normal (2791).jpg,Normal,train
C:\Users\Admin\Desktop\dataset train\Dataset\Pneumonia-Bacterial\Pneumonia-Bacterial (1400).jpg,Pneumonia-Bacterial,train
C:\Users\Admin\Desktop\dataset train\Dataset\Normal\Normal (1173).jpg,Normal,train
C:\Users\Admin\Desktop\dataset train\Dataset\Pneumonia-Viral\Pneumonia-Viral (296).jpg,Pneumonia-Viral,train
C:\Users\Admin\Desktop\dataset train\Dataset\COVID\COVID-19 (520).jpg,COVID,train
C:\Users\Admin\Desktop\dataset train\Dataset\Normal\Normal (1337).jpg,Normal,train
C:\Users\Admin\Desktop\dataset train\Dataset\Pneumonia-Bacterial\Pneumonia-Bacterial (492).jpg,Pneumonia-Bacterial,train
C:\Users\Admin\Desktop\dataset train\Dataset\Normal\Normal (627).jpg,Normal,train
C:\Users\Admin\Desktop\dataset train\Dataset\Pneumonia-Bacterial\Pneumonia-Bacterial (421).jpg,Pneumonia-Bacterial,train
C:\Users\Admin\Desktop\dataset train\Dataset\Normal\Normal (2160).jpg,Normal,train
C:\Users\Admin\Desktop\dataset train\Dataset\Pneumonia-Viral\Pneumonia-Viral (319).jpg,Pneumonia-Viral,train
C:\Users\Admin\Desktop\dataset train\Dataset\Pneumonia-Viral\Pneumonia-Viral (370).jpg,Pneumonia-Viral,train
C:\Users\Admin\Desktop\dataset train\Dataset\Pneumonia-Viral\Pneumonia-Viral (1159).jpg,Pneumonia-Viral,train
C:\Users\Admin\Desktop\dataset train\Dataset\Pneumonia-Bacterial\Pneumonia-Bacterial (1757).jpg,Pneumonia-Bacterial,train
C:\Users\Admin\Desktop\dataset train\Dataset\Pneumonia-Bacterial\Pneumonia-Bacterial (327).jpg,Pneumonia-Bacterial,train
C:\Users\Admin\Desktop\dataset train\Dataset\Pneumonia-Viral\Pneumonia-Viral (1656).jpg,Pneumonia-Viral,train
C:\Users\Admin\Desktop\dataset train\Dataset\Pneumonia-Bacterial\Pneumonia-Bacterial (780).jpg,Pneumonia-Bacterial,train
C:\Users\Admin\Desktop\dataset train\Dataset\COVID\COVID-19 (737).jpg,COVID,train
C:\Users\Admin\Desktop\dataset train\Dataset\Pneumonia-Viral\Pneumonia-Viral (407).jpg,Pneumonia-Viral,train
C:\Users\Admin\Desktop\dataset train\Dataset\COVID\COVID-19 (1085).jpg,COVID,train
C:\Users\Admin\Desktop\dataset train\Dataset\Pneumonia-Bacterial\Pneumonia-Bacterial (1325).jpg,Pneumonia-Bacterial,train
C:\Users\Admin\Desktop\dataset train\Dataset\Pneumonia-Bacterial\Pneumonia-Bacterial (319).jpg,Pneumonia-Bacterial,train
C:\Users\Admin\Desktop\dataset train\Dataset\COVID\COVID-19 (849).jpg,COVID,train
C:\Users\Admin\Desktop\dataset train\Dataset\Pneumonia-Viral\Pneumonia-Viral (578).jpg,Pneumonia-Viral,train
C:\Users\Admin\Desktop\dataset train\Dataset\Pneumonia-Bacterial\Pneumonia-Bacterial (6).jpg,Pneumonia-Bacterial,train
C:\Users\Admin\Desktop\dataset train\Dataset\Normal\Normal (1727).jpg,Normal,train
C:\Users\Admin\Desktop\dataset train\Dataset\Normal\Normal (1787).jpg,Normal,train
C:\Users\Admin\Desktop\dataset train\Dataset\Normal\Normal (761).jpg,Normal,train
C:\Users\Admin\Desktop\dataset train\Dataset\COVID\COVID-19 (288).jpg,COVID,train
C:\Users\Admin\Desktop\dataset train\Dataset\Pneumonia-Bacterial\Pneumonia-Bacterial (1118).jpg,Pneumonia-Bacterial,train
C:\Users\Admin\Desktop\dataset train\Dataset\Pneumonia-Bacterial\Pneumonia-Bacterial (1841).jpg,Pneumonia-Bacterial,train
C:\Users\Admin\Desktop\dataset train\Dataset\Normal\Normal (1169).jpg,Normal,train
C:\Users\Admin\Desktop\dataset train\Dataset\Normal\Normal (3002).jpg,Normal,train
C:\Users\Admin\Desktop\dataset train\Dataset\Normal\Normal (476).jpg,Normal,train
C:\Users\Admin\Desktop\dataset train\Dataset\Pneumonia-Bacterial\Pneumonia-Bacterial (1539).jpg,Pneumonia-Bacterial,train
C:\Users\Admin\Desktop\dataset train\Dataset\Pneumonia-Bacterial\Pneumonia-Bacterial (2395).jpg,Pneumonia-Bacterial,train
C:\Users\Admin\Desktop\dataset train\Dataset\Normal\Normal (1675).jpg,Normal,train
C:\Users\Admin\Desktop\dataset train\Dataset\Pneumonia-Bacterial\Pneumonia-Bacterial (551).jpg,Pneumonia-Bacterial,train
C:\Users\Admin\Desktop\dataset train\Dataset\Pneumonia-Bacterial\Pneumonia-Bacterial (2044).jpg,Pneumonia-Bacterial,train
C:\Users\Admin\Desktop\dataset train\Dataset\Pneumonia-Viral\Pneumonia-Viral (912).jpg,Pneumonia-Viral,train
C:\Users\Admin\Desktop\dataset train\Dataset\Normal\Normal (1330).jpg,Normal,train
C:\Users\Admin\Desktop\dataset train\Dataset\Normal\Normal (1197).jpg,Normal,train
C:\Users\Admin\Desktop\dataset train\Dataset\Pneumonia-Viral\Pneumonia-Viral (563).jpg,Pneumonia-Viral,train
C:\Users\Admin\Desktop\dataset train\Dataset\Normal\Normal (2093).jpg,Normal,train
C:\Users\Admin\Desktop\dataset train\Dataset\Pneumonia-Bacterial\Pneumonia-Bacterial (677).jpg,Pneumonia-Bacterial,train
C:\Users\Admin\Desktop\dataset train\Dataset\Pneumonia-Bacterial\Pneumonia-Bacterial (2632).jpg,Pneumonia-Bacterial,train
C:\Users\Admin\Desktop\dataset train\Dataset\Normal\Normal (3236).jpg,Normal,train
C:\Users\Admin\Desktop\dataset train\Dataset\Pneumonia-Bacterial\Pneumonia-Bacterial (832).jpg,Pneumonia-Bacterial,train
C:\Users\Admin\Desktop\dataset train\Dataset\Normal\Normal (1503).jpg,Normal,train
C:\Users\Admin\Desktop\dataset train\Dataset\Pneumonia-Bacterial\Pneumonia-Bacterial (1268).jpg,Pneumonia-Bacterial,train
C:\Users\Admin\Desktop\dataset train\Dataset\Pneumonia-Viral\Pneumonia-Viral (915).jpg,Pneumonia-Viral,train
C:\Users\Admin\Desktop\dataset train\Dataset\Normal\Normal (1815).jpg,Normal,train
C:\Users\Admin\Desktop\dataset train\Dataset\Normal\Normal (598).jpg,Normal,train
C:\Users\Admin\Desktop\dataset train\Dataset\COVID\COVID-19 (378).jpg,COVID,train
C:\Users\Admin\Desktop\dataset train\Dataset\COVID\COVID-19 (1065).jpg,COVID,train
C:\Users\Admin\Desktop\dataset train\Dataset\Normal\Normal (2878).jpg,Normal,train
C:\Users\Admin\Desktop\dataset train\Dataset\Normal\Normal (2997).jpg,Normal,train
C:\Users\Admin\Desktop\dataset train\Dataset\Normal\Normal (1734).jpg,Normal,train
C:\Users\Admin\Desktop\dataset train\Dataset\Pneumonia-Bacterial\Pneumonia-Bacterial (3001).jpg,Pneumonia-Bacterial,train
C:\Users\Admin\Desktop\dataset train\Dataset\Pneumonia-Viral\Pneumonia-Viral (486).jpg,Pneumonia-Viral,train
C:\Users\Admin\Desktop\dataset train\Dataset\Normal\Normal (208).jpg,Normal,train
C:\Users\Admin\Desktop\dataset train\Dataset\Pneumonia-Bacterial\Pneumonia-Bacterial (1198).jpg,Pneumonia-Bacterial,train
C:\Users\Admin\Desktop\dataset train\Dataset\Normal\Normal (2766).jpg,Normal,train
C:\Users\Admin\Desktop\dataset train\Dataset\Pneumonia-Viral\Pneumonia-Viral (1546).jpg,Pneumonia-Viral,train
C:\Users\Admin\Desktop\dataset train\Dataset\Pneumonia-Bacterial\Pneumonia-Bacterial (2604).jpg,Pneumonia-Bacterial,train
C:\Users\Admin\Desktop\dataset train\Dataset\Pneumonia-Bacterial\Pneumonia-Bacterial (717).jpg,Pneumonia-Bacterial,train
C:\Users\Admin\Desktop\dataset train\Dataset\Pneumonia-Bacterial\Pneumonia-Bacterial (2246).jpg,Pneumonia-Bacterial,train
C:\Users\Admin\Desktop\dataset train\Dataset\Normal\Normal (2719).jpg,Normal,train
C:\Users\Admin\Desktop\dataset train\Dataset\Normal\Normal (85).jpg,Normal,train
C:\Users\Admin\Desktop\dataset train\Dataset\Pneumonia-Bacterial\Pneumonia-Bacterial (105).jpg,Pneumonia-Bacterial,train
C:\Users\Admin\Desktop\dataset train\Dataset\Pneumonia-Bacterial\Pneumonia-Bacterial (298).jpg,Pneumonia-Bacterial,train
C:\Users\Admin\Desktop\dataset train\Dataset\Normal\Normal (698).jpg,Normal,train
C:\Users\Admin\Desktop\dataset train\Dataset\Pneumonia-Viral\Pneumonia-Viral (1526).jpg,Pneumonia-Viral,train
C:\Users\Admin\Desktop\dataset train\Dataset\COVID\COVID-19 (676).jpg,COVID,train
C:\Users\Admin\Desktop\dataset train\Dataset\Pneumonia-Viral\Pneumonia-Viral (1107).jpg,Pneumonia-Viral,train
C:\Users\Admin\Desktop\dataset train\Dataset\Normal\Normal (2689).jpg,Normal,train
C:\Users\Admin\Desktop\dataset train\Dataset\Normal\Normal (1280).jpg,Normal,train
C:\Users\Admin\Desktop\dataset train\Dataset\COVID\COVID-19 (1075).jpg,COVID,train
C:\Users\Admin\Desktop\dataset train\Dataset\Pneumonia-Bacterial\Pneumonia-Bacterial (2682).jpg,Pneumonia-Bacterial,train
C:\Users\Admin\Desktop\dataset train\Dataset\Normal\Normal (2563).jpg,Normal,train
C:\Users\Admin\Desktop\dataset train\Dataset\COVID\COVID-19 (582).jpg,COVID,train
C:\Users\Admin\Desktop\dataset train\Dataset\Pneumonia-Bacterial\Pneumonia-Bacterial (859).jpg,Pneumonia-Bacterial,train
C:\Users\Admin\Desktop\dataset train\Dataset\Pneumonia-Viral\Pneumonia-Viral (693).jpg,Pneumonia-Viral,train
C:\Users\Admin\Desktop\dataset train\Dataset\COVID\COVID-19 (608).jpg,COVID,train
C:\Users\Admin\Desktop\dataset train\Dataset\Normal\Normal (2387).jpg,Normal,train
C:\Users\Admin\Desktop\dataset train\Dataset\Pneumonia-Bacterial\Pneumonia-Bacterial (2895).jpg,Pneumonia-Bacterial,train
C:\Users\Admin\Desktop\dataset train\Dataset\COVID\COVID-19 (1094).jpg,COVID,train
C:\Users\Admin\Desktop\dataset train\Dataset\COVID\COVID-19 (355).jpg,COVID,train
C:\Users\Admin\Desktop\dataset train\Dataset\Normal\Normal (17).jpg,Normal,train
C:\Users\Admin\Desktop\dataset train\Dataset\Pneumonia-Bacterial\Pneumonia-Bacterial (1005).jpg,Pneumonia-Bacterial,train
C:\Users\Admin\Desktop\dataset train\Dataset\Pneumonia-Bacterial\Pneumonia-Bacterial (949).jpg,Pneumonia-Bacterial,train
C:\Users\Admin\Desktop\dataset train\Dataset\Pneumonia-Viral\Pneumonia-Viral (621).jpg,Pneumonia-Viral,train
C:\Users\Admin\Desktop\dataset train\Dataset\Pneumonia-Bacterial\Pneumonia-Bacterial (2752).jpg,Pneumonia-Bacterial,train
C:\Users\Admin\Desktop\dataset train\Dataset\COVID\COVID-19 (918).jpg,COVID,train
C:\Users\Admin\Desktop\dataset train\Dataset\Pneumonia-Bacterial\Pneumonia-Bacterial (1415).jpg,Pneumonia-Bacterial,train
C:\Users\Admin\Desktop\dataset train\Dataset\Pneumonia-Bacterial\Pneumonia-Bacterial (1929).jpg,Pneumonia-Bacterial,train
C:\Users\Admin\Desktop\dataset train\Dataset\COVID\COVID-19 (811).jpg,COVID,train
C:\Users\Admin\Desktop\dataset train\Dataset\Pneumonia-Bacterial\Pneumonia-Bacterial (1903).jpg,Pneumonia-Bacterial,train
C:\Users\Admin\Desktop\dataset train\Dataset\Normal\Normal (1208).jpg,Normal,train
C:\Users\Admin\Desktop\dataset train\Dataset\Pneumonia-Bacterial\Pneumonia-Bacterial (2785).jpg,Pneumonia-Bacterial,train
C:\Users\Admin\Desktop\dataset train\Dataset\Pneumonia-Viral\Pneumonia-Viral (303).jpg,Pneumonia-Viral,train
C:\Users\Admin\Desktop\dataset train\Dataset\Pneumonia-Bacterial\Pneumonia-Bacterial (559).jpg,Pneumonia-Bacterial,train
C:\Users\Admin\Desktop\dataset train\Dataset\COVID\COVID-19 (1155).jpg,COVID,train
C:\Users\Admin\Desktop\dataset train\Dataset\Pneumonia-Bacterial\Pneumonia-Bacterial (83).jpg,Pneumonia-Bacterial,train
C:\Users\Admin\Desktop\dataset train\Dataset\Normal\Normal (1554).jpg,Normal,train
C:\Users\Admin\Desktop\dataset train\Dataset\Normal\Normal (292).jpg,Normal,train
C:\Users\Admin\Desktop\dataset train\Dataset\Normal\Normal (295).jpg,Normal,train
C:\Users\Admin\Desktop\dataset train\Dataset\Pneumonia-Bacterial\Pneumonia-Bacterial (410).jpg,Pneumonia-Bacterial,train
C:\Users\Admin\Desktop\dataset train\Dataset\Normal\Normal (2928).jpg,Normal,train
C:\Users\Admin\Desktop\dataset train\Dataset\Normal\Normal (2999).jpg,Normal,train
C:\Users\Admin\Desktop\dataset train\Dataset\COVID\COVID-19 (471).jpg,COVID,train
C:\Users\Admin\Desktop\dataset train\Dataset\Normal\Normal (3250).jpg,Normal,train
C:\Users\Admin\Desktop\dataset train\Dataset\COVID\COVID-19 (366).jpg,COVID,train
C:\Users\Admin\Desktop\dataset train\Dataset\Pneumonia-Viral\Pneumonia-Viral (398).jpg,Pneumonia-Viral,train
C:\Users\Admin\Desktop\dataset train\Dataset\Normal\Normal (3000).jpg,Normal,train
C:\Users\Admin\Desktop\dataset train\Dataset\COVID\COVID-19 (116).jpg,COVID,train
C:\Users\Admin\Desktop\dataset train\Dataset\Normal\Normal (3240).jpg,Normal,train
C:\Users\Admin\Desktop\dataset train\Dataset\Normal\Normal (2191).jpg,Normal,train
C:\Users\Admin\Desktop\dataset train\Dataset\Pneumonia-Bacterial\Pneumonia-Bacterial (2983).jpg,Pneumonia-Bacterial,train
C:\Users\Admin\Desktop\dataset train\Dataset\Pneumonia-Bacterial\Pneumonia-Bacterial (699).jpg,Pneumonia-Bacterial,train
C:\Users\Admin\Desktop\dataset train\Dataset\Normal\Normal (385).jpg,Normal,train
C:\Users\Admin\Desktop\dataset train\Dataset\COVID\COVID-19 (170).jpg,COVID,train
C:\Users\Admin\Desktop\dataset train\Dataset\Pneumonia-Viral\Pneumonia-Viral (1403).jpg,Pneumonia-Viral,train
C:\Users\Admin\Desktop\dataset train\Dataset\Normal\Normal (1216).jpg,Normal,train
C:\Users\Admin\Desktop\dataset train\Dataset\Normal\Normal (6).jpg,Normal,train
C:\Users\Admin\Desktop\dataset train\Dataset\Pneumonia-Bacterial\Pneumonia-Bacterial (811).jpg,Pneumonia-Bacterial,train
C:\Users\Admin\Desktop\dataset train\Dataset\Pneumonia-Viral\Pneumonia-Viral (1637).jpg,Pneumonia-Viral,train
C:\Users\Admin\Desktop\dataset train\Dataset\Pneumonia-Bacterial\Pneumonia-Bacterial (1956).jpg,Pneumonia-Bacterial,train
C:\Users\Admin\Desktop\dataset train\Dataset\Pneumonia-Bacterial\Pneumonia-Bacterial (1330).jpg,Pneumonia-Bacterial,train
C:\Users\Admin\Desktop\dataset train\Dataset\Pneumonia-Bacterial\Pneumonia-Bacterial (2687).jpg,Pneumonia-Bacterial,train
C:\Users\Admin\Desktop\dataset train\Dataset\COVID\COVID-19 (1076).jpg,COVID,train
C:\Users\Admin\Desktop\dataset train\Dataset\COVID\COVID-19 (881).jpg,COVID,train
C:\Users\Admin\Desktop\dataset train\Dataset\COVID\COVID-19 (372).jpg,COVID,train
C:\Users\Admin\Desktop\dataset train\Dataset\Pneumonia-Bacterial\Pneumonia-Bacterial (2396).jpg,Pneumonia-Bacterial,train
C:\Users\Admin\Desktop\dataset train\Dataset\Pneumonia-Bacterial\Pneumonia-Bacterial (1601).jpg,Pneumonia-Bacterial,train
C:\Users\Admin\Desktop\dataset train\Dataset\Normal\Normal (1405).jpg,Normal,train
C:\Users\Admin\Desktop\dataset train\Dataset\Normal\Normal (3261).jpg,Normal,train
C:\Users\Admin\Desktop\dataset train\Dataset\Pneumonia-Bacterial\Pneumonia-Bacterial (1573).jpg,Pneumonia-Bacterial,train
C:\Users\Admin\Desktop\dataset train\Dataset\Pneumonia-Viral\Pneumonia-Viral (1647).jpg,Pneumonia-Viral,train
C:\Users\Admin\Desktop\dataset train\Dataset\Pneumonia-Bacterial\Pneumonia-Bacterial (2221).jpg,Pneumonia-Bacterial,train
C:\Users\Admin\Desktop\dataset train\Dataset\Pneumonia-Bacterial\Pneumonia-Bacterial (2353).jpg,Pneumonia-Bacterial,train
C:\Users\Admin\Desktop\dataset train\Dataset\Pneumonia-Viral\Pneumonia-Viral (790).jpg,Pneumonia-Viral,train
C:\Users\Admin\Desktop\dataset train\Dataset\Normal\Normal (3153).jpg,Normal,train
C:\Users\Admin\Desktop\dataset train\Dataset\Pneumonia-Bacterial\Pneumonia-Bacterial (2719).jpg,Pneumonia-Bacterial,train
C:\Users\Admin\Desktop\dataset train\Dataset\Normal\Normal (1044).jpg,Normal,train
C:\Users\Admin\Desktop\dataset train\Dataset\Pneumonia-Bacterial\Pneumonia-Bacterial (2948).jpg,Pneumonia-Bacterial,train
C:\Users\Admin\Desktop\dataset train\Dataset\Pneumonia-Bacterial\Pneumonia-Bacterial (1936).jpg,Pneumonia-Bacterial,train
C:\Users\Admin\Desktop\dataset train\Dataset\Pneumonia-Bacterial\Pneumonia-Bacterial (2905).jpg,Pneumonia-Bacterial,train
C:\Users\Admin\Desktop\dataset train\Dataset\COVID\COVID-19 (1042).jpg,COVID,train
C:\Users\Admin\Desktop\dataset train\Dataset\Normal\Normal (1808).jpg,Normal,train
C:\Users\Admin\Desktop\dataset train\Dataset\Normal\Normal (1825).jpg,Normal,train
C:\Users\Admin\Desktop\dataset train\Dataset\Pneumonia-Bacterial\Pneumonia-Bacterial (2689).jpg,Pneumonia-Bacterial,train
C:\Users\Admin\Desktop\dataset train\Dataset\Pneumonia-Bacterial\Pneumonia-Bacterial (561).jpg,Pneumonia-Bacterial,train
C:\Users\Admin\Desktop\dataset train\Dataset\Pneumonia-Viral\Pneumonia-Viral (83).jpg,Pneumonia-Viral,train
C:\Users\Admin\Desktop\dataset train\Dataset\Normal\Normal (836).jpg,Normal,train
C:\Users\Admin\Desktop\dataset train\Dataset\Normal\Normal (574).jpg,Normal,train
C:\Users\Admin\Desktop\dataset train\Dataset\Pneumonia-Viral\Pneumonia-Viral (318).jpg,Pneumonia-Viral,train
C:\Users\Admin\Desktop\dataset train\Dataset\Normal\Normal (266).jpg,Normal,train
C:\Users\Admin\Desktop\dataset train\Dataset\Pneumonia-Viral\Pneumonia-Viral (1376).jpg,Pneumonia-Viral,train
C:\Users\Admin\Desktop\dataset train\Dataset\Pneumonia-Bacterial\Pneumonia-Bacterial (736).jpg,Pneumonia-Bacterial,train
C:\Users\Admin\Desktop\dataset train\Dataset\Pneumonia-Viral\Pneumonia-Viral (2).jpg,Pneumonia-Viral,train
C:\Users\Admin\Desktop\dataset train\Dataset\Pneumonia-Bacterial\Pneumonia-Bacterial (1109).jpg,Pneumonia-Bacterial,train
C:\Users\Admin\Desktop\dataset train\Dataset\Pneumonia-Viral\Pneumonia-Viral (32).jpg,Pneumonia-Viral,train
C:\Users\Admin\Desktop\dataset train\Dataset\Pneumonia-Viral\Pneumonia-Viral (373).jpg,Pneumonia-Viral,train
C:\Users\Admin\Desktop\dataset train\Dataset\Normal\Normal (2663).jpg,Normal,train
C:\Users\Admin\Desktop\dataset train\Dataset\Normal\Normal (337).jpg,Normal,train
C:\Users\Admin\Desktop\dataset train\Dataset\Pneumonia-Viral\Pneumonia-Viral (114).jpg,Pneumonia-Viral,train
C:\Users\Admin\Desktop\dataset train\Dataset\Pneumonia-Viral\Pneumonia-Viral (692).jpg,Pneumonia-Viral,train
C:\Users\Admin\Desktop\dataset train\Dataset\Pneumonia-Viral\Pneumonia-Viral (964).jpg,Pneumonia-Viral,train
C:\Users\Admin\Desktop\dataset train\Dataset\Normal\Normal (533).jpg,Normal,train
C:\Users\Admin\Desktop\dataset train\Dataset\Normal\Normal (1804).jpg,Normal,train
C:\Users\Admin\Desktop\dataset train\Dataset\Pneumonia-Bacterial\Pneumonia-Bacterial (2820).jpg,Pneumonia-Bacterial,train
C:\Users\Admin\Desktop\dataset train\Dataset\Normal\Normal (2486).jpg,Normal,train
C:\Users\Admin\Desktop\dataset train\Dataset\Normal\Normal (280).jpg,Normal,train
C:\Users\Admin\Desktop\dataset train\Dataset\Normal\Normal (1509).jpg,Normal,train
C:\Users\Admin\Desktop\dataset train\Dataset\COVID\COVID-19 (829).jpg,COVID,train
C:\Users\Admin\Desktop\dataset train\Dataset\Normal\Normal (1230).jpg,Normal,train
C:\Users\Admin\Desktop\dataset train\Dataset\Pneumonia-Viral\Pneumonia-Viral (1639).jpg,Pneumonia-Viral,train
C:\Users\Admin\Desktop\dataset train\Dataset\COVID\COVID-19 (193).jpg,COVID,train
C:\Users\Admin\Desktop\dataset train\Dataset\Normal\Normal (1175).jpg,Normal,train
C:\Users\Admin\Desktop\dataset train\Dataset\Normal\Normal (1002).jpg,Normal,train
C:\Users\Admin\Desktop\dataset train\Dataset\Pneumonia-Bacterial\Pneumonia-Bacterial (2570).jpg,Pneumonia-Bacterial,train
C:\Users\Admin\Desktop\dataset train\Dataset\Normal\Normal (796).jpg,Normal,train
C:\Users\Admin\Desktop\dataset train\Dataset\COVID\COVID-19 (53).jpg,COVID,train
C:\Users\Admin\Desktop\dataset train\Dataset\Pneumonia-Bacterial\Pneumonia-Bacterial (709).jpg,Pneumonia-Bacterial,train
C:\Users\Admin\Desktop\dataset train\Dataset\Normal\Normal (2097).jpg,Normal,train
C:\Users\Admin\Desktop\dataset train\Dataset\Normal\Normal (95).jpg,Normal,train
C:\Users\Admin\Desktop\dataset train\Dataset\Normal\Normal (2936).jpg,Normal,train
C:\Users\Admin\Desktop\dataset train\Dataset\Pneumonia-Bacterial\Pneumonia-Bacterial (263).jpg,Pneumonia-Bacterial,train
C:\Users\Admin\Desktop\dataset train\Dataset\Normal\Normal (131).jpg,Normal,train
C:\Users\Admin\Desktop\dataset train\Dataset\Normal\Normal (1993).jpg,Normal,train
C:\Users\Admin\Desktop\dataset train\Dataset\Pneumonia-Bacterial\Pneumonia-Bacterial (2645).jpg,Pneumonia-Bacterial,train
C:\Users\Admin\Desktop\dataset train\Dataset\Pneumonia-Bacterial\Pneumonia-Bacterial (2520).jpg,Pneumonia-Bacterial,train
C:\Users\Admin\Desktop\dataset train\Dataset\Normal\Normal (2319).jpg,Normal,train
C:\Users\Admin\Desktop\dataset train\Dataset\COVID\COVID-19 (398).jpg,COVID,train
C:\Users\Admin\Desktop\dataset train\Dataset\Normal\Normal (2513).jpg,Normal,train
C:\Users\Admin\Desktop\dataset train\Dataset\Pneumonia-Bacterial\Pneumonia-Bacterial (2552).jpg,Pneumonia-Bacterial,train
C:\Users\Admin\Desktop\dataset train\Dataset\COVID\COVID-19 (677).jpg,COVID,train
C:\Users\Admin\Desktop\dataset train\Dataset\Normal\Normal (447).jpg,Normal,train
C:\Users\Admin\Desktop\dataset train\Dataset\Pneumonia-Bacterial\Pneumonia-Bacterial (1205).jpg,Pneumonia-Bacterial,train
C:\Users\Admin\Desktop\dataset train\Dataset\Pneumonia-Bacterial\Pneumonia-Bacterial (2429).jpg,Pneumonia-Bacterial,train
C:\Users\Admin\Desktop\dataset train\Dataset\Pneumonia-Bacterial\Pneumonia-Bacterial (474).jpg,Pneumonia-Bacterial,train
C:\Users\Admin\Desktop\dataset train\Dataset\COVID\COVID-19 (359).jpg,COVID,train
C:\Users\Admin\Desktop\dataset train\Dataset\Pneumonia-Viral\Pneumonia-Viral (773).jpg,Pneumonia-Viral,train
C:\Users\Admin\Desktop\dataset train\Dataset\Normal\Normal (362).jpg,Normal,train
C:\Users\Admin\Desktop\dataset train\Dataset\Normal\Normal (1447).jpg,Normal,train
C:\Users\Admin\Desktop\dataset train\Dataset\Normal\Normal (771).jpg,Normal,train
C:\Users\Admin\Desktop\dataset train\Dataset\Pneumonia-Bacterial\Pneumonia-Bacterial (29).jpg,Pneumonia-Bacterial,train
C:\Users\Admin\Desktop\dataset train\Dataset\Pneumonia-Bacterial\Pneumonia-Bacterial (484).jpg,Pneumonia-Bacterial,train
C:\Users\Admin\Desktop\dataset train\Dataset\Pneumonia-Bacterial\Pneumonia-Bacterial (2190).jpg,Pneumonia-Bacterial,train
C:\Users\Admin\Desktop\dataset train\Dataset\Pneumonia-Viral\Pneumonia-Viral (797).jpg,Pneumonia-Viral,train
C:\Users\Admin\Desktop\dataset train\Dataset\Pneumonia-Bacterial\Pneumonia-Bacterial (2635).jpg,Pneumonia-Bacterial,train
C:\Users\Admin\Desktop\dataset train\Dataset\Normal\Normal (2288).jpg,Normal,train
C:\Users\Admin\Desktop\dataset train\Dataset\Pneumonia-Bacterial\Pneumonia-Bacterial (220).jpg,Pneumonia-Bacterial,train
C:\Users\Admin\Desktop\dataset train\Dataset\Pneumonia-Bacterial\Pneumonia-Bacterial (1492).jpg,Pneumonia-Bacterial,train
C:\Users\Admin\Desktop\dataset train\Dataset\Normal\Normal (3031).jpg,Normal,train
C:\Users\Admin\Desktop\dataset train\Dataset\Normal\Normal (2353).jpg,Normal,train
C:\Users\Admin\Desktop\dataset train\Dataset\Pneumonia-Bacterial\Pneumonia-Bacterial (200).jpg,Pneumonia-Bacterial,train
C:\Users\Admin\Desktop\dataset train\Dataset\Pneumonia-Viral\Pneumonia-Viral (76).jpg,Pneumonia-Viral,train
C:\Users\Admin\Desktop\dataset train\Dataset\Normal\Normal (413).jpg,Normal,train
C:\Users\Admin\Desktop\dataset train\Dataset\Normal\Normal (2176).jpg,Normal,train
C:\Users\Admin\Desktop\dataset train\Dataset\COVID\COVID-19 (112).jpg,COVID,train
C:\Users\Admin\Desktop\dataset train\Dataset\COVID\COVID-19 (1038).jpg,COVID,train
C:\Users\Admin\Desktop\dataset train\Dataset\Normal\Normal (2464).jpg,Normal,train
C:\Users\Admin\Desktop\dataset train\Dataset\COVID\COVID-19 (449).jpg,COVID,train
C:\Users\Admin\Desktop\dataset train\Dataset\Pneumonia-Bacterial\Pneumonia-Bacterial (2758).jpg,Pneumonia-Bacterial,train
C:\Users\Admin\Desktop\dataset train\Dataset\Pneumonia-Bacterial\Pneumonia-Bacterial (1821).jpg,Pneumonia-Bacterial,train
C:\Users\Admin\Desktop\dataset train\Dataset\Pneumonia-Bacterial\Pneumonia-Bacterial (601).jpg,Pneumonia-Bacterial,train
C:\Users\Admin\Desktop\dataset train\Dataset\COVID\COVID-19 (418).jpg,COVID,train
C:\Users\Admin\Desktop\dataset train\Dataset\COVID\COVID-19 (1128).jpg,COVID,train
C:\Users\Admin\Desktop\dataset train\Dataset\Pneumonia-Bacterial\Pneumonia-Bacterial (2980).jpg,Pneumonia-Bacterial,train
C:\Users\Admin\Desktop\dataset train\Dataset\Pneumonia-Bacterial\Pneumonia-Bacterial (1027).jpg,Pneumonia-Bacterial,train
C:\Users\Admin\Desktop\dataset train\Dataset\Normal\Normal (2290).jpg,Normal,train
C:\Users\Admin\Desktop\dataset train\Dataset\Pneumonia-Bacterial\Pneumonia-Bacterial (1597).jpg,Pneumonia-Bacterial,train
C:\Users\Admin\Desktop\dataset train\Dataset\Pneumonia-Bacterial\Pneumonia-Bacterial (1747).jpg,Pneumonia-Bacterial,train
C:\Users\Admin\Desktop\dataset train\Dataset\Normal\Normal (1722).jpg,Normal,train
C:\Users\Admin\Desktop\dataset train\Dataset\Normal\Normal (569).jpg,Normal,train
C:\Users\Admin\Desktop\dataset train\Dataset\Pneumonia-Bacterial\Pneumonia-Bacterial (2769).jpg,Pneumonia-Bacterial,train
C:\Users\Admin\Desktop\dataset train\Dataset\Pneumonia-Viral\Pneumonia-Viral (1436).jpg,Pneumonia-Viral,train
C:\Users\Admin\Desktop\dataset train\Dataset\Normal\Normal (992).jpg,Normal,train
C:\Users\Admin\Desktop\dataset train\Dataset\Normal\Normal (2269).jpg,Normal,train
C:\Users\Admin\Desktop\dataset train\Dataset\Pneumonia-Viral\Pneumonia-Viral (1133).jpg,Pneumonia-Viral,train
C:\Users\Admin\Desktop\dataset train\Dataset\Pneumonia-Bacterial\Pneumonia-Bacterial (396).jpg,Pneumonia-Bacterial,train
C:\Users\Admin\Desktop\dataset train\Dataset\Pneumonia-Viral\Pneumonia-Viral (1290).jpg,Pneumonia-Viral,train
C:\Users\Admin\Desktop\dataset train\Dataset\Pneumonia-Bacterial\Pneumonia-Bacterial (894).jpg,Pneumonia-Bacterial,train
C:\Users\Admin\Desktop\dataset train\Dataset\Pneumonia-Viral\Pneumonia-Viral (386).jpg,Pneumonia-Viral,train
C:\Users\Admin\Desktop\dataset train\Dataset\Pneumonia-Viral\Pneumonia-Viral (879).jpg,Pneumonia-Viral,train
C:\Users\Admin\Desktop\dataset train\Dataset\COVID\COVID-19 (235).jpg,COVID,train
C:\Users\Admin\Desktop\dataset train\Dataset\Pneumonia-Bacterial\Pneumonia-Bacterial (2825).jpg,Pneumonia-Bacterial,train
C:\Users\Admin\Desktop\dataset train\Dataset\Pneumonia-Viral\Pneumonia-Viral (1544).jpg,Pneumonia-Viral,train
C:\Users\Admin\Desktop\dataset train\Dataset\Pneumonia-Bacterial\Pneumonia-Bacterial (931).jpg,Pneumonia-Bacterial,train
C:\Users\Admin\Desktop\dataset train\Dataset\Pneumonia-Viral\Pneumonia-Viral (969).jpg,Pneumonia-Viral,train
C:\Users\Admin\Desktop\dataset train\Dataset\Normal\Normal (464).jpg,Normal,train
C:\Users\Admin\Desktop\dataset train\Dataset\COVID\COVID-19 (343).jpg,COVID,train
C:\Users\Admin\Desktop\dataset train\Dataset\Pneumonia-Viral\Pneumonia-Viral (308).jpg,Pneumonia-Viral,train
C:\Users\Admin\Desktop\dataset train\Dataset\Normal\Normal (1061).jpg,Normal,train
C:\Users\Admin\Desktop\dataset train\Dataset\Normal\Normal (2358).jpg,Normal,train
C:\Users\Admin\Desktop\dataset train\Dataset\Normal\Normal (2594).jpg,Normal,train
C:\Users\Admin\Desktop\dataset train\Dataset\Pneumonia-Bacterial\Pneumonia-Bacterial (466).jpg,Pneumonia-Bacterial,train
C:\Users\Admin\Desktop\dataset train\Dataset\Normal\Normal (1622).jpg,Normal,train
C:\Users\Admin\Desktop\dataset train\Dataset\Pneumonia-Bacterial\Pneumonia-Bacterial (1686).jpg,Pneumonia-Bacterial,train
C:\Users\Admin\Desktop\dataset train\Dataset\Pneumonia-Bacterial\Pneumonia-Bacterial (1966).jpg,Pneumonia-Bacterial,train
C:\Users\Admin\Desktop\dataset train\Dataset\Pneumonia-Viral\Pneumonia-Viral (1308).jpg,Pneumonia-Viral,train
C:\Users\Admin\Desktop\dataset train\Dataset\Pneumonia-Bacterial\Pneumonia-Bacterial (2027).jpg,Pneumonia-Bacterial,train
C:\Users\Admin\Desktop\dataset train\Dataset\Pneumonia-Bacterial\Pneumonia-Bacterial (2416).jpg,Pneumonia-Bacterial,train
C:\Users\Admin\Desktop\dataset train\Dataset\Pneumonia-Bacterial\Pneumonia-Bacterial (1418).jpg,Pneumonia-Bacterial,train
C:\Users\Admin\Desktop\dataset train\Dataset\Normal\Normal (1837).jpg,Normal,train
C:\Users\Admin\Desktop\dataset train\Dataset\Normal\Normal (55).jpg,Normal,train
C:\Users\Admin\Desktop\dataset train\Dataset\Pneumonia-Viral\Pneumonia-Viral (785).jpg,Pneumonia-Viral,train
C:\Users\Admin\Desktop\dataset train\Dataset\Pneumonia-Bacterial\Pneumonia-Bacterial (2443).jpg,Pneumonia-Bacterial,train
C:\Users\Admin\Desktop\dataset train\Dataset\COVID\COVID-19 (1158).jpg,COVID,train
C:\Users\Admin\Desktop\dataset train\Dataset\Pneumonia-Viral\Pneumonia-Viral (933).jpg,Pneumonia-Viral,train
C:\Users\Admin\Desktop\dataset train\Dataset\COVID\COVID-19 (573).jpg,COVID,train
C:\Users\Admin\Desktop\dataset train\Dataset\Pneumonia-Bacterial\Pneumonia-Bacterial (1084).jpg,Pneumonia-Bacterial,train
C:\Users\Admin\Desktop\dataset train\Dataset\Normal\Normal (307).jpg,Normal,train
C:\Users\Admin\Desktop\dataset train\Dataset\Pneumonia-Viral\Pneumonia-Viral (1574).jpg,Pneumonia-Viral,train
C:\Users\Admin\Desktop\dataset train\Dataset\Pneumonia-Bacterial\Pneumonia-Bacterial (2729).jpg,Pneumonia-Bacterial,train
C:\Users\Admin\Desktop\dataset train\Dataset\Pneumonia-Bacterial\Pneumonia-Bacterial (858).jpg,Pneumonia-Bacterial,train
C:\Users\Admin\Desktop\dataset train\Dataset\Pneumonia-Viral\Pneumonia-Viral (869).jpg,Pneumonia-Viral,train
C:\Users\Admin\Desktop\dataset train\Dataset\Pneumonia-Viral\Pneumonia-Viral (191).jpg,Pneumonia-Viral,train
C:\Users\Admin\Desktop\dataset train\Dataset\Pneumonia-Viral\Pneumonia-Viral (1310).jpg,Pneumonia-Viral,train
C:\Users\Admin\Desktop\dataset train\Dataset\Normal\Normal (40).jpg,Normal,train
C:\Users\Admin\Desktop\dataset train\Dataset\Pneumonia-Bacterial\Pneumonia-Bacterial (1295).jpg,Pneumonia-Bacterial,train
C:\Users\Admin\Desktop\dataset train\Dataset\COVID\COVID-19 (1057).jpg,COVID,train
C:\Users\Admin\Desktop\dataset train\Dataset\Pneumonia-Bacterial\Pneumonia-Bacterial (1417).jpg,Pneumonia-Bacterial,train
C:\Users\Admin\Desktop\dataset train\Dataset\Normal\Normal (3083).jpg,Normal,train
C:\Users\Admin\Desktop\dataset train\Dataset\Normal\Normal (1785).jpg,Normal,train
C:\Users\Admin\Desktop\dataset train\Dataset\Normal\Normal (2312).jpg,Normal,train
C:\Users\Admin\Desktop\dataset train\Dataset\Normal\Normal (3005).jpg,Normal,train
C:\Users\Admin\Desktop\dataset train\Dataset\Normal\Normal (2734).jpg,Normal,train
C:\Users\Admin\Desktop\dataset train\Dataset\Pneumonia-Bacterial\Pneumonia-Bacterial (151).jpg,Pneumonia-Bacterial,train
C:\Users\Admin\Desktop\dataset train\Dataset\Pneumonia-Bacterial\Pneumonia-Bacterial (165).jpg,Pneumonia-Bacterial,train
C:\Users\Admin\Desktop\dataset train\Dataset\Pneumonia-Bacterial\Pneumonia-Bacterial (1314).jpg,Pneumonia-Bacterial,train
C:\Users\Admin\Desktop\dataset train\Dataset\Normal\Normal (3220).jpg,Normal,train
C:\Users\Admin\Desktop\dataset train\Dataset\Pneumonia-Viral\Pneumonia-Viral (1261).jpg,Pneumonia-Viral,train
C:\Users\Admin\Desktop\dataset train\Dataset\Pneumonia-Bacterial\Pneumonia-Bacterial (1006).jpg,Pneumonia-Bacterial,train
C:\Users\Admin\Desktop\dataset train\Dataset\Pneumonia-Bacterial\Pneumonia-Bacterial (375).jpg,Pneumonia-Bacterial,train
C:\Users\Admin\Desktop\dataset train\Dataset\Pneumonia-Bacterial\Pneumonia-Bacterial (646).jpg,Pneumonia-Bacterial,train
C:\Users\Admin\Desktop\dataset train\Dataset\Normal\Normal (1142).jpg,Normal,train
C:\Users\Admin\Desktop\dataset train\Dataset\Normal\Normal (2151).jpg,Normal,train
C:\Users\Admin\Desktop\dataset train\Dataset\Normal\Normal (128).jpg,Normal,train
C:\Users\Admin\Desktop\dataset train\Dataset\Pneumonia-Bacterial\Pneumonia-Bacterial (2859).jpg,Pneumonia-Bacterial,train
C:\Users\Admin\Desktop\dataset train\Dataset\Normal\Normal (1766).jpg,Normal,train
C:\Users\Admin\Desktop\dataset train\Dataset\Pneumonia-Bacterial\Pneumonia-Bacterial (160).jpg,Pneumonia-Bacterial,train
C:\Users\Admin\Desktop\dataset train\Dataset\Normal\Normal (2883).jpg,Normal,train
C:\Users\Admin\Desktop\dataset train\Dataset\Pneumonia-Bacterial\Pneumonia-Bacterial (352).jpg,Pneumonia-Bacterial,train
C:\Users\Admin\Desktop\dataset train\Dataset\Pneumonia-Bacterial\Pneumonia-Bacterial (2857).jpg,Pneumonia-Bacterial,train
C:\Users\Admin\Desktop\dataset train\Dataset\Normal\Normal (1748).jpg,Normal,train
C:\Users\Admin\Desktop\dataset train\Dataset\Pneumonia-Bacterial\Pneumonia-Bacterial (2584).jpg,Pneumonia-Bacterial,train
C:\Users\Admin\Desktop\dataset train\Dataset\COVID\COVID-19 (822).jpg,COVID,train
C:\Users\Admin\Desktop\dataset train\Dataset\Pneumonia-Viral\Pneumonia-Viral (1130).jpg,Pneumonia-Viral,train
C:\Users\Admin\Desktop\dataset train\Dataset\Pneumonia-Viral\Pneumonia-Viral (701).jpg,Pneumonia-Viral,train
C:\Users\Admin\Desktop\dataset train\Dataset\Pneumonia-Bacterial\Pneumonia-Bacterial (2505).jpg,Pneumonia-Bacterial,train
C:\Users\Admin\Desktop\dataset train\Dataset\COVID\COVID-19 (899).jpg,COVID,train
C:\Users\Admin\Desktop\dataset train\Dataset\COVID\COVID-19 (1232).jpg,COVID,train
C:\Users\Admin\Desktop\dataset train\Dataset\Pneumonia-Bacterial\Pneumonia-Bacterial (1353).jpg,Pneumonia-Bacterial,train
C:\Users\Admin\Desktop\dataset train\Dataset\Normal\Normal (2583).jpg,Normal,train
C:\Users\Admin\Desktop\dataset train\Dataset\Pneumonia-Viral\Pneumonia-Viral (971).jpg,Pneumonia-Viral,train
C:\Users\Admin\Desktop\dataset train\Dataset\Pneumonia-Bacterial\Pneumonia-Bacterial (2323).jpg,Pneumonia-Bacterial,train
C:\Users\Admin\Desktop\dataset train\Dataset\Pneumonia-Bacterial\Pneumonia-Bacterial (682).jpg,Pneumonia-Bacterial,train
C:\Users\Admin\Desktop\dataset train\Dataset\Pneumonia-Bacterial\Pneumonia-Bacterial (2630).jpg,Pneumonia-Bacterial,train
C:\Users\Admin\Desktop\dataset train\Dataset\Normal\Normal (262).jpg,Normal,train
C:\Users\Admin\Desktop\dataset train\Dataset\Normal\Normal (57).jpg,Normal,train
C:\Users\Admin\Desktop\dataset train\Dataset\Normal\Normal (1379).jpg,Normal,train
C:\Users\Admin\Desktop\dataset train\Dataset\Pneumonia-Viral\Pneumonia-Viral (449).jpg,Pneumonia-Viral,train
C:\Users\Admin\Desktop\dataset train\Dataset\Pneumonia-Bacterial\Pneumonia-Bacterial (670).jpg,Pneumonia-Bacterial,train
C:\Users\Admin\Desktop\dataset train\Dataset\Pneumonia-Bacterial\Pneumonia-Bacterial (1365).jpg,Pneumonia-Bacterial,train
C:\Users\Admin\Desktop\dataset train\Dataset\Pneumonia-Viral\Pneumonia-Viral (322).jpg,Pneumonia-Viral,train
C:\Users\Admin\Desktop\dataset train\Dataset\COVID\COVID-19 (920).jpg,COVID,train
C:\Users\Admin\Desktop\dataset train\Dataset\Normal\Normal (2769).jpg,Normal,train
C:\Users\Admin\Desktop\dataset train\Dataset\Pneumonia-Bacterial\Pneumonia-Bacterial (488).jpg,Pneumonia-Bacterial,train
C:\Users\Admin\Desktop\dataset train\Dataset\COVID\COVID-19 (1248).jpg,COVID,train
C:\Users\Admin\Desktop\dataset train\Dataset\Normal\Normal (557).jpg,Normal,train
C:\Users\Admin\Desktop\dataset train\Dataset\Normal\Normal (527).jpg,Normal,train
C:\Users\Admin\Desktop\dataset train\Dataset\Pneumonia-Bacterial\Pneumonia-Bacterial (2500).jpg,Pneumonia-Bacterial,train
C:\Users\Admin\Desktop\dataset train\Dataset\Pneumonia-Viral\Pneumonia-Viral (520).jpg,Pneumonia-Viral,train
C:\Users\Admin\Desktop\dataset train\Dataset\Pneumonia-Viral\Pneumonia-Viral (1193).jpg,Pneumonia-Viral,train
C:\Users\Admin\Desktop\dataset train\Dataset\COVID\COVID-19 (821).jpg,COVID,train
C:\Users\Admin\Desktop\dataset train\Dataset\COVID\COVID-19 (595).jpg,COVID,train
C:\Users\Admin\Desktop\dataset train\Dataset\Normal\Normal (3018).jpg,Normal,train
C:\Users\Admin\Desktop\dataset train\Dataset\Pneumonia-Viral\Pneumonia-Viral (1229).jpg,Pneumonia-Viral,train
C:\Users\Admin\Desktop\dataset train\Dataset\Normal\Normal (2251).jpg,Normal,train
C:\Users\Admin\Desktop\dataset train\Dataset\Pneumonia-Bacterial\Pneumonia-Bacterial (2625).jpg,Pneumonia-Bacterial,train
C:\Users\Admin\Desktop\dataset train\Dataset\Normal\Normal (1168).jpg,Normal,train
C:\Users\Admin\Desktop\dataset train\Dataset\Normal\Normal (80).jpg,Normal,train
C:\Users\Admin\Desktop\dataset train\Dataset\Normal\Normal (2002).jpg,Normal,train
C:\Users\Admin\Desktop\dataset train\Dataset\Normal\Normal (1362).jpg,Normal,train
C:\Users\Admin\Desktop\dataset train\Dataset\Normal\Normal (1537).jpg,Normal,train
C:\Users\Admin\Desktop\dataset train\Dataset\Pneumonia-Viral\Pneumonia-Viral (595).jpg,Pneumonia-Viral,train
C:\Users\Admin\Desktop\dataset train\Dataset\Normal\Normal (1402).jpg,Normal,train
C:\Users\Admin\Desktop\dataset train\Dataset\Pneumonia-Bacterial\Pneumonia-Bacterial (2896).jpg,Pneumonia-Bacterial,train
C:\Users\Admin\Desktop\dataset train\Dataset\Normal\Normal (3119).jpg,Normal,train
C:\Users\Admin\Desktop\dataset train\Dataset\Pneumonia-Bacterial\Pneumonia-Bacterial (2818).jpg,Pneumonia-Bacterial,train
C:\Users\Admin\Desktop\dataset train\Dataset\COVID\COVID-19 (195).jpg,COVID,train
C:\Users\Admin\Desktop\dataset train\Dataset\COVID\COVID-19 (254).jpg,COVID,train
C:\Users\Admin\Desktop\dataset train\Dataset\Pneumonia-Bacterial\Pneumonia-Bacterial (178).jpg,Pneumonia-Bacterial,train
C:\Users\Admin\Desktop\dataset train\Dataset\Pneumonia-Viral\Pneumonia-Viral (1283).jpg,Pneumonia-Viral,train
C:\Users\Admin\Desktop\dataset train\Dataset\Pneumonia-Bacterial\Pneumonia-Bacterial (231).jpg,Pneumonia-Bacterial,train
C:\Users\Admin\Desktop\dataset train\Dataset\Pneumonia-Viral\Pneumonia-Viral (1136).jpg,Pneumonia-Viral,train
C:\Users\Admin\Desktop\dataset train\Dataset\Normal\Normal (813).jpg,Normal,train
C:\Users\Admin\Desktop\dataset train\Dataset\Pneumonia-Viral\Pneumonia-Viral (1472).jpg,Pneumonia-Viral,train
C:\Users\Admin\Desktop\dataset train\Dataset\Pneumonia-Bacterial\Pneumonia-Bacterial (2691).jpg,Pneumonia-Bacterial,train
C:\Users\Admin\Desktop\dataset train\Dataset\Normal\Normal (1224).jpg,Normal,train
C:\Users\Admin\Desktop\dataset train\Dataset\Normal\Normal (3156).jpg,Normal,train
C:\Users\Admin\Desktop\dataset train\Dataset\Pneumonia-Viral\Pneumonia-Viral (1624).jpg,Pneumonia-Viral,train
C:\Users\Admin\Desktop\dataset train\Dataset\Normal\Normal (1695).jpg,Normal,train
C:\Users\Admin\Desktop\dataset train\Dataset\Pneumonia-Viral\Pneumonia-Viral (1491).jpg,Pneumonia-Viral,train
C:\Users\Admin\Desktop\dataset train\Dataset\Pneumonia-Viral\Pneumonia-Viral (230).jpg,Pneumonia-Viral,train
C:\Users\Admin\Desktop\dataset train\Dataset\Pneumonia-Viral\Pneumonia-Viral (223).jpg,Pneumonia-Viral,train
C:\Users\Admin\Desktop\dataset train\Dataset\Pneumonia-Bacterial\Pneumonia-Bacterial (836).jpg,Pneumonia-Bacterial,train
C:\Users\Admin\Desktop\dataset train\Dataset\Normal\Normal (2858).jpg,Normal,train
C:\Users\Admin\Desktop\dataset train\Dataset\Normal\Normal (2060).jpg,Normal,train
C:\Users\Admin\Desktop\dataset train\Dataset\Normal\Normal (2873).jpg,Normal,train
C:\Users\Admin\Desktop\dataset train\Dataset\Normal\Normal (1780).jpg,Normal,train
C:\Users\Admin\Desktop\dataset train\Dataset\COVID\COVID-19 (578).jpg,COVID,train
C:\Users\Admin\Desktop\dataset train\Dataset\Normal\Normal (822).jpg,Normal,train
C:\Users\Admin\Desktop\dataset train\Dataset\Normal\Normal (2853).jpg,Normal,train
C:\Users\Admin\Desktop\dataset train\Dataset\Normal\Normal (2205).jpg,Normal,train
C:\Users\Admin\Desktop\dataset train\Dataset\Pneumonia-Bacterial\Pneumonia-Bacterial (698).jpg,Pneumonia-Bacterial,train
C:\Users\Admin\Desktop\dataset train\Dataset\Pneumonia-Bacterial\Pneumonia-Bacterial (2393).jpg,Pneumonia-Bacterial,train
C:\Users\Admin\Desktop\dataset train\Dataset\Pneumonia-Viral\Pneumonia-Viral (780).jpg,Pneumonia-Viral,train
C:\Users\Admin\Desktop\dataset train\Dataset\Normal\Normal (3130).jpg,Normal,train
C:\Users\Admin\Desktop\dataset train\Dataset\Pneumonia-Bacterial\Pneumonia-Bacterial (1723).jpg,Pneumonia-Bacterial,train
C:\Users\Admin\Desktop\dataset train\Dataset\Normal\Normal (2713).jpg,Normal,train
C:\Users\Admin\Desktop\dataset train\Dataset\Pneumonia-Viral\Pneumonia-Viral (362).jpg,Pneumonia-Viral,train
C:\Users\Admin\Desktop\dataset train\Dataset\Pneumonia-Viral\Pneumonia-Viral (295).jpg,Pneumonia-Viral,train
C:\Users\Admin\Desktop\dataset train\Dataset\Normal\Normal (882).jpg,Normal,train
C:\Users\Admin\Desktop\dataset train\Dataset\COVID\COVID-19 (651).jpg,COVID,train
C:\Users\Admin\Desktop\dataset train\Dataset\Pneumonia-Bacterial\Pneumonia-Bacterial (1953).jpg,Pneumonia-Bacterial,train
C:\Users\Admin\Desktop\dataset train\Dataset\Pneumonia-Bacterial\Pneumonia-Bacterial (2254).jpg,Pneumonia-Bacterial,train
C:\Users\Admin\Desktop\dataset train\Dataset\Pneumonia-Bacterial\Pneumonia-Bacterial (2268).jpg,Pneumonia-Bacterial,train
C:\Users\Admin\Desktop\dataset train\Dataset\Normal\Normal (896).jpg,Normal,train
C:\Users\Admin\Desktop\dataset train\Dataset\Normal\Normal (1700).jpg,Normal,train
C:\Users\Admin\Desktop\dataset train\Dataset\Normal\Normal (2324).jpg,Normal,train
C:\Users\Admin\Desktop\dataset train\Dataset\Normal\Normal (2478).jpg,Normal,train
C:\Users\Admin\Desktop\dataset train\Dataset\Normal\Normal (1167).jpg,Normal,train
C:\Users\Admin\Desktop\dataset train\Dataset\Pneumonia-Bacterial\Pneumonia-Bacterial (261).jpg,Pneumonia-Bacterial,train
C:\Users\Admin\Desktop\dataset train\Dataset\Normal\Normal (2284).jpg,Normal,train
C:\Users\Admin\Desktop\dataset train\Dataset\Pneumonia-Viral\Pneumonia-Viral (167).jpg,Pneumonia-Viral,train
C:\Users\Admin\Desktop\dataset train\Dataset\COVID\COVID-19 (1111).jpg,COVID,train
C:\Users\Admin\Desktop\dataset train\Dataset\COVID\COVID-19 (1061).jpg,COVID,train
C:\Users\Admin\Desktop\dataset train\Dataset\Pneumonia-Bacterial\Pneumonia-Bacterial (1904).jpg,Pneumonia-Bacterial,train
C:\Users\Admin\Desktop\dataset train\Dataset\Pneumonia-Viral\Pneumonia-Viral (757).jpg,Pneumonia-Viral,train
C:\Users\Admin\Desktop\dataset train\Dataset\Pneumonia-Viral\Pneumonia-Viral (1297).jpg,Pneumonia-Viral,train
C:\Users\Admin\Desktop\dataset train\Dataset\Normal\Normal (2422).jpg,Normal,train
C:\Users\Admin\Desktop\dataset train\Dataset\Pneumonia-Bacterial\Pneumonia-Bacterial (2155).jpg,Pneumonia-Bacterial,train
C:\Users\Admin\Desktop\dataset train\Dataset\Normal\Normal (705).jpg,Normal,train
C:\Users\Admin\Desktop\dataset train\Dataset\COVID\COVID-19 (1145).jpg,COVID,train
C:\Users\Admin\Desktop\dataset train\Dataset\Normal\Normal (2258).jpg,Normal,train
C:\Users\Admin\Desktop\dataset train\Dataset\Normal\Normal (1213).jpg,Normal,train
C:\Users\Admin\Desktop\dataset train\Dataset\Pneumonia-Viral\Pneumonia-Viral (288).jpg,Pneumonia-Viral,train
C:\Users\Admin\Desktop\dataset train\Dataset\Normal\Normal (1376).jpg,Normal,train
C:\Users\Admin\Desktop\dataset train\Dataset\Pneumonia-Viral\Pneumonia-Viral (272).jpg,Pneumonia-Viral,train
C:\Users\Admin\Desktop\dataset train\Dataset\Pneumonia-Bacterial\Pneumonia-Bacterial (2931).jpg,Pneumonia-Bacterial,train
C:\Users\Admin\Desktop\dataset train\Dataset\Normal\Normal (2880).jpg,Normal,train
C:\Users\Admin\Desktop\dataset train\Dataset\Pneumonia-Bacterial\Pneumonia-Bacterial (1899).jpg,Pneumonia-Bacterial,train
C:\Users\Admin\Desktop\dataset train\Dataset\COVID\COVID-19 (756).jpg,COVID,train
C:\Users\Admin\Desktop\dataset train\Dataset\Pneumonia-Bacterial\Pneumonia-Bacterial (1612).jpg,Pneumonia-Bacterial,train
C:\Users\Admin\Desktop\dataset train\Dataset\COVID\COVID-19 (507).jpg,COVID,train
C:\Users\Admin\Desktop\dataset train\Dataset\COVID\COVID-19 (229).jpg,COVID,train
C:\Users\Admin\Desktop\dataset train\Dataset\COVID\COVID-19 (85).jpg,COVID,train
C:\Users\Admin\Desktop\dataset train\Dataset\Pneumonia-Bacterial\Pneumonia-Bacterial (936).jpg,Pneumonia-Bacterial,train
C:\Users\Admin\Desktop\dataset train\Dataset\Pneumonia-Bacterial\Pneumonia-Bacterial (239).jpg,Pneumonia-Bacterial,train
C:\Users\Admin\Desktop\dataset train\Dataset\Normal\Normal (2435).jpg,Normal,train
C:\Users\Admin\Desktop\dataset train\Dataset\Pneumonia-Bacterial\Pneumonia-Bacterial (430).jpg,Pneumonia-Bacterial,train
C:\Users\Admin\Desktop\dataset train\Dataset\Pneumonia-Bacterial\Pneumonia-Bacterial (71).jpg,Pneumonia-Bacterial,train
C:\Users\Admin\Desktop\dataset train\Dataset\COVID\COVID-19 (548).jpg,COVID,train
C:\Users\Admin\Desktop\dataset train\Dataset\Normal\Normal (2891).jpg,Normal,train
C:\Users\Admin\Desktop\dataset train\Dataset\Normal\Normal (2725).jpg,Normal,train
C:\Users\Admin\Desktop\dataset train\Dataset\Pneumonia-Viral\Pneumonia-Viral (170).jpg,Pneumonia-Viral,train
C:\Users\Admin\Desktop\dataset train\Dataset\Normal\Normal (514).jpg,Normal,train
C:\Users\Admin\Desktop\dataset train\Dataset\COVID\COVID-19 (639).jpg,COVID,train
C:\Users\Admin\Desktop\dataset train\Dataset\Pneumonia-Viral\Pneumonia-Viral (940).jpg,Pneumonia-Viral,train
C:\Users\Admin\Desktop\dataset train\Dataset\COVID\COVID-19 (1066).jpg,COVID,train
C:\Users\Admin\Desktop\dataset train\Dataset\Pneumonia-Bacterial\Pneumonia-Bacterial (2196).jpg,Pneumonia-Bacterial,train
C:\Users\Admin\Desktop\dataset train\Dataset\Normal\Normal (139).jpg,Normal,train
C:\Users\Admin\Desktop\dataset train\Dataset\Pneumonia-Bacterial\Pneumonia-Bacterial (1489).jpg,Pneumonia-Bacterial,train
C:\Users\Admin\Desktop\dataset train\Dataset\Normal\Normal (3006).jpg,Normal,train
C:\Users\Admin\Desktop\dataset train\Dataset\Pneumonia-Bacterial\Pneumonia-Bacterial (801).jpg,Pneumonia-Bacterial,train
C:\Users\Admin\Desktop\dataset train\Dataset\Normal\Normal (45).jpg,Normal,train
C:\Users\Admin\Desktop\dataset train\Dataset\Pneumonia-Bacterial\Pneumonia-Bacterial (1961).jpg,Pneumonia-Bacterial,train
C:\Users\Admin\Desktop\dataset train\Dataset\Normal\Normal (3213).jpg,Normal,train
C:\Users\Admin\Desktop\dataset train\Dataset\Normal\Normal (2560).jpg,Normal,train
C:\Users\Admin\Desktop\dataset train\Dataset\Normal\Normal (1932).jpg,Normal,train
C:\Users\Admin\Desktop\dataset train\Dataset\Pneumonia-Bacterial\Pneumonia-Bacterial (457).jpg,Pneumonia-Bacterial,train
C:\Users\Admin\Desktop\dataset train\Dataset\Pneumonia-Viral\Pneumonia-Viral (418).jpg,Pneumonia-Viral,train
C:\Users\Admin\Desktop\dataset train\Dataset\Normal\Normal (1465).jpg,Normal,train
C:\Users\Admin\Desktop\dataset train\Dataset\Normal\Normal (2992).jpg,Normal,train
C:\Users\Admin\Desktop\dataset train\Dataset\Pneumonia-Bacterial\Pneumonia-Bacterial (117).jpg,Pneumonia-Bacterial,train
C:\Users\Admin\Desktop\dataset train\Dataset\Pneumonia-Viral\Pneumonia-Viral (22).jpg,Pneumonia-Viral,train
C:\Users\Admin\Desktop\dataset train\Dataset\Pneumonia-Bacterial\Pneumonia-Bacterial (2727).jpg,Pneumonia-Bacterial,train
C:\Users\Admin\Desktop\dataset train\Dataset\Pneumonia-Viral\Pneumonia-Viral (580).jpg,Pneumonia-Viral,train
C:\Users\Admin\Desktop\dataset train\Dataset\Pneumonia-Bacterial\Pneumonia-Bacterial (315).jpg,Pneumonia-Bacterial,train
C:\Users\Admin\Desktop\dataset train\Dataset\Normal\Normal (995).jpg,Normal,train
C:\Users\Admin\Desktop\dataset train\Dataset\COVID\COVID-19 (944).jpg,COVID,train
C:\Users\Admin\Desktop\dataset train\Dataset\COVID\COVID-19 (440).jpg,COVID,train
C:\Users\Admin\Desktop\dataset train\Dataset\Pneumonia-Bacterial\Pneumonia-Bacterial (1819).jpg,Pneumonia-Bacterial,train
C:\Users\Admin\Desktop\dataset train\Dataset\Normal\Normal (825).jpg,Normal,train
C:\Users\Admin\Desktop\dataset train\Dataset\COVID\COVID-19 (334).jpg,COVID,train
C:\Users\Admin\Desktop\dataset train\Dataset\COVID\COVID-19 (228).jpg,COVID,train
C:\Users\Admin\Desktop\dataset train\Dataset\Pneumonia-Bacterial\Pneumonia-Bacterial (1972).jpg,Pneumonia-Bacterial,train
C:\Users\Admin\Desktop\dataset train\Dataset\Pneumonia-Bacterial\Pneumonia-Bacterial (1199).jpg,Pneumonia-Bacterial,train
C:\Users\Admin\Desktop\dataset train\Dataset\Normal\Normal (2329).jpg,Normal,train
C:\Users\Admin\Desktop\dataset train\Dataset\Normal\Normal (1048).jpg,Normal,train
C:\Users\Admin\Desktop\dataset train\Dataset\Pneumonia-Bacterial\Pneumonia-Bacterial (2876).jpg,Pneumonia-Bacterial,train
C:\Users\Admin\Desktop\dataset train\Dataset\Pneumonia-Bacterial\Pneumonia-Bacterial (1052).jpg,Pneumonia-Bacterial,train
C:\Users\Admin\Desktop\dataset train\Dataset\Pneumonia-Viral\Pneumonia-Viral (842).jpg,Pneumonia-Viral,train
C:\Users\Admin\Desktop\dataset train\Dataset\Normal\Normal (2624).jpg,Normal,train
C:\Users\Admin\Desktop\dataset train\Dataset\Normal\Normal (1012).jpg,Normal,train
C:\Users\Admin\Desktop\dataset train\Dataset\Normal\Normal (2525).jpg,Normal,train
C:\Users\Admin\Desktop\dataset train\Dataset\Normal\Normal (845).jpg,Normal,train
C:\Users\Admin\Desktop\dataset train\Dataset\Pneumonia-Viral\Pneumonia-Viral (1353).jpg,Pneumonia-Viral,train
C:\Users\Admin\Desktop\dataset train\Dataset\Pneumonia-Viral\Pneumonia-Viral (1098).jpg,Pneumonia-Viral,train
C:\Users\Admin\Desktop\dataset train\Dataset\Pneumonia-Viral\Pneumonia-Viral (942).jpg,Pneumonia-Viral,train
C:\Users\Admin\Desktop\dataset train\Dataset\Pneumonia-Viral\Pneumonia-Viral (1420).jpg,Pneumonia-Viral,train
C:\Users\Admin\Desktop\dataset train\Dataset\Normal\Normal (2321).jpg,Normal,train
C:\Users\Admin\Desktop\dataset train\Dataset\COVID\COVID-19 (901).jpg,COVID,train
C:\Users\Admin\Desktop\dataset train\Dataset\Normal\Normal (2672).jpg,Normal,train
C:\Users\Admin\Desktop\dataset train\Dataset\Pneumonia-Bacterial\Pneumonia-Bacterial (2056).jpg,Pneumonia-Bacterial,train
C:\Users\Admin\Desktop\dataset train\Dataset\Pneumonia-Bacterial\Pneumonia-Bacterial (1664).jpg,Pneumonia-Bacterial,train
C:\Users\Admin\Desktop\dataset train\Dataset\Normal\Normal (3242).jpg,Normal,train
C:\Users\Admin\Desktop\dataset train\Dataset\Pneumonia-Bacterial\Pneumonia-Bacterial (1536).jpg,Pneumonia-Bacterial,train
C:\Users\Admin\Desktop\dataset train\Dataset\Normal\Normal (955).jpg,Normal,train
C:\Users\Admin\Desktop\dataset train\Dataset\Pneumonia-Bacterial\Pneumonia-Bacterial (2119).jpg,Pneumonia-Bacterial,train
C:\Users\Admin\Desktop\dataset train\Dataset\Normal\Normal (343).jpg,Normal,train
C:\Users\Admin\Desktop\dataset train\Dataset\Normal\Normal (2287).jpg,Normal,train
C:\Users\Admin\Desktop\dataset train\Dataset\Normal\Normal (1253).jpg,Normal,train
C:\Users\Admin\Desktop\dataset train\Dataset\COVID\COVID-19 (879).jpg,COVID,train
C:\Users\Admin\Desktop\dataset train\Dataset\Normal\Normal (3144).jpg,Normal,train
C:\Users\Admin\Desktop\dataset train\Dataset\Normal\Normal (3097).jpg,Normal,train
C:\Users\Admin\Desktop\dataset train\Dataset\Pneumonia-Viral\Pneumonia-Viral (161).jpg,Pneumonia-Viral,train
C:\Users\Admin\Desktop\dataset train\Dataset\Pneumonia-Bacterial\Pneumonia-Bacterial (2410).jpg,Pneumonia-Bacterial,train
C:\Users\Admin\Desktop\dataset train\Dataset\Normal\Normal (2018).jpg,Normal,train
C:\Users\Admin\Desktop\dataset train\Dataset\Normal\Normal (1409).jpg,Normal,train
C:\Users\Admin\Desktop\dataset train\Dataset\Pneumonia-Viral\Pneumonia-Viral (323).jpg,Pneumonia-Viral,train
C:\Users\Admin\Desktop\dataset train\Dataset\Pneumonia-Bacterial\Pneumonia-Bacterial (2830).jpg,Pneumonia-Bacterial,train
C:\Users\Admin\Desktop\dataset train\Dataset\Normal\Normal (1759).jpg,Normal,train
C:\Users\Admin\Desktop\dataset train\Dataset\Pneumonia-Bacterial\Pneumonia-Bacterial (2918).jpg,Pneumonia-Bacterial,train
C:\Users\Admin\Desktop\dataset train\Dataset\Pneumonia-Bacterial\Pneumonia-Bacterial (518).jpg,Pneumonia-Bacterial,train
C:\Users\Admin\Desktop\dataset train\Dataset\Normal\Normal (987).jpg,Normal,train
C:\Users\Admin\Desktop\dataset train\Dataset\Normal\Normal (1478).jpg,Normal,train
C:\Users\Admin\Desktop\dataset train\Dataset\Normal\Normal (916).jpg,Normal,train
C:\Users\Admin\Desktop\dataset train\Dataset\Normal\Normal (2360).jpg,Normal,train
C:\Users\Admin\Desktop\dataset train\Dataset\Normal\Normal (2430).jpg,Normal,train
C:\Users\Admin\Desktop\dataset train\Dataset\Normal\Normal (2010).jpg,Normal,train
C:\Users\Admin\Desktop\dataset train\Dataset\Pneumonia-Viral\Pneumonia-Viral (492).jpg,Pneumonia-Viral,train
C:\Users\Admin\Desktop\dataset train\Dataset\Normal\Normal (1495).jpg,Normal,train
C:\Users\Admin\Desktop\dataset train\Dataset\COVID\COVID-19 (273).jpg,COVID,train
C:\Users\Admin\Desktop\dataset train\Dataset\Normal\Normal (691).jpg,Normal,train
C:\Users\Admin\Desktop\dataset train\Dataset\Normal\Normal (2068).jpg,Normal,train
C:\Users\Admin\Desktop\dataset train\Dataset\Pneumonia-Bacterial\Pneumonia-Bacterial (1753).jpg,Pneumonia-Bacterial,train
C:\Users\Admin\Desktop\dataset train\Dataset\Pneumonia-Bacterial\Pneumonia-Bacterial (2614).jpg,Pneumonia-Bacterial,train
C:\Users\Admin\Desktop\dataset train\Dataset\Normal\Normal (2234).jpg,Normal,train
C:\Users\Admin\Desktop\dataset train\Dataset\COVID\COVID-19 (1161).jpg,COVID,train
C:\Users\Admin\Desktop\dataset train\Dataset\Pneumonia-Viral\Pneumonia-Viral (1524).jpg,Pneumonia-Viral,train
C:\Users\Admin\Desktop\dataset train\Dataset\Pneumonia-Viral\Pneumonia-Viral (1358).jpg,Pneumonia-Viral,train
C:\Users\Admin\Desktop\dataset train\Dataset\Pneumonia-Bacterial\Pneumonia-Bacterial (538).jpg,Pneumonia-Bacterial,train
C:\Users\Admin\Desktop\dataset train\Dataset\Pneumonia-Bacterial\Pneumonia-Bacterial (109).jpg,Pneumonia-Bacterial,train
C:\Users\Admin\Desktop\dataset train\Dataset\Pneumonia-Viral\Pneumonia-Viral (1145).jpg,Pneumonia-Viral,train
C:\Users\Admin\Desktop\dataset train\Dataset\Pneumonia-Bacterial\Pneumonia-Bacterial (1478).jpg,Pneumonia-Bacterial,train
C:\Users\Admin\Desktop\dataset train\Dataset\Normal\Normal (2263).jpg,Normal,train
C:\Users\Admin\Desktop\dataset train\Dataset\Pneumonia-Bacterial\Pneumonia-Bacterial (1547).jpg,Pneumonia-Bacterial,train
C:\Users\Admin\Desktop\dataset train\Dataset\Normal\Normal (740).jpg,Normal,train
C:\Users\Admin\Desktop\dataset train\Dataset\Normal\Normal (504).jpg,Normal,train
C:\Users\Admin\Desktop\dataset train\Dataset\Pneumonia-Bacterial\Pneumonia-Bacterial (1106).jpg,Pneumonia-Bacterial,train
C:\Users\Admin\Desktop\dataset train\Dataset\Normal\Normal (120).jpg,Normal,train
C:\Users\Admin\Desktop\dataset train\Dataset\Pneumonia-Viral\Pneumonia-Viral (1134).jpg,Pneumonia-Viral,train
C:\Users\Admin\Desktop\dataset train\Dataset\Normal\Normal (234).jpg,Normal,train
C:\Users\Admin\Desktop\dataset train\Dataset\Pneumonia-Viral\Pneumonia-Viral (516).jpg,Pneumonia-Viral,train
C:\Users\Admin\Desktop\dataset train\Dataset\Normal\Normal (3076).jpg,Normal,train
C:\Users\Admin\Desktop\dataset train\Dataset\Normal\Normal (613).jpg,Normal,train
C:\Users\Admin\Desktop\dataset train\Dataset\Pneumonia-Bacterial\Pneumonia-Bacterial (2264).jpg,Pneumonia-Bacterial,train
C:\Users\Admin\Desktop\dataset train\Dataset\Normal\Normal (3127).jpg,Normal,train
C:\Users\Admin\Desktop\dataset train\Dataset\Normal\Normal (145).jpg,Normal,train
C:\Users\Admin\Desktop\dataset train\Dataset\Pneumonia-Viral\Pneumonia-Viral (1504).jpg,Pneumonia-Viral,train
C:\Users\Admin\Desktop\dataset train\Dataset\Normal\Normal (1856).jpg,Normal,train
C:\Users\Admin\Desktop\dataset train\Dataset\Normal\Normal (2908).jpg,Normal,train
C:\Users\Admin\Desktop\dataset train\Dataset\Normal\Normal (2392).jpg,Normal,train
C:\Users\Admin\Desktop\dataset train\Dataset\Normal\Normal (2336).jpg,Normal,train
C:\Users\Admin\Desktop\dataset train\Dataset\Pneumonia-Bacterial\Pneumonia-Bacterial (1065).jpg,Pneumonia-Bacterial,train
C:\Users\Admin\Desktop\dataset train\Dataset\Pneumonia-Bacterial\Pneumonia-Bacterial (44).jpg,Pneumonia-Bacterial,train
C:\Users\Admin\Desktop\dataset train\Dataset\COVID\COVID-19 (1242).jpg,COVID,train
C:\Users\Admin\Desktop\dataset train\Dataset\Pneumonia-Bacterial\Pneumonia-Bacterial (2277).jpg,Pneumonia-Bacterial,train
C:\Users\Admin\Desktop\dataset train\Dataset\Normal\Normal (3054).jpg,Normal,train
C:\Users\Admin\Desktop\dataset train\Dataset\Pneumonia-Bacterial\Pneumonia-Bacterial (810).jpg,Pneumonia-Bacterial,train
C:\Users\Admin\Desktop\dataset train\Dataset\Normal\Normal (578).jpg,Normal,train
C:\Users\Admin\Desktop\dataset train\Dataset\Normal\Normal (2481).jpg,Normal,train
C:\Users\Admin\Desktop\dataset train\Dataset\Pneumonia-Viral\Pneumonia-Viral (1417).jpg,Pneumonia-Viral,train
C:\Users\Admin\Desktop\dataset train\Dataset\Pneumonia-Viral\Pneumonia-Viral (848).jpg,Pneumonia-Viral,train
C:\Users\Admin\Desktop\dataset train\Dataset\COVID\COVID-19 (872).jpg,COVID,train
C:\Users\Admin\Desktop\dataset train\Dataset\Normal\Normal (576).jpg,Normal,train
C:\Users\Admin\Desktop\dataset train\Dataset\Pneumonia-Bacterial\Pneumonia-Bacterial (1348).jpg,Pneumonia-Bacterial,train
C:\Users\Admin\Desktop\dataset train\Dataset\COVID\COVID-19 (569).jpg,COVID,train
C:\Users\Admin\Desktop\dataset train\Dataset\Normal\Normal (1533).jpg,Normal,train
C:\Users\Admin\Desktop\dataset train\Dataset\Pneumonia-Bacterial\Pneumonia-Bacterial (1990).jpg,Pneumonia-Bacterial,train
C:\Users\Admin\Desktop\dataset train\Dataset\Pneumonia-Viral\Pneumonia-Viral (1083).jpg,Pneumonia-Viral,train
C:\Users\Admin\Desktop\dataset train\Dataset\Normal\Normal (2275).jpg,Normal,train
C:\Users\Admin\Desktop\dataset train\Dataset\Normal\Normal (1080).jpg,Normal,train
C:\Users\Admin\Desktop\dataset train\Dataset\Pneumonia-Viral\Pneumonia-Viral (749).jpg,Pneumonia-Viral,train
C:\Users\Admin\Desktop\dataset train\Dataset\Pneumonia-Bacterial\Pneumonia-Bacterial (2873).jpg,Pneumonia-Bacterial,train
C:\Users\Admin\Desktop\dataset train\Dataset\Pneumonia-Viral\Pneumonia-Viral (431).jpg,Pneumonia-Viral,train
C:\Users\Admin\Desktop\dataset train\Dataset\Pneumonia-Viral\Pneumonia-Viral (959).jpg,Pneumonia-Viral,train
C:\Users\Admin\Desktop\dataset train\Dataset\Pneumonia-Bacterial\Pneumonia-Bacterial (1897).jpg,Pneumonia-Bacterial,train
C:\Users\Admin\Desktop\dataset train\Dataset\Pneumonia-Bacterial\Pneumonia-Bacterial (1290).jpg,Pneumonia-Bacterial,train
C:\Users\Admin\Desktop\dataset train\Dataset\COVID\COVID-19 (606).jpg,COVID,train
C:\Users\Admin\Desktop\dataset train\Dataset\Normal\Normal (1010).jpg,Normal,train
C:\Users\Admin\Desktop\dataset train\Dataset\Pneumonia-Viral\Pneumonia-Viral (143).jpg,Pneumonia-Viral,train
C:\Users\Admin\Desktop\dataset train\Dataset\Pneumonia-Bacterial\Pneumonia-Bacterial (2640).jpg,Pneumonia-Bacterial,train
C:\Users\Admin\Desktop\dataset train\Dataset\Normal\Normal (1970).jpg,Normal,train
C:\Users\Admin\Desktop\dataset train\Dataset\Pneumonia-Viral\Pneumonia-Viral (891).jpg,Pneumonia-Viral,train
C:\Users\Admin\Desktop\dataset train\Dataset\Normal\Normal (1895).jpg,Normal,train
C:\Users\Admin\Desktop\dataset train\Dataset\COVID\COVID-19 (894).jpg,COVID,train
C:\Users\Admin\Desktop\dataset train\Dataset\Pneumonia-Bacterial\Pneumonia-Bacterial (1479).jpg,Pneumonia-Bacterial,train
C:\Users\Admin\Desktop\dataset train\Dataset\Normal\Normal (351).jpg,Normal,train
C:\Users\Admin\Desktop\dataset train\Dataset\Pneumonia-Bacterial\Pneumonia-Bacterial (2170).jpg,Pneumonia-Bacterial,train
C:\Users\Admin\Desktop\dataset train\Dataset\Pneumonia-Viral\Pneumonia-Viral (1033).jpg,Pneumonia-Viral,train
C:\Users\Admin\Desktop\dataset train\Dataset\COVID\COVID-19 (492).jpg,COVID,train
C:\Users\Admin\Desktop\dataset train\Dataset\COVID\COVID-19 (294).jpg,COVID,train
C:\Users\Admin\Desktop\dataset train\Dataset\Pneumonia-Bacterial\Pneumonia-Bacterial (595).jpg,Pneumonia-Bacterial,train
C:\Users\Admin\Desktop\dataset train\Dataset\Pneumonia-Bacterial\Pneumonia-Bacterial (2142).jpg,Pneumonia-Bacterial,train
C:\Users\Admin\Desktop\dataset train\Dataset\Normal\Normal (883).jpg,Normal,train
C:\Users\Admin\Desktop\dataset train\Dataset\Pneumonia-Bacterial\Pneumonia-Bacterial (2994).jpg,Pneumonia-Bacterial,train
C:\Users\Admin\Desktop\dataset train\Dataset\COVID\COVID-19 (1100).jpg,COVID,train
C:\Users\Admin\Desktop\dataset train\Dataset\COVID\COVID-19 (655).jpg,COVID,train
C:\Users\Admin\Desktop\dataset train\Dataset\Pneumonia-Bacterial\Pneumonia-Bacterial (333).jpg,Pneumonia-Bacterial,train
C:\Users\Admin\Desktop\dataset train\Dataset\Pneumonia-Bacterial\Pneumonia-Bacterial (254).jpg,Pneumonia-Bacterial,train
C:\Users\Admin\Desktop\dataset train\Dataset\Pneumonia-Bacterial\Pneumonia-Bacterial (2436).jpg,Pneumonia-Bacterial,train
C:\Users\Admin\Desktop\dataset train\Dataset\Normal\Normal (84).jpg,Normal,train
C:\Users\Admin\Desktop\dataset train\Dataset\Pneumonia-Bacterial\Pneumonia-Bacterial (391).jpg,Pneumonia-Bacterial,train
C:\Users\Admin\Desktop\dataset train\Dataset\Normal\Normal (1696).jpg,Normal,train
C:\Users\Admin\Desktop\dataset train\Dataset\Pneumonia-Bacterial\Pneumonia-Bacterial (95).jpg,Pneumonia-Bacterial,train
C:\Users\Admin\Desktop\dataset train\Dataset\Normal\Normal (1103).jpg,Normal,train
C:\Users\Admin\Desktop\dataset train\Dataset\Normal\Normal (440).jpg,Normal,train
C:\Users\Admin\Desktop\dataset train\Dataset\Pneumonia-Bacterial\Pneumonia-Bacterial (2733).jpg,Pneumonia-Bacterial,train
C:\Users\Admin\Desktop\dataset train\Dataset\Normal\Normal (1801).jpg,Normal,train
C:\Users\Admin\Desktop\dataset train\Dataset\Pneumonia-Bacterial\Pneumonia-Bacterial (2636).jpg,Pneumonia-Bacterial,train
C:\Users\Admin\Desktop\dataset train\Dataset\Pneumonia-Viral\Pneumonia-Viral (817).jpg,Pneumonia-Viral,train
C:\Users\Admin\Desktop\dataset train\Dataset\Normal\Normal (2601).jpg,Normal,train
C:\Users\Admin\Desktop\dataset train\Dataset\Pneumonia-Bacterial\Pneumonia-Bacterial (2503).jpg,Pneumonia-Bacterial,train
C:\Users\Admin\Desktop\dataset train\Dataset\Normal\Normal (2483).jpg,Normal,train
C:\Users\Admin\Desktop\dataset train\Dataset\Normal\Normal (1238).jpg,Normal,train
C:\Users\Admin\Desktop\dataset train\Dataset\Pneumonia-Bacterial\Pneumonia-Bacterial (617).jpg,Pneumonia-Bacterial,train
C:\Users\Admin\Desktop\dataset train\Dataset\Normal\Normal (311).jpg,Normal,train
C:\Users\Admin\Desktop\dataset train\Dataset\Pneumonia-Bacterial\Pneumonia-Bacterial (813).jpg,Pneumonia-Bacterial,train
C:\Users\Admin\Desktop\dataset train\Dataset\Pneumonia-Bacterial\Pneumonia-Bacterial (2455).jpg,Pneumonia-Bacterial,train
C:\Users\Admin\Desktop\dataset train\Dataset\Normal\Normal (3239).jpg,Normal,train
C:\Users\Admin\Desktop\dataset train\Dataset\Pneumonia-Bacterial\Pneumonia-Bacterial (290).jpg,Pneumonia-Bacterial,train
C:\Users\Admin\Desktop\dataset train\Dataset\Pneumonia-Bacterial\Pneumonia-Bacterial (1530).jpg,Pneumonia-Bacterial,train
C:\Users\Admin\Desktop\dataset train\Dataset\Normal\Normal (2186).jpg,Normal,train
C:\Users\Admin\Desktop\dataset train\Dataset\Pneumonia-Viral\Pneumonia-Viral (739).jpg,Pneumonia-Viral,train
C:\Users\Admin\Desktop\dataset train\Dataset\Pneumonia-Viral\Pneumonia-Viral (374).jpg,Pneumonia-Viral,train
C:\Users\Admin\Desktop\dataset train\Dataset\Normal\Normal (2036).jpg,Normal,train
C:\Users\Admin\Desktop\dataset train\Dataset\COVID\COVID-19 (579).jpg,COVID,train
C:\Users\Admin\Desktop\dataset train\Dataset\COVID\COVID-19 (500).jpg,COVID,train
C:\Users\Admin\Desktop\dataset train\Dataset\Pneumonia-Bacterial\Pneumonia-Bacterial (332).jpg,Pneumonia-Bacterial,train
C:\Users\Admin\Desktop\dataset train\Dataset\Pneumonia-Bacterial\Pneumonia-Bacterial (264).jpg,Pneumonia-Bacterial,train
C:\Users\Admin\Desktop\dataset train\Dataset\Pneumonia-Viral\Pneumonia-Viral (1109).jpg,Pneumonia-Viral,train
C:\Users\Admin\Desktop\dataset train\Dataset\Pneumonia-Bacterial\Pneumonia-Bacterial (2903).jpg,Pneumonia-Bacterial,train
C:\Users\Admin\Desktop\dataset train\Dataset\Pneumonia-Bacterial\Pneumonia-Bacterial (2212).jpg,Pneumonia-Bacterial,train
C:\Users\Admin\Desktop\dataset train\Dataset\Normal\Normal (54).jpg,Normal,train
C:\Users\Admin\Desktop\dataset train\Dataset\Pneumonia-Bacterial\Pneumonia-Bacterial (2169).jpg,Pneumonia-Bacterial,train
C:\Users\Admin\Desktop\dataset train\Dataset\Normal\Normal (1371).jpg,Normal,train
C:\Users\Admin\Desktop\dataset train\Dataset\Normal\Normal (209).jpg,Normal,train
C:\Users\Admin\Desktop\dataset train\Dataset\Pneumonia-Bacterial\Pneumonia-Bacterial (1535).jpg,Pneumonia-Bacterial,train
C:\Users\Admin\Desktop\dataset train\Dataset\Normal\Normal (1484).jpg,Normal,train
C:\Users\Admin\Desktop\dataset train\Dataset\COVID\COVID-19 (632).jpg,COVID,train
C:\Users\Admin\Desktop\dataset train\Dataset\Pneumonia-Bacterial\Pneumonia-Bacterial (1599).jpg,Pneumonia-Bacterial,train
C:\Users\Admin\Desktop\dataset train\Dataset\Pneumonia-Bacterial\Pneumonia-Bacterial (423).jpg,Pneumonia-Bacterial,train
C:\Users\Admin\Desktop\dataset train\Dataset\Normal\Normal (3124).jpg,Normal,train
C:\Users\Admin\Desktop\dataset train\Dataset\Pneumonia-Bacterial\Pneumonia-Bacterial (1452).jpg,Pneumonia-Bacterial,train
C:\Users\Admin\Desktop\dataset train\Dataset\Pneumonia-Viral\Pneumonia-Viral (195).jpg,Pneumonia-Viral,train
C:\Users\Admin\Desktop\dataset train\Dataset\Pneumonia-Viral\Pneumonia-Viral (1388).jpg,Pneumonia-Viral,train
C:\Users\Admin\Desktop\dataset train\Dataset\Normal\Normal (2016).jpg,Normal,train
C:\Users\Admin\Desktop\dataset train\Dataset\Normal\Normal (672).jpg,Normal,train
C:\Users\Admin\Desktop\dataset train\Dataset\Pneumonia-Bacterial\Pneumonia-Bacterial (1789).jpg,Pneumonia-Bacterial,train
C:\Users\Admin\Desktop\dataset train\Dataset\Pneumonia-Bacterial\Pneumonia-Bacterial (240).jpg,Pneumonia-Bacterial,train
C:\Users\Admin\Desktop\dataset train\Dataset\Normal\Normal (3052).jpg,Normal,train
C:\Users\Admin\Desktop\dataset train\Dataset\Normal\Normal (971).jpg,Normal,train
C:\Users\Admin\Desktop\dataset train\Dataset\Normal\Normal (1570).jpg,Normal,train
C:\Users\Admin\Desktop\dataset train\Dataset\Pneumonia-Viral\Pneumonia-Viral (142).jpg,Pneumonia-Viral,train
C:\Users\Admin\Desktop\dataset train\Dataset\Pneumonia-Bacterial\Pneumonia-Bacterial (378).jpg,Pneumonia-Bacterial,train
C:\Users\Admin\Desktop\dataset train\Dataset\Pneumonia-Viral\Pneumonia-Viral (1029).jpg,Pneumonia-Viral,train
C:\Users\Admin\Desktop\dataset train\Dataset\Normal\Normal (2589).jpg,Normal,train
C:\Users\Admin\Desktop\dataset train\Dataset\Pneumonia-Bacterial\Pneumonia-Bacterial (1192).jpg,Pneumonia-Bacterial,train
C:\Users\Admin\Desktop\dataset train\Dataset\Pneumonia-Viral\Pneumonia-Viral (1569).jpg,Pneumonia-Viral,train
C:\Users\Admin\Desktop\dataset train\Dataset\COVID\COVID-19 (926).jpg,COVID,train
C:\Users\Admin\Desktop\dataset train\Dataset\Normal\Normal (1595).jpg,Normal,train
C:\Users\Admin\Desktop\dataset train\Dataset\Pneumonia-Bacterial\Pneumonia-Bacterial (654).jpg,Pneumonia-Bacterial,train
C:\Users\Admin\Desktop\dataset train\Dataset\Pneumonia-Bacterial\Pneumonia-Bacterial (382).jpg,Pneumonia-Bacterial,train
C:\Users\Admin\Desktop\dataset train\Dataset\Pneumonia-Viral\Pneumonia-Viral (956).jpg,Pneumonia-Viral,val
C:\Users\Admin\Desktop\dataset train\Dataset\Normal\Normal (3168).jpg,Normal,val
C:\Users\Admin\Desktop\dataset train\Dataset\Normal\Normal (419).jpg,Normal,val
C:\Users\Admin\Desktop\dataset train\Dataset\Normal\Normal (100).jpg,Normal,val
C:\Users\Admin\Desktop\dataset train\Dataset\Normal\Normal (2304).jpg,Normal,val
C:\Users\Admin\Desktop\dataset train\Dataset\Pneumonia-Viral\Pneumonia-Viral (602).jpg,Pneumonia-Viral,val
C:\Users\Admin\Desktop\dataset train\Dataset\Normal\Normal (492).jpg,Normal,val
C:\Users\Admin\Desktop\dataset train\Dataset\Pneumonia-Viral\Pneumonia-Viral (648).jpg,Pneumonia-Viral,val
C:\Users\Admin\Desktop\dataset train\Dataset\Pneumonia-Bacterial\Pneumonia-Bacterial (2608).jpg,Pneumonia-Bacterial,val
C:\Users\Admin\Desktop\dataset train\Dataset\Pneumonia-Bacterial\Pneumonia-Bacterial (889).jpg,Pneumonia-Bacterial,val
C:\Users\Admin\Desktop\dataset train\Dataset\Pneumonia-Bacterial\Pneumonia-Bacterial (802).jpg,Pneumonia-Bacterial,val
C:\Users\Admin\Desktop\dataset train\Dataset\Pneumonia-Bacterial\Pneumonia-Bacterial (800).jpg,Pneumonia-Bacterial,val
C:\Users\Admin\Desktop\dataset train\Dataset\COVID\COVID-19 (1101).jpg,COVID,val
C:\Users\Admin\Desktop\dataset train\Dataset\Pneumonia-Bacterial\Pneumonia-Bacterial (2220).jpg,Pneumonia-Bacterial,val
C:\Users\Admin\Desktop\dataset train\Dataset\COVID\COVID-19 (310).jpg,COVID,val
C:\Users\Admin\Desktop\dataset train\Dataset\Pneumonia-Bacterial\Pneumonia-Bacterial (870).jpg,Pneumonia-Bacterial,val
C:\Users\Admin\Desktop\dataset train\Dataset\Pneumonia-Bacterial\Pneumonia-Bacterial (1742).jpg,Pneumonia-Bacterial,val
C:\Users\Admin\Desktop\dataset train\Dataset\Normal\Normal (72).jpg,Normal,val
C:\Users\Admin\Desktop\dataset train\Dataset\Normal\Normal (1014).jpg,Normal,val
C:\Users\Admin\Desktop\dataset train\Dataset\COVID\COVID-19 (842).jpg,COVID,val
C:\Users\Admin\Desktop\dataset train\Dataset\Pneumonia-Bacterial\Pneumonia-Bacterial (1045).jpg,Pneumonia-Bacterial,val
C:\Users\Admin\Desktop\dataset train\Dataset\Normal\Normal (1271).jpg,Normal,val
C:\Users\Admin\Desktop\dataset train\Dataset\Pneumonia-Bacterial\Pneumonia-Bacterial (1196).jpg,Pneumonia-Bacterial,val
C:\Users\Admin\Desktop\dataset train\Dataset\COVID\COVID-19 (303).jpg,COVID,val
C:\Users\Admin\Desktop\dataset train\Dataset\Pneumonia-Bacterial\Pneumonia-Bacterial (2802).jpg,Pneumonia-Bacterial,val
C:\Users\Admin\Desktop\dataset train\Dataset\Normal\Normal (2155).jpg,Normal,val
C:\Users\Admin\Desktop\dataset train\Dataset\Pneumonia-Viral\Pneumonia-Viral (231).jpg,Pneumonia-Viral,val
C:\Users\Admin\Desktop\dataset train\Dataset\Pneumonia-Bacterial\Pneumonia-Bacterial (1752).jpg,Pneumonia-Bacterial,val
C:\Users\Admin\Desktop\dataset train\Dataset\Pneumonia-Bacterial\Pneumonia-Bacterial (48).jpg,Pneumonia-Bacterial,val
C:\Users\Admin\Desktop\dataset train\Dataset\Normal\Normal (1655).jpg,Normal,val
C:\Users\Admin\Desktop\dataset train\Dataset\Pneumonia-Viral\Pneumonia-Viral (814).jpg,Pneumonia-Viral,val
C:\Users\Admin\Desktop\dataset train\Dataset\Normal\Normal (934).jpg,Normal,val
C:\Users\Admin\Desktop\dataset train\Dataset\Pneumonia-Bacterial\Pneumonia-Bacterial (981).jpg,Pneumonia-Bacterial,val
C:\Users\Admin\Desktop\dataset train\Dataset\Pneumonia-Bacterial\Pneumonia-Bacterial (186).jpg,Pneumonia-Bacterial,val
C:\Users\Admin\Desktop\dataset train\Dataset\Normal\Normal (1312).jpg,Normal,val
C:\Users\Admin\Desktop\dataset train\Dataset\Pneumonia-Viral\Pneumonia-Viral (397).jpg,Pneumonia-Viral,val
C:\Users\Admin\Desktop\dataset train\Dataset\COVID\COVID-19 (780).jpg,COVID,val
C:\Users\Admin\Desktop\dataset train\Dataset\Pneumonia-Bacterial\Pneumonia-Bacterial (772).jpg,Pneumonia-Bacterial,val
C:\Users\Admin\Desktop\dataset train\Dataset\Pneumonia-Bacterial\Pneumonia-Bacterial (1067).jpg,Pneumonia-Bacterial,val
C:\Users\Admin\Desktop\dataset train\Dataset\Normal\Normal (394).jpg,Normal,val
C:\Users\Admin\Desktop\dataset train\Dataset\COVID\COVID-19 (305).jpg,COVID,val
C:\Users\Admin\Desktop\dataset train\Dataset\Normal\Normal (2313).jpg,Normal,val
C:\Users\Admin\Desktop\dataset train\Dataset\Pneumonia-Viral\Pneumonia-Viral (1059).jpg,Pneumonia-Viral,val
C:\Users\Admin\Desktop\dataset train\Dataset\Pneumonia-Viral\Pneumonia-Viral (262).jpg,Pneumonia-Viral,val
C:\Users\Admin\Desktop\dataset train\Dataset\Normal\Normal (2782).jpg,Normal,val
C:\Users\Admin\Desktop\dataset train\Dataset\Pneumonia-Viral\Pneumonia-Viral (1208).jpg,Pneumonia-Viral,val
C:\Users\Admin\Desktop\dataset train\Dataset\Normal\Normal (2193).jpg,Normal,val
C:\Users\Admin\Desktop\dataset train\Dataset\Pneumonia-Bacterial\Pneumonia-Bacterial (2141).jpg,Pneumonia-Bacterial,val
C:\Users\Admin\Desktop\dataset train\Dataset\Pneumonia-Viral\Pneumonia-Viral (185).jpg,Pneumonia-Viral,val
C:\Users\Admin\Desktop\dataset train\Dataset\Pneumonia-Bacterial\Pneumonia-Bacterial (1328).jpg,Pneumonia-Bacterial,val
C:\Users\Admin\Desktop\dataset train\Dataset\Pneumonia-Bacterial\Pneumonia-Bacterial (2990).jpg,Pneumonia-Bacterial,val
C:\Users\Admin\Desktop\dataset train\Dataset\Pneumonia-Bacterial\Pneumonia-Bacterial (1214).jpg,Pneumonia-Bacterial,val
C:\Users\Admin\Desktop\dataset train\Dataset\Pneumonia-Viral\Pneumonia-Viral (1140).jpg,Pneumonia-Viral,val
C:\Users\Admin\Desktop\dataset train\Dataset\COVID\COVID-19 (198).jpg,COVID,val
C:\Users\Admin\Desktop\dataset train\Dataset\Pneumonia-Viral\Pneumonia-Viral (1516).jpg,Pneumonia-Viral,val
C:\Users\Admin\Desktop\dataset train\Dataset\Normal\Normal (658).jpg,Normal,val
C:\Users\Admin\Desktop\dataset train\Dataset\Normal\Normal (1888).jpg,Normal,val
C:\Users\Admin\Desktop\dataset train\Dataset\Normal\Normal (2919).jpg,Normal,val
C:\Users\Admin\Desktop\dataset train\Dataset\Pneumonia-Bacterial\Pneumonia-Bacterial (47).jpg,Pneumonia-Bacterial,val
C:\Users\Admin\Desktop\dataset train\Dataset\COVID\COVID-19 (1046).jpg,COVID,val
C:\Users\Admin\Desktop\dataset train\Dataset\Normal\Normal (2122).jpg,Normal,val
C:\Users\Admin\Desktop\dataset train\Dataset\Pneumonia-Viral\Pneumonia-Viral (1069).jpg,Pneumonia-Viral,val
C:\Users\Admin\Desktop\dataset train\Dataset\Normal\Normal (2305).jpg,Normal,val
C:\Users\Admin\Desktop\dataset train\Dataset\Normal\Normal (2473).jpg,Normal,val
C:\Users\Admin\Desktop\dataset train\Dataset\Normal\Normal (495).jpg,Normal,val
C:\Users\Admin\Desktop\dataset train\Dataset\COVID\COVID-19 (358).jpg,COVID,val
C:\Users\Admin\Desktop\dataset train\Dataset\Pneumonia-Viral\Pneumonia-Viral (628).jpg,Pneumonia-Viral,val
C:\Users\Admin\Desktop\dataset train\Dataset\Pneumonia-Bacterial\Pneumonia-Bacterial (2002).jpg,Pneumonia-Bacterial,val
C:\Users\Admin\Desktop\dataset train\Dataset\COVID\COVID-19 (302).jpg,COVID,val
C:\Users\Admin\Desktop\dataset train\Dataset\Pneumonia-Viral\Pneumonia-Viral (1280).jpg,Pneumonia-Viral,val
C:\Users\Admin\Desktop\dataset train\Dataset\Pneumonia-Viral\Pneumonia-Viral (284).jpg,Pneumonia-Viral,val
C:\Users\Admin\Desktop\dataset train\Dataset\Pneumonia-Bacterial\Pneumonia-Bacterial (947).jpg,Pneumonia-Bacterial,val
C:\Users\Admin\Desktop\dataset train\Dataset\Normal\Normal (243).jpg,Normal,val
C:\Users\Admin\Desktop\dataset train\Dataset\Normal\Normal (1634).jpg,Normal,val
C:\Users\Admin\Desktop\dataset train\Dataset\Pneumonia-Bacterial\Pneumonia-Bacterial (2580).jpg,Pneumonia-Bacterial,val
C:\Users\Admin\Desktop\dataset train\Dataset\Pneumonia-Bacterial\Pneumonia-Bacterial (921).jpg,Pneumonia-Bacterial,val
C:\Users\Admin\Desktop\dataset train\Dataset\COVID\COVID-19 (422).jpg,COVID,val
C:\Users\Admin\Desktop\dataset train\Dataset\Pneumonia-Viral\Pneumonia-Viral (103).jpg,Pneumonia-Viral,val
C:\Users\Admin\Desktop\dataset train\Dataset\Pneumonia-Bacterial\Pneumonia-Bacterial (1685).jpg,Pneumonia-Bacterial,val
C:\Users\Admin\Desktop\dataset train\Dataset\Normal\Normal (2604).jpg,Normal,val
C:\Users\Admin\Desktop\dataset train\Dataset\Pneumonia-Bacterial\Pneumonia-Bacterial (2951).jpg,Pneumonia-Bacterial,val
C:\Users\Admin\Desktop\dataset train\Dataset\Normal\Normal (3027).jpg,Normal,val
C:\Users\Admin\Desktop\dataset train\Dataset\Pneumonia-Bacterial\Pneumonia-Bacterial (1326).jpg,Pneumonia-Bacterial,val
C:\Users\Admin\Desktop\dataset train\Dataset\Pneumonia-Bacterial\Pneumonia-Bacterial (2938).jpg,Pneumonia-Bacterial,val
C:\Users\Admin\Desktop\dataset train\Dataset\Normal\Normal (2787).jpg,Normal,val
C:\Users\Admin\Desktop\dataset train\Dataset\Pneumonia-Bacterial\Pneumonia-Bacterial (23).jpg,Pneumonia-Bacterial,val
C:\Users\Admin\Desktop\dataset train\Dataset\COVID\COVID-19 (1160).jpg,COVID,val
C:\Users\Admin\Desktop\dataset train\Dataset\COVID\COVID-19 (1013).jpg,COVID,val
C:\Users\Admin\Desktop\dataset train\Dataset\Normal\Normal (3154).jpg,Normal,val
C:\Users\Admin\Desktop\dataset train\Dataset\Pneumonia-Bacterial\Pneumonia-Bacterial (626).jpg,Pneumonia-Bacterial,val
C:\Users\Admin\Desktop\dataset train\Dataset\COVID\COVID-19 (114).jpg,COVID,val
C:\Users\Admin\Desktop\dataset train\Dataset\Normal\Normal (3183).jpg,Normal,val
C:\Users\Admin\Desktop\dataset train\Dataset\Pneumonia-Bacterial\Pneumonia-Bacterial (541).jpg,Pneumonia-Bacterial,val
C:\Users\Admin\Desktop\dataset train\Dataset\Pneumonia-Viral\Pneumonia-Viral (376).jpg,Pneumonia-Viral,val
C:\Users\Admin\Desktop\dataset train\Dataset\Pneumonia-Bacterial\Pneumonia-Bacterial (2704).jpg,Pneumonia-Bacterial,val
C:\Users\Admin\Desktop\dataset train\Dataset\Pneumonia-Bacterial\Pneumonia-Bacterial (2679).jpg,Pneumonia-Bacterial,val
C:\Users\Admin\Desktop\dataset train\Dataset\Normal\Normal (2246).jpg,Normal,val
C:\Users\Admin\Desktop\dataset train\Dataset\Normal\Normal (417).jpg,Normal,val
C:\Users\Admin\Desktop\dataset train\Dataset\COVID\COVID-19 (1225).jpg,COVID,val
C:\Users\Admin\Desktop\dataset train\Dataset\Pneumonia-Bacterial\Pneumonia-Bacterial (514).jpg,Pneumonia-Bacterial,val
C:\Users\Admin\Desktop\dataset train\Dataset\Normal\Normal (872).jpg,Normal,val
C:\Users\Admin\Desktop\dataset train\Dataset\Normal\Normal (166).jpg,Normal,val
C:\Users\Admin\Desktop\dataset train\Dataset\COVID\COVID-19 (560).jpg,COVID,val
C:\Users\Admin\Desktop\dataset train\Dataset\Normal\Normal (2738).jpg,Normal,val
C:\Users\Admin\Desktop\dataset train\Dataset\Pneumonia-Viral\Pneumonia-Viral (1298).jpg,Pneumonia-Viral,val
C:\Users\Admin\Desktop\dataset train\Dataset\COVID\COVID-19 (634).jpg,COVID,val
C:\Users\Admin\Desktop\dataset train\Dataset\Pneumonia-Viral\Pneumonia-Viral (408).jpg,Pneumonia-Viral,val
C:\Users\Admin\Desktop\dataset train\Dataset\Normal\Normal (129).jpg,Normal,val
C:\Users\Admin\Desktop\dataset train\Dataset\Pneumonia-Viral\Pneumonia-Viral (388).jpg,Pneumonia-Viral,val
C:\Users\Admin\Desktop\dataset train\Dataset\COVID\COVID-19 (883).jpg,COVID,val
C:\Users\Admin\Desktop\dataset train\Dataset\Normal\Normal (852).jpg,Normal,val
C:\Users\Admin\Desktop\dataset train\Dataset\Pneumonia-Bacterial\Pneumonia-Bacterial (897).jpg,Pneumonia-Bacterial,val
C:\Users\Admin\Desktop\dataset train\Dataset\Normal\Normal (671).jpg,Normal,val
C:\Users\Admin\Desktop\dataset train\Dataset\Pneumonia-Bacterial\Pneumonia-Bacterial (1248).jpg,Pneumonia-Bacterial,val
C:\Users\Admin\Desktop\dataset train\Dataset\Pneumonia-Viral\Pneumonia-Viral (597).jpg,Pneumonia-Viral,val
C:\Users\Admin\Desktop\dataset train\Dataset\Pneumonia-Bacterial\Pneumonia-Bacterial (2847).jpg,Pneumonia-Bacterial,val
C:\Users\Admin\Desktop\dataset train\Dataset\Pneumonia-Viral\Pneumonia-Viral (1139).jpg,Pneumonia-Viral,val
C:\Users\Admin\Desktop\dataset train\Dataset\Normal\Normal (1008).jpg,Normal,val
C:\Users\Admin\Desktop\dataset train\Dataset\Pneumonia-Bacterial\Pneumonia-Bacterial (2149).jpg,Pneumonia-Bacterial,val
C:\Users\Admin\Desktop\dataset train\Dataset\Pneumonia-Viral\Pneumonia-Viral (676).jpg,Pneumonia-Viral,val
C:\Users\Admin\Desktop\dataset train\Dataset\COVID\COVID-19 (97).jpg,COVID,val
C:\Users\Admin\Desktop\dataset train\Dataset\Pneumonia-Viral\Pneumonia-Viral (110).jpg,Pneumonia-Viral,val
C:\Users\Admin\Desktop\dataset train\Dataset\Pneumonia-Viral\Pneumonia-Viral (1048).jpg,Pneumonia-Viral,val
C:\Users\Admin\Desktop\dataset train\Dataset\Pneumonia-Bacterial\Pneumonia-Bacterial (2516).jpg,Pneumonia-Bacterial,val
C:\Users\Admin\Desktop\dataset train\Dataset\Pneumonia-Bacterial\Pneumonia-Bacterial (1609).jpg,Pneumonia-Bacterial,val
C:\Users\Admin\Desktop\dataset train\Dataset\COVID\COVID-19 (1087).jpg,COVID,val
C:\Users\Admin\Desktop\dataset train\Dataset\COVID\COVID-19 (841).jpg,COVID,val
C:\Users\Admin\Desktop\dataset train\Dataset\Normal\Normal (667).jpg,Normal,val
C:\Users\Admin\Desktop\dataset train\Dataset\Normal\Normal (2785).jpg,Normal,val
C:\Users\Admin\Desktop\dataset train\Dataset\Pneumonia-Bacterial\Pneumonia-Bacterial (2097).jpg,Pneumonia-Bacterial,val
C:\Users\Admin\Desktop\dataset train\Dataset\Pneumonia-Viral\Pneumonia-Viral (270).jpg,Pneumonia-Viral,val
C:\Users\Admin\Desktop\dataset train\Dataset\Pneumonia-Bacterial\Pneumonia-Bacterial (93).jpg,Pneumonia-Bacterial,val
C:\Users\Admin\Desktop\dataset train\Dataset\Pneumonia-Bacterial\Pneumonia-Bacterial (1787).jpg,Pneumonia-Bacterial,val
C:\Users\Admin\Desktop\dataset train\Dataset\Normal\Normal (888).jpg,Normal,val
C:\Users\Admin\Desktop\dataset train\Dataset\Pneumonia-Bacterial\Pneumonia-Bacterial (354).jpg,Pneumonia-Bacterial,val
C:\Users\Admin\Desktop\dataset train\Dataset\Pneumonia-Bacterial\Pneumonia-Bacterial (1240).jpg,Pneumonia-Bacterial,val
C:\Users\Admin\Desktop\dataset train\Dataset\Pneumonia-Bacterial\Pneumonia-Bacterial (1864).jpg,Pneumonia-Bacterial,val
C:\Users\Admin\Desktop\dataset train\Dataset\Normal\Normal (283).jpg,Normal,val
C:\Users\Admin\Desktop\dataset train\Dataset\Pneumonia-Bacterial\Pneumonia-Bacterial (153).jpg,Pneumonia-Bacterial,val
C:\Users\Admin\Desktop\dataset train\Dataset\Pneumonia-Bacterial\Pneumonia-Bacterial (1815).jpg,Pneumonia-Bacterial,val
C:\Users\Admin\Desktop\dataset train\Dataset\Normal\Normal (360).jpg,Normal,val
C:\Users\Admin\Desktop\dataset train\Dataset\Pneumonia-Bacterial\Pneumonia-Bacterial (438).jpg,Pneumonia-Bacterial,val
C:\Users\Admin\Desktop\dataset train\Dataset\Pneumonia-Bacterial\Pneumonia-Bacterial (1138).jpg,Pneumonia-Bacterial,val
C:\Users\Admin\Desktop\dataset train\Dataset\Pneumonia-Bacterial\Pneumonia-Bacterial (726).jpg,Pneumonia-Bacterial,val
C:\Users\Admin\Desktop\dataset train\Dataset\Normal\Normal (2103).jpg,Normal,val
C:\Users\Admin\Desktop\dataset train\Dataset\Pneumonia-Viral\Pneumonia-Viral (1055).jpg,Pneumonia-Viral,val
C:\Users\Admin\Desktop\dataset train\Dataset\Pneumonia-Bacterial\Pneumonia-Bacterial (1945).jpg,Pneumonia-Bacterial,val
C:\Users\Admin\Desktop\dataset train\Dataset\Pneumonia-Viral\Pneumonia-Viral (885).jpg,Pneumonia-Viral,val
C:\Users\Admin\Desktop\dataset train\Dataset\Pneumonia-Bacterial\Pneumonia-Bacterial (1257).jpg,Pneumonia-Bacterial,val
C:\Users\Admin\Desktop\dataset train\Dataset\Pneumonia-Viral\Pneumonia-Viral (1506).jpg,Pneumonia-Viral,val
C:\Users\Admin\Desktop\dataset train\Dataset\Pneumonia-Bacterial\Pneumonia-Bacterial (653).jpg,Pneumonia-Bacterial,val
C:\Users\Admin\Desktop\dataset train\Dataset\Pneumonia-Viral\Pneumonia-Viral (482).jpg,Pneumonia-Viral,val
C:\Users\Admin\Desktop\dataset train\Dataset\Pneumonia-Viral\Pneumonia-Viral (202).jpg,Pneumonia-Viral,val
C:\Users\Admin\Desktop\dataset train\Dataset\Pneumonia-Bacterial\Pneumonia-Bacterial (798).jpg,Pneumonia-Bacterial,val
C:\Users\Admin\Desktop\dataset train\Dataset\Pneumonia-Bacterial\Pneumonia-Bacterial (1411).jpg,Pneumonia-Bacterial,val
C:\Users\Admin\Desktop\dataset train\Dataset\Pneumonia-Viral\Pneumonia-Viral (13).jpg,Pneumonia-Viral,val
C:\Users\Admin\Desktop\dataset train\Dataset\Pneumonia-Bacterial\Pneumonia-Bacterial (2892).jpg,Pneumonia-Bacterial,val
C:\Users\Admin\Desktop\dataset train\Dataset\Pneumonia-Bacterial\Pneumonia-Bacterial (993).jpg,Pneumonia-Bacterial,val
C:\Users\Admin\Desktop\dataset train\Dataset\Pneumonia-Bacterial\Pneumonia-Bacterial (1848).jpg,Pneumonia-Bacterial,val
C:\Users\Admin\Desktop\dataset train\Dataset\Pneumonia-Viral\Pneumonia-Viral (1122).jpg,Pneumonia-Viral,val
C:\Users\Admin\Desktop\dataset train\Dataset\Normal\Normal (1901).jpg,Normal,val
C:\Users\Admin\Desktop\dataset train\Dataset\Normal\Normal (871).jpg,Normal,val
C:\Users\Admin\Desktop\dataset train\Dataset\Pneumonia-Bacterial\Pneumonia-Bacterial (1414).jpg,Pneumonia-Bacterial,val
C:\Users\Admin\Desktop\dataset train\Dataset\COVID\COVID-19 (1015).jpg,COVID,val
C:\Users\Admin\Desktop\dataset train\Dataset\COVID\COVID-19 (653).jpg,COVID,val
C:\Users\Admin\Desktop\dataset train\Dataset\Normal\Normal (1176).jpg,Normal,val
C:\Users\Admin\Desktop\dataset train\Dataset\Pneumonia-Viral\Pneumonia-Viral (132).jpg,Pneumonia-Viral,val
C:\Users\Admin\Desktop\dataset train\Dataset\Normal\Normal (325).jpg,Normal,val
C:\Users\Admin\Desktop\dataset train\Dataset\COVID\COVID-19 (887).jpg,COVID,val
C:\Users\Admin\Desktop\dataset train\Dataset\COVID\COVID-19 (797).jpg,COVID,val
C:\Users\Admin\Desktop\dataset train\Dataset\Pneumonia-Viral\Pneumonia-Viral (92).jpg,Pneumonia-Viral,val
C:\Users\Admin\Desktop\dataset train\Dataset\COVID\COVID-19 (298).jpg,COVID,val
C:\Users\Admin\Desktop\dataset train\Dataset\Normal\Normal (2444).jpg,Normal,val
C:\Users\Admin\Desktop\dataset train\Dataset\Pneumonia-Bacterial\Pneumonia-Bacterial (1884).jpg,Pneumonia-Bacterial,val
C:\Users\Admin\Desktop\dataset train\Dataset\Pneumonia-Viral\Pneumonia-Viral (166).jpg,Pneumonia-Viral,val
C:\Users\Admin\Desktop\dataset train\Dataset\Normal\Normal (788).jpg,Normal,val
C:\Users\Admin\Desktop\dataset train\Dataset\Pneumonia-Bacterial\Pneumonia-Bacterial (974).jpg,Pneumonia-Bacterial,val
C:\Users\Admin\Desktop\dataset train\Dataset\Normal\Normal (1192).jpg,Normal,val
C:\Users\Admin\Desktop\dataset train\Dataset\Pneumonia-Bacterial\Pneumonia-Bacterial (2930).jpg,Pneumonia-Bacterial,val
C:\Users\Admin\Desktop\dataset train\Dataset\Pneumonia-Bacterial\Pneumonia-Bacterial (976).jpg,Pneumonia-Bacterial,val
C:\Users\Admin\Desktop\dataset train\Dataset\Normal\Normal (1597).jpg,Normal,val
C:\Users\Admin\Desktop\dataset train\Dataset\Pneumonia-Viral\Pneumonia-Viral (430).jpg,Pneumonia-Viral,val
C:\Users\Admin\Desktop\dataset train\Dataset\COVID\COVID-19 (1135).jpg,COVID,val
C:\Users\Admin\Desktop\dataset train\Dataset\Normal\Normal (993).jpg,Normal,val
C:\Users\Admin\Desktop\dataset train\Dataset\Normal\Normal (416).jpg,Normal,val
C:\Users\Admin\Desktop\dataset train\Dataset\Normal\Normal (342).jpg,Normal,val
C:\Users\Admin\Desktop\dataset train\Dataset\COVID\COVID-19 (391).jpg,COVID,val
C:\Users\Admin\Desktop\dataset train\Dataset\Pneumonia-Bacterial\Pneumonia-Bacterial (1700).jpg,Pneumonia-Bacterial,val
C:\Users\Admin\Desktop\dataset train\Dataset\Pneumonia-Bacterial\Pneumonia-Bacterial (528).jpg,Pneumonia-Bacterial,val
C:\Users\Admin\Desktop\dataset train\Dataset\Normal\Normal (3112).jpg,Normal,val
C:\Users\Admin\Desktop\dataset train\Dataset\Pneumonia-Bacterial\Pneumonia-Bacterial (2592).jpg,Pneumonia-Bacterial,val
C:\Users\Admin\Desktop\dataset train\Dataset\COVID\COVID-19 (187).jpg,COVID,val
C:\Users\Admin\Desktop\dataset train\Dataset\Pneumonia-Bacterial\Pneumonia-Bacterial (1786).jpg,Pneumonia-Bacterial,val
C:\Users\Admin\Desktop\dataset train\Dataset\Normal\Normal (1972).jpg,Normal,val
C:\Users\Admin\Desktop\dataset train\Dataset\Normal\Normal (1210).jpg,Normal,val
C:\Users\Admin\Desktop\dataset train\Dataset\Normal\Normal (33).jpg,Normal,val
C:\Users\Admin\Desktop\dataset train\Dataset\Pneumonia-Bacterial\Pneumonia-Bacterial (1554).jpg,Pneumonia-Bacterial,val
C:\Users\Admin\Desktop\dataset train\Dataset\Normal\Normal (1086).jpg,Normal,val
C:\Users\Admin\Desktop\dataset train\Dataset\Normal\Normal (2440).jpg,Normal,val
C:\Users\Admin\Desktop\dataset train\Dataset\Pneumonia-Viral\Pneumonia-Viral (977).jpg,Pneumonia-Viral,val
C:\Users\Admin\Desktop\dataset train\Dataset\Normal\Normal (2533).jpg,Normal,val
C:\Users\Admin\Desktop\dataset train\Dataset\Pneumonia-Bacterial\Pneumonia-Bacterial (1912).jpg,Pneumonia-Bacterial,val
C:\Users\Admin\Desktop\dataset train\Dataset\Pneumonia-Viral\Pneumonia-Viral (1586).jpg,Pneumonia-Viral,val
C:\Users\Admin\Desktop\dataset train\Dataset\COVID\COVID-19 (768).jpg,COVID,val
C:\Users\Admin\Desktop\dataset train\Dataset\Normal\Normal (892).jpg,Normal,val
C:\Users\Admin\Desktop\dataset train\Dataset\Normal\Normal (2628).jpg,Normal,val
C:\Users\Admin\Desktop\dataset train\Dataset\Normal\Normal (1865).jpg,Normal,val
C:\Users\Admin\Desktop\dataset train\Dataset\Pneumonia-Bacterial\Pneumonia-Bacterial (1042).jpg,Pneumonia-Bacterial,val
C:\Users\Admin\Desktop\dataset train\Dataset\Normal\Normal (91).jpg,Normal,val
C:\Users\Admin\Desktop\dataset train\Dataset\COVID\COVID-19 (154).jpg,COVID,val
C:\Users\Admin\Desktop\dataset train\Dataset\Pneumonia-Viral\Pneumonia-Viral (823).jpg,Pneumonia-Viral,val
C:\Users\Admin\Desktop\dataset train\Dataset\Pneumonia-Bacterial\Pneumonia-Bacterial (1024).jpg,Pneumonia-Bacterial,val
C:\Users\Admin\Desktop\dataset train\Dataset\Pneumonia-Viral\Pneumonia-Viral (586).jpg,Pneumonia-Viral,val
C:\Users\Admin\Desktop\dataset train\Dataset\Pneumonia-Bacterial\Pneumonia-Bacterial (2667).jpg,Pneumonia-Bacterial,val
C:\Users\Admin\Desktop\dataset train\Dataset\COVID\COVID-19 (1031).jpg,COVID,val
C:\Users\Admin\Desktop\dataset train\Dataset\Normal\Normal (1773).jpg,Normal,val
C:\Users\Admin\Desktop\dataset train\Dataset\Normal\Normal (1326).jpg,Normal,val
C:\Users\Admin\Desktop\dataset train\Dataset\Pneumonia-Bacterial\Pneumonia-Bacterial (729).jpg,Pneumonia-Bacterial,val
C:\Users\Admin\Desktop\dataset train\Dataset\Pneumonia-Bacterial\Pneumonia-Bacterial (1600).jpg,Pneumonia-Bacterial,val
C:\Users\Admin\Desktop\dataset train\Dataset\Pneumonia-Bacterial\Pneumonia-Bacterial (190).jpg,Pneumonia-Bacterial,val
C:\Users\Admin\Desktop\dataset train\Dataset\Normal\Normal (2267).jpg,Normal,val
C:\Users\Admin\Desktop\dataset train\Dataset\Pneumonia-Bacterial\Pneumonia-Bacterial (1734).jpg,Pneumonia-Bacterial,val
C:\Users\Admin\Desktop\dataset train\Dataset\COVID\COVID-19 (16).jpg,COVID,val
C:\Users\Admin\Desktop\dataset train\Dataset\Pneumonia-Viral\Pneumonia-Viral (481).jpg,Pneumonia-Viral,val
C:\Users\Admin\Desktop\dataset train\Dataset\Normal\Normal (2539).jpg,Normal,val
C:\Users\Admin\Desktop\dataset train\Dataset\Normal\Normal (1741).jpg,Normal,val
C:\Users\Admin\Desktop\dataset train\Dataset\Normal\Normal (3048).jpg,Normal,val
C:\Users\Admin\Desktop\dataset train\Dataset\Pneumonia-Bacterial\Pneumonia-Bacterial (913).jpg,Pneumonia-Bacterial,val
C:\Users\Admin\Desktop\dataset train\Dataset\Normal\Normal (765).jpg,Normal,val
C:\Users\Admin\Desktop\dataset train\Dataset\Pneumonia-Bacterial\Pneumonia-Bacterial (2837).jpg,Pneumonia-Bacterial,val
C:\Users\Admin\Desktop\dataset train\Dataset\Pneumonia-Bacterial\Pneumonia-Bacterial (2572).jpg,Pneumonia-Bacterial,val
C:\Users\Admin\Desktop\dataset train\Dataset\Pneumonia-Viral\Pneumonia-Viral (321).jpg,Pneumonia-Viral,val
C:\Users\Admin\Desktop\dataset train\Dataset\Normal\Normal (2219).jpg,Normal,val
C:\Users\Admin\Desktop\dataset train\Dataset\COVID\COVID-19 (191).jpg,COVID,val
C:\Users\Admin\Desktop\dataset train\Dataset\Pneumonia-Bacterial\Pneumonia-Bacterial (909).jpg,Pneumonia-Bacterial,val
C:\Users\Admin\Desktop\dataset train\Dataset\Normal\Normal (1492).jpg,Normal,val
C:\Users\Admin\Desktop\dataset train\Dataset\Normal\Normal (135).jpg,Normal,val
C:\Users\Admin\Desktop\dataset train\Dataset\Pneumonia-Bacterial\Pneumonia-Bacterial (708).jpg,Pneumonia-Bacterial,val
C:\Users\Admin\Desktop\dataset train\Dataset\Pneumonia-Bacterial\Pneumonia-Bacterial (719).jpg,Pneumonia-Bacterial,val
C:\Users\Admin\Desktop\dataset train\Dataset\Normal\Normal (3165).jpg,Normal,val
C:\Users\Admin\Desktop\dataset train\Dataset\Pneumonia-Bacterial\Pneumonia-Bacterial (2382).jpg,Pneumonia-Bacterial,val
C:\Users\Admin\Desktop\dataset train\Dataset\Pneumonia-Bacterial\Pneumonia-Bacterial (2191).jpg,Pneumonia-Bacterial,val
C:\Users\Admin\Desktop\dataset train\Dataset\Pneumonia-Viral\Pneumonia-Viral (409).jpg,Pneumonia-Viral,val
C:\Users\Admin\Desktop\dataset train\Dataset\Normal\Normal (2535).jpg,Normal,val
C:\Users\Admin\Desktop\dataset train\Dataset\Pneumonia-Bacterial\Pneumonia-Bacterial (2644).jpg,Pneumonia-Bacterial,val
C:\Users\Admin\Desktop\dataset train\Dataset\Normal\Normal (2370).jpg,Normal,val
C:\Users\Admin\Desktop\dataset train\Dataset\Normal\Normal (1461).jpg,Normal,val
C:\Users\Admin\Desktop\dataset train\Dataset\COVID\COVID-19 (838).jpg,COVID,val
C:\Users\Admin\Desktop\dataset train\Dataset\COVID\COVID-19 (111).jpg,COVID,val
C:\Users\Admin\Desktop\dataset train\Dataset\Pneumonia-Viral\Pneumonia-Viral (121).jpg,Pneumonia-Viral,val
C:\Users\Admin\Desktop\dataset train\Dataset\Pneumonia-Viral\Pneumonia-Viral (746).jpg,Pneumonia-Viral,val
C:\Users\Admin\Desktop\dataset train\Dataset\COVID\COVID-19 (585).jpg,COVID,val
C:\Users\Admin\Desktop\dataset train\Dataset\Normal\Normal (2325).jpg,Normal,val
C:\Users\Admin\Desktop\dataset train\Dataset\Pneumonia-Viral\Pneumonia-Viral (1542).jpg,Pneumonia-Viral,val
C:\Users\Admin\Desktop\dataset train\Dataset\Pneumonia-Bacterial\Pneumonia-Bacterial (1942).jpg,Pneumonia-Bacterial,val
C:\Users\Admin\Desktop\dataset train\Dataset\Pneumonia-Bacterial\Pneumonia-Bacterial (1794).jpg,Pneumonia-Bacterial,val
C:\Users\Admin\Desktop\dataset train\Dataset\Pneumonia-Bacterial\Pneumonia-Bacterial (462).jpg,Pneumonia-Bacterial,val
C:\Users\Admin\Desktop\dataset train\Dataset\Normal\Normal (2017).jpg,Normal,val
C:\Users\Admin\Desktop\dataset train\Dataset\Pneumonia-Bacterial\Pneumonia-Bacterial (1455).jpg,Pneumonia-Bacterial,val
C:\Users\Admin\Desktop\dataset train\Dataset\COVID\COVID-19 (1034).jpg,COVID,val
C:\Users\Admin\Desktop\dataset train\Dataset\Normal\Normal (3252).jpg,Normal,val
C:\Users\Admin\Desktop\dataset train\Dataset\Pneumonia-Viral\Pneumonia-Viral (404).jpg,Pneumonia-Viral,val
C:\Users\Admin\Desktop\dataset train\Dataset\Pneumonia-Bacterial\Pneumonia-Bacterial (1002).jpg,Pneumonia-Bacterial,val
C:\Users\Admin\Desktop\dataset train\Dataset\COVID\COVID-19 (792).jpg,COVID,val
C:\Users\Admin\Desktop\dataset train\Dataset\Normal\Normal (117).jpg,Normal,val
C:\Users\Admin\Desktop\dataset train\Dataset\Pneumonia-Viral\Pneumonia-Viral (128).jpg,Pneumonia-Viral,val
C:\Users\Admin\Desktop\dataset train\Dataset\Pneumonia-Bacterial\Pneumonia-Bacterial (1081).jpg,Pneumonia-Bacterial,val
C:\Users\Admin\Desktop\dataset train\Dataset\Pneumonia-Bacterial\Pneumonia-Bacterial (309).jpg,Pneumonia-Bacterial,val
C:\Users\Admin\Desktop\dataset train\Dataset\Pneumonia-Viral\Pneumonia-Viral (1534).jpg,Pneumonia-Viral,val
C:\Users\Admin\Desktop\dataset train\Dataset\Pneumonia-Bacterial\Pneumonia-Bacterial (2383).jpg,Pneumonia-Bacterial,val
C:\Users\Admin\Desktop\dataset train\Dataset\COVID\COVID-19 (1132).jpg,COVID,val
C:\Users\Admin\Desktop\dataset train\Dataset\COVID\COVID-19 (351).jpg,COVID,val
C:\Users\Admin\Desktop\dataset train\Dataset\Pneumonia-Bacterial\Pneumonia-Bacterial (2481).jpg,Pneumonia-Bacterial,val
C:\Users\Admin\Desktop\dataset train\Dataset\Pneumonia-Bacterial\Pneumonia-Bacterial (1461).jpg,Pneumonia-Bacterial,val
C:\Users\Admin\Desktop\dataset train\Dataset\COVID\COVID-19 (1156).jpg,COVID,val
C:\Users\Admin\Desktop\dataset train\Dataset\Normal\Normal (1162).jpg,Normal,val
C:\Users\Admin\Desktop\dataset train\Dataset\COVID\COVID-19 (443).jpg,COVID,val
C:\Users\Admin\Desktop\dataset train\Dataset\Pneumonia-Viral\Pneumonia-Viral (1278).jpg,Pneumonia-Viral,val
C:\Users\Admin\Desktop\dataset train\Dataset\Pneumonia-Viral\Pneumonia-Viral (1294).jpg,Pneumonia-Viral,val
C:\Users\Admin\Desktop\dataset train\Dataset\Normal\Normal (1062).jpg,Normal,val
C:\Users\Admin\Desktop\dataset train\Dataset\Pneumonia-Viral\Pneumonia-Viral (192).jpg,Pneumonia-Viral,val
C:\Users\Admin\Desktop\dataset train\Dataset\Pneumonia-Viral\Pneumonia-Viral (1378).jpg,Pneumonia-Viral,val
C:\Users\Admin\Desktop\dataset train\Dataset\COVID\COVID-19 (704).jpg,COVID,val
C:\Users\Admin\Desktop\dataset train\Dataset\Normal\Normal (2247).jpg,Normal,val
C:\Users\Admin\Desktop\dataset train\Dataset\Normal\Normal (2633).jpg,Normal,val
C:\Users\Admin\Desktop\dataset train\Dataset\Normal\Normal (3121).jpg,Normal,val
C:\Users\Admin\Desktop\dataset train\Dataset\Pneumonia-Bacterial\Pneumonia-Bacterial (2320).jpg,Pneumonia-Bacterial,val
C:\Users\Admin\Desktop\dataset train\Dataset\COVID\COVID-19 (941).jpg,COVID,val
C:\Users\Admin\Desktop\dataset train\Dataset\COVID\COVID-19 (719).jpg,COVID,val
C:\Users\Admin\Desktop\dataset train\Dataset\Pneumonia-Viral\Pneumonia-Viral (1013).jpg,Pneumonia-Viral,val
C:\Users\Admin\Desktop\dataset train\Dataset\Pneumonia-Viral\Pneumonia-Viral (752).jpg,Pneumonia-Viral,val
C:\Users\Admin\Desktop\dataset train\Dataset\Pneumonia-Bacterial\Pneumonia-Bacterial (1707).jpg,Pneumonia-Bacterial,val
C:\Users\Admin\Desktop\dataset train\Dataset\Normal\Normal (170).jpg,Normal,val
C:\Users\Admin\Desktop\dataset train\Dataset\COVID\COVID-19 (10).jpg,COVID,val
C:\Users\Admin\Desktop\dataset train\Dataset\Pneumonia-Viral\Pneumonia-Viral (521).jpg,Pneumonia-Viral,val
C:\Users\Admin\Desktop\dataset train\Dataset\Pneumonia-Viral\Pneumonia-Viral (1156).jpg,Pneumonia-Viral,val
C:\Users\Admin\Desktop\dataset train\Dataset\Pneumonia-Bacterial\Pneumonia-Bacterial (2049).jpg,Pneumonia-Bacterial,val
C:\Users\Admin\Desktop\dataset train\Dataset\Normal\Normal (454).jpg,Normal,val
C:\Users\Admin\Desktop\dataset train\Dataset\Pneumonia-Bacterial\Pneumonia-Bacterial (1362).jpg,Pneumonia-Bacterial,val
C:\Users\Admin\Desktop\dataset train\Dataset\Normal\Normal (2948).jpg,Normal,val
C:\Users\Admin\Desktop\dataset train\Dataset\Pneumonia-Viral\Pneumonia-Viral (1142).jpg,Pneumonia-Viral,val
C:\Users\Admin\Desktop\dataset train\Dataset\Pneumonia-Viral\Pneumonia-Viral (1113).jpg,Pneumonia-Viral,val
C:\Users\Admin\Desktop\dataset train\Dataset\Pneumonia-Bacterial\Pneumonia-Bacterial (535).jpg,Pneumonia-Bacterial,val
C:\Users\Admin\Desktop\dataset train\Dataset\Normal\Normal (513).jpg,Normal,val
C:\Users\Admin\Desktop\dataset train\Dataset\Pneumonia-Bacterial\Pneumonia-Bacterial (2690).jpg,Pneumonia-Bacterial,val
C:\Users\Admin\Desktop\dataset train\Dataset\Normal\Normal (1274).jpg,Normal,val
C:\Users\Admin\Desktop\dataset train\Dataset\Pneumonia-Bacterial\Pneumonia-Bacterial (1590).jpg,Pneumonia-Bacterial,val
C:\Users\Admin\Desktop\dataset train\Dataset\Pneumonia-Bacterial\Pneumonia-Bacterial (886).jpg,Pneumonia-Bacterial,val
C:\Users\Admin\Desktop\dataset train\Dataset\Normal\Normal (3131).jpg,Normal,val
C:\Users\Admin\Desktop\dataset train\Dataset\Pneumonia-Bacterial\Pneumonia-Bacterial (2560).jpg,Pneumonia-Bacterial,val
C:\Users\Admin\Desktop\dataset train\Dataset\Pneumonia-Viral\Pneumonia-Viral (14).jpg,Pneumonia-Viral,val
C:\Users\Admin\Desktop\dataset train\Dataset\Normal\Normal (781).jpg,Normal,val
C:\Users\Admin\Desktop\dataset train\Dataset\COVID\COVID-19 (1137).jpg,COVID,val
C:\Users\Admin\Desktop\dataset train\Dataset\Normal\Normal (1073).jpg,Normal,val
C:\Users\Admin\Desktop\dataset train\Dataset\Pneumonia-Viral\Pneumonia-Viral (1240).jpg,Pneumonia-Viral,val
C:\Users\Admin\Desktop\dataset train\Dataset\COVID\COVID-19 (1108).jpg,COVID,val
C:\Users\Admin\Desktop\dataset train\Dataset\COVID\COVID-19 (265).jpg,COVID,val
C:\Users\Admin\Desktop\dataset train\Dataset\Pneumonia-Bacterial\Pneumonia-Bacterial (2670).jpg,Pneumonia-Bacterial,val
C:\Users\Admin\Desktop\dataset train\Dataset\Pneumonia-Bacterial\Pneumonia-Bacterial (2798).jpg,Pneumonia-Bacterial,val
C:\Users\Admin\Desktop\dataset train\Dataset\Pneumonia-Viral\Pneumonia-Viral (524).jpg,Pneumonia-Viral,val
C:\Users\Admin\Desktop\dataset train\Dataset\Normal\Normal (1079).jpg,Normal,val
C:\Users\Admin\Desktop\dataset train\Dataset\Normal\Normal (203).jpg,Normal,val
C:\Users\Admin\Desktop\dataset train\Dataset\Pneumonia-Viral\Pneumonia-Viral (62).jpg,Pneumonia-Viral,val
C:\Users\Admin\Desktop\dataset train\Dataset\Normal\Normal (3073).jpg,Normal,val
C:\Users\Admin\Desktop\dataset train\Dataset\Pneumonia-Bacterial\Pneumonia-Bacterial (1853).jpg,Pneumonia-Bacterial,val
C:\Users\Admin\Desktop\dataset train\Dataset\Pneumonia-Bacterial\Pneumonia-Bacterial (1551).jpg,Pneumonia-Bacterial,val
C:\Users\Admin\Desktop\dataset train\Dataset\Pneumonia-Bacterial\Pneumonia-Bacterial (1783).jpg,Pneumonia-Bacterial,val
C:\Users\Admin\Desktop\dataset train\Dataset\Normal\Normal (897).jpg,Normal,val
C:\Users\Admin\Desktop\dataset train\Dataset\Pneumonia-Bacterial\Pneumonia-Bacterial (1727).jpg,Pneumonia-Bacterial,val
C:\Users\Admin\Desktop\dataset train\Dataset\Normal\Normal (229).jpg,Normal,val
C:\Users\Admin\Desktop\dataset train\Dataset\Normal\Normal (943).jpg,Normal,val
C:\Users\Admin\Desktop\dataset train\Dataset\Normal\Normal (2136).jpg,Normal,val
C:\Users\Admin\Desktop\dataset train\Dataset\Pneumonia-Bacterial\Pneumonia-Bacterial (1407).jpg,Pneumonia-Bacterial,val
C:\Users\Admin\Desktop\dataset train\Dataset\Normal\Normal (1843).jpg,Normal,val
C:\Users\Admin\Desktop\dataset train\Dataset\Pneumonia-Bacterial\Pneumonia-Bacterial (2425).jpg,Pneumonia-Bacterial,val
C:\Users\Admin\Desktop\dataset train\Dataset\Normal\Normal (485).jpg,Normal,val
C:\Users\Admin\Desktop\dataset train\Dataset\Pneumonia-Bacterial\Pneumonia-Bacterial (1386).jpg,Pneumonia-Bacterial,val
C:\Users\Admin\Desktop\dataset train\Dataset\Normal\Normal (1284).jpg,Normal,val
C:\Users\Admin\Desktop\dataset train\Dataset\COVID\COVID-19 (206).jpg,COVID,val
C:\Users\Admin\Desktop\dataset train\Dataset\Pneumonia-Viral\Pneumonia-Viral (637).jpg,Pneumonia-Viral,val
C:\Users\Admin\Desktop\dataset train\Dataset\Normal\Normal (1361).jpg,Normal,val
C:\Users\Admin\Desktop\dataset train\Dataset\Pneumonia-Viral\Pneumonia-Viral (802).jpg,Pneumonia-Viral,val
C:\Users\Admin\Desktop\dataset train\Dataset\Pneumonia-Viral\Pneumonia-Viral (727).jpg,Pneumonia-Viral,val
C:\Users\Admin\Desktop\dataset train\Dataset\Normal\Normal (2232).jpg,Normal,val
C:\Users\Admin\Desktop\dataset train\Dataset\Normal\Normal (406).jpg,Normal,val
C:\Users\Admin\Desktop\dataset train\Dataset\Normal\Normal (3081).jpg,Normal,val
C:\Users\Admin\Desktop\dataset train\Dataset\Pneumonia-Bacterial\Pneumonia-Bacterial (1096).jpg,Pneumonia-Bacterial,val
C:\Users\Admin\Desktop\dataset train\Dataset\COVID\COVID-19 (427).jpg,COVID,val
C:\Users\Admin\Desktop\dataset train\Dataset\COVID\COVID-19 (937).jpg,COVID,val
C:\Users\Admin\Desktop\dataset train\Dataset\Pneumonia-Bacterial\Pneumonia-Bacterial (2448).jpg,Pneumonia-Bacterial,val
C:\Users\Admin\Desktop\dataset train\Dataset\Normal\Normal (2770).jpg,Normal,val
C:\Users\Admin\Desktop\dataset train\Dataset\COVID\COVID-19 (337).jpg,COVID,val
C:\Users\Admin\Desktop\dataset train\Dataset\Normal\Normal (2686).jpg,Normal,val
C:\Users\Admin\Desktop\dataset train\Dataset\Pneumonia-Bacterial\Pneumonia-Bacterial (1287).jpg,Pneumonia-Bacterial,val
C:\Users\Admin\Desktop\dataset train\Dataset\Pneumonia-Bacterial\Pneumonia-Bacterial (2757).jpg,Pneumonia-Bacterial,val
C:\Users\Admin\Desktop\dataset train\Dataset\Pneumonia-Bacterial\Pneumonia-Bacterial (2698).jpg,Pneumonia-Bacterial,val
C:\Users\Admin\Desktop\dataset train\Dataset\COVID\COVID-19 (103).jpg,COVID,val
C:\Users\Admin\Desktop\dataset train\Dataset\Pneumonia-Bacterial\Pneumonia-Bacterial (1885).jpg,Pneumonia-Bacterial,val
C:\Users\Admin\Desktop\dataset train\Dataset\COVID\COVID-19 (373).jpg,COVID,val
C:\Users\Admin\Desktop\dataset train\Dataset\Pneumonia-Bacterial\Pneumonia-Bacterial (1439).jpg,Pneumonia-Bacterial,val
C:\Users\Admin\Desktop\dataset train\Dataset\Pneumonia-Bacterial\Pneumonia-Bacterial (2267).jpg,Pneumonia-Bacterial,val
C:\Users\Admin\Desktop\dataset train\Dataset\COVID\COVID-19 (205).jpg,COVID,val
C:\Users\Admin\Desktop\dataset train\Dataset\Normal\Normal (1692).jpg,Normal,val
C:\Users\Admin\Desktop\dataset train\Dataset\Pneumonia-Bacterial\Pneumonia-Bacterial (2507).jpg,Pneumonia-Bacterial,val
C:\Users\Admin\Desktop\dataset train\Dataset\Pneumonia-Bacterial\Pneumonia-Bacterial (1844).jpg,Pneumonia-Bacterial,val
C:\Users\Admin\Desktop\dataset train\Dataset\Normal\Normal (2566).jpg,Normal,val
C:\Users\Admin\Desktop\dataset train\Dataset\COVID\COVID-19 (658).jpg,COVID,val
C:\Users\Admin\Desktop\dataset train\Dataset\Normal\Normal (2529).jpg,Normal,val
C:\Users\Admin\Desktop\dataset train\Dataset\Pneumonia-Bacterial\Pneumonia-Bacterial (2079).jpg,Pneumonia-Bacterial,val
C:\Users\Admin\Desktop\dataset train\Dataset\Normal\Normal (3227).jpg,Normal,val
C:\Users\Admin\Desktop\dataset train\Dataset\Normal\Normal (2518).jpg,Normal,val
C:\Users\Admin\Desktop\dataset train\Dataset\Normal\Normal (759).jpg,Normal,val
C:\Users\Admin\Desktop\dataset train\Dataset\Normal\Normal (2114).jpg,Normal,val
C:\Users\Admin\Desktop\dataset train\Dataset\COVID\COVID-19 (945).jpg,COVID,val
C:\Users\Admin\Desktop\dataset train\Dataset\COVID\COVID-19 (513).jpg,COVID,val
C:\Users\Admin\Desktop\dataset train\Dataset\Pneumonia-Viral\Pneumonia-Viral (729).jpg,Pneumonia-Viral,val
C:\Users\Admin\Desktop\dataset train\Dataset\Normal\Normal (1547).jpg,Normal,val
C:\Users\Admin\Desktop\dataset train\Dataset\COVID\COVID-19 (9).jpg,COVID,val
C:\Users\Admin\Desktop\dataset train\Dataset\Pneumonia-Bacterial\Pneumonia-Bacterial (2620).jpg,Pneumonia-Bacterial,val
C:\Users\Admin\Desktop\dataset train\Dataset\COVID\COVID-19 (475).jpg,COVID,val
C:\Users\Admin\Desktop\dataset train\Dataset\Normal\Normal (3140).jpg,Normal,val
C:\Users\Admin\Desktop\dataset train\Dataset\Pneumonia-Bacterial\Pneumonia-Bacterial (2239).jpg,Pneumonia-Bacterial,val
C:\Users\Admin\Desktop\dataset train\Dataset\Pneumonia-Bacterial\Pneumonia-Bacterial (2311).jpg,Pneumonia-Bacterial,val
C:\Users\Admin\Desktop\dataset train\Dataset\Pneumonia-Bacterial\Pneumonia-Bacterial (565).jpg,Pneumonia-Bacterial,val
C:\Users\Admin\Desktop\dataset train\Dataset\Pneumonia-Viral\Pneumonia-Viral (1466).jpg,Pneumonia-Viral,val
C:\Users\Admin\Desktop\dataset train\Dataset\Normal\Normal (793).jpg,Normal,val
C:\Users\Admin\Desktop\dataset train\Dataset\Pneumonia-Bacterial\Pneumonia-Bacterial (1201).jpg,Pneumonia-Bacterial,val
C:\Users\Admin\Desktop\dataset train\Dataset\Pneumonia-Bacterial\Pneumonia-Bacterial (31).jpg,Pneumonia-Bacterial,val
C:\Users\Admin\Desktop\dataset train\Dataset\Normal\Normal (3020).jpg,Normal,val
C:\Users\Admin\Desktop\dataset train\Dataset\Pneumonia-Bacterial\Pneumonia-Bacterial (946).jpg,Pneumonia-Bacterial,val
C:\Users\Admin\Desktop\dataset train\Dataset\Pneumonia-Bacterial\Pneumonia-Bacterial (1513).jpg,Pneumonia-Bacterial,val
C:\Users\Admin\Desktop\dataset train\Dataset\COVID\COVID-19 (1016).jpg,COVID,val
C:\Users\Admin\Desktop\dataset train\Dataset\Pneumonia-Bacterial\Pneumonia-Bacterial (2935).jpg,Pneumonia-Bacterial,val
C:\Users\Admin\Desktop\dataset train\Dataset\Normal\Normal (3207).jpg,Normal,val
C:\Users\Admin\Desktop\dataset train\Dataset\Normal\Normal (1420).jpg,Normal,val
C:\Users\Admin\Desktop\dataset train\Dataset\COVID\COVID-19 (1010).jpg,COVID,val
C:\Users\Admin\Desktop\dataset train\Dataset\Normal\Normal (2159).jpg,Normal,val
C:\Users\Admin\Desktop\dataset train\Dataset\Pneumonia-Viral\Pneumonia-Viral (957).jpg,Pneumonia-Viral,val
C:\Users\Admin\Desktop\dataset train\Dataset\COVID\COVID-19 (547).jpg,COVID,val
C:\Users\Admin\Desktop\dataset train\Dataset\Pneumonia-Bacterial\Pneumonia-Bacterial (1261).jpg,Pneumonia-Bacterial,val
C:\Users\Admin\Desktop\dataset train\Dataset\Pneumonia-Bacterial\Pneumonia-Bacterial (1858).jpg,Pneumonia-Bacterial,val
C:\Users\Admin\Desktop\dataset train\Dataset\Normal\Normal (1095).jpg,Normal,val
C:\Users\Admin\Desktop\dataset train\Dataset\Normal\Normal (3141).jpg,Normal,val
C:\Users\Admin\Desktop\dataset train\Dataset\Normal\Normal (2585).jpg,Normal,val
C:\Users\Admin\Desktop\dataset train\Dataset\Normal\Normal (2245).jpg,Normal,val
C:\Users\Admin\Desktop\dataset train\Dataset\Normal\Normal (3180).jpg,Normal,val
C:\Users\Admin\Desktop\dataset train\Dataset\Normal\Normal (2179).jpg,Normal,val
C:\Users\Admin\Desktop\dataset train\Dataset\Pneumonia-Viral\Pneumonia-Viral (175).jpg,Pneumonia-Viral,val
C:\Users\Admin\Desktop\dataset train\Dataset\Pneumonia-Bacterial\Pneumonia-Bacterial (1114).jpg,Pneumonia-Bacterial,val
C:\Users\Admin\Desktop\dataset train\Dataset\Normal\Normal (2660).jpg,Normal,val
C:\Users\Admin\Desktop\dataset train\Dataset\Normal\Normal (2296).jpg,Normal,val
C:\Users\Admin\Desktop\dataset train\Dataset\COVID\COVID-19 (1133).jpg,COVID,val
C:\Users\Admin\Desktop\dataset train\Dataset\Normal\Normal (2803).jpg,Normal,val
C:\Users\Admin\Desktop\dataset train\Dataset\Pneumonia-Bacterial\Pneumonia-Bacterial (2601).jpg,Pneumonia-Bacterial,val
C:\Users\Admin\Desktop\dataset train\Dataset\COVID\COVID-19 (857).jpg,COVID,val
C:\Users\Admin\Desktop\dataset train\Dataset\Normal\Normal (3249).jpg,Normal,val
C:\Users\Admin\Desktop\dataset train\Dataset\Normal\Normal (2439).jpg,Normal,val
C:\Users\Admin\Desktop\dataset train\Dataset\Normal\Normal (2025).jpg,Normal,val
C:\Users\Admin\Desktop\dataset train\Dataset\Normal\Normal (2133).jpg,Normal,val
C:\Users\Admin\Desktop\dataset train\Dataset\Pneumonia-Bacterial\Pneumonia-Bacterial (1746).jpg,Pneumonia-Bacterial,val
C:\Users\Admin\Desktop\dataset train\Dataset\Pneumonia-Bacterial\Pneumonia-Bacterial (468).jpg,Pneumonia-Bacterial,val
C:\Users\Admin\Desktop\dataset train\Dataset\Pneumonia-Viral\Pneumonia-Viral (1401).jpg,Pneumonia-Viral,val
C:\Users\Admin\Desktop\dataset train\Dataset\Normal\Normal (1113).jpg,Normal,val
C:\Users\Admin\Desktop\dataset train\Dataset\Pneumonia-Bacterial\Pneumonia-Bacterial (1745).jpg,Pneumonia-Bacterial,val
C:\Users\Admin\Desktop\dataset train\Dataset\Pneumonia-Bacterial\Pneumonia-Bacterial (1617).jpg,Pneumonia-Bacterial,val
C:\Users\Admin\Desktop\dataset train\Dataset\Pneumonia-Bacterial\Pneumonia-Bacterial (2159).jpg,Pneumonia-Bacterial,val
C:\Users\Admin\Desktop\dataset train\Dataset\Pneumonia-Bacterial\Pneumonia-Bacterial (2124).jpg,Pneumonia-Bacterial,val
C:\Users\Admin\Desktop\dataset train\Dataset\Normal\Normal (369).jpg,Normal,val
C:\Users\Admin\Desktop\dataset train\Dataset\COVID\COVID-19 (124).jpg,COVID,val
C:\Users\Admin\Desktop\dataset train\Dataset\Normal\Normal (3200).jpg,Normal,val
C:\Users\Admin\Desktop\dataset train\Dataset\Normal\Normal (3128).jpg,Normal,val
C:\Users\Admin\Desktop\dataset train\Dataset\COVID\COVID-19 (813).jpg,COVID,val
C:\Users\Admin\Desktop\dataset train\Dataset\Pneumonia-Viral\Pneumonia-Viral (955).jpg,Pneumonia-Viral,val
C:\Users\Admin\Desktop\dataset train\Dataset\Pneumonia-Viral\Pneumonia-Viral (1002).jpg,Pneumonia-Viral,val
C:\Users\Admin\Desktop\dataset train\Dataset\Pneumonia-Bacterial\Pneumonia-Bacterial (2574).jpg,Pneumonia-Bacterial,val
C:\Users\Admin\Desktop\dataset train\Dataset\Pneumonia-Bacterial\Pneumonia-Bacterial (97).jpg,Pneumonia-Bacterial,val
C:\Users\Admin\Desktop\dataset train\Dataset\Normal\Normal (923).jpg,Normal,val
C:\Users\Admin\Desktop\dataset train\Dataset\Pneumonia-Bacterial\Pneumonia-Bacterial (2440).jpg,Pneumonia-Bacterial,val
C:\Users\Admin\Desktop\dataset train\Dataset\Pneumonia-Bacterial\Pneumonia-Bacterial (1593).jpg,Pneumonia-Bacterial,val
C:\Users\Admin\Desktop\dataset train\Dataset\Pneumonia-Viral\Pneumonia-Viral (546).jpg,Pneumonia-Viral,val
C:\Users\Admin\Desktop\dataset train\Dataset\Pneumonia-Bacterial\Pneumonia-Bacterial (833).jpg,Pneumonia-Bacterial,val
C:\Users\Admin\Desktop\dataset train\Dataset\Normal\Normal (610).jpg,Normal,val
C:\Users\Admin\Desktop\dataset train\Dataset\Pneumonia-Bacterial\Pneumonia-Bacterial (2461).jpg,Pneumonia-Bacterial,val
C:\Users\Admin\Desktop\dataset train\Dataset\Normal\Normal (911).jpg,Normal,val
C:\Users\Admin\Desktop\dataset train\Dataset\COVID\COVID-19 (1093).jpg,COVID,val
C:\Users\Admin\Desktop\dataset train\Dataset\Normal\Normal (1427).jpg,Normal,val
C:\Users\Admin\Desktop\dataset train\Dataset\Pneumonia-Bacterial\Pneumonia-Bacterial (1726).jpg,Pneumonia-Bacterial,val
C:\Users\Admin\Desktop\dataset train\Dataset\Pneumonia-Bacterial\Pneumonia-Bacterial (2784).jpg,Pneumonia-Bacterial,val
C:\Users\Admin\Desktop\dataset train\Dataset\Pneumonia-Viral\Pneumonia-Viral (248).jpg,Pneumonia-Viral,val
C:\Users\Admin\Desktop\dataset train\Dataset\Pneumonia-Bacterial\Pneumonia-Bacterial (1241).jpg,Pneumonia-Bacterial,val
C:\Users\Admin\Desktop\dataset train\Dataset\Pneumonia-Viral\Pneumonia-Viral (1481).jpg,Pneumonia-Viral,val
C:\Users\Admin\Desktop\dataset train\Dataset\Normal\Normal (2419).jpg,Normal,val
C:\Users\Admin\Desktop\dataset train\Dataset\Normal\Normal (2071).jpg,Normal,val
C:\Users\Admin\Desktop\dataset train\Dataset\Normal\Normal (94).jpg,Normal,val
C:\Users\Admin\Desktop\dataset train\Dataset\Normal\Normal (3009).jpg,Normal,val
C:\Users\Admin\Desktop\dataset train\Dataset\Pneumonia-Bacterial\Pneumonia-Bacterial (887).jpg,Pneumonia-Bacterial,val
C:\Users\Admin\Desktop\dataset train\Dataset\Pneumonia-Viral\Pneumonia-Viral (216).jpg,Pneumonia-Viral,val
C:\Users\Admin\Desktop\dataset train\Dataset\Normal\Normal (182).jpg,Normal,val
C:\Users\Admin\Desktop\dataset train\Dataset\Pneumonia-Viral\Pneumonia-Viral (1631).jpg,Pneumonia-Viral,val
C:\Users\Admin\Desktop\dataset train\Dataset\Normal\Normal (970).jpg,Normal,val
C:\Users\Admin\Desktop\dataset train\Dataset\COVID\COVID-19 (506).jpg,COVID,val
C:\Users\Admin\Desktop\dataset train\Dataset\Pneumonia-Bacterial\Pneumonia-Bacterial (1497).jpg,Pneumonia-Bacterial,val
C:\Users\Admin\Desktop\dataset train\Dataset\Pneumonia-Bacterial\Pneumonia-Bacterial (1822).jpg,Pneumonia-Bacterial,val
C:\Users\Admin\Desktop\dataset train\Dataset\Normal\Normal (2501).jpg,Normal,val
C:\Users\Admin\Desktop\dataset train\Dataset\Pneumonia-Bacterial\Pneumonia-Bacterial (1965).jpg,Pneumonia-Bacterial,val
C:\Users\Admin\Desktop\dataset train\Dataset\COVID\COVID-19 (442).jpg,COVID,val
C:\Users\Admin\Desktop\dataset train\Dataset\Pneumonia-Bacterial\Pneumonia-Bacterial (1377).jpg,Pneumonia-Bacterial,val
C:\Users\Admin\Desktop\dataset train\Dataset\COVID\COVID-19 (484).jpg,COVID,val
C:\Users\Admin\Desktop\dataset train\Dataset\Pneumonia-Bacterial\Pneumonia-Bacterial (336).jpg,Pneumonia-Bacterial,val
C:\Users\Admin\Desktop\dataset train\Dataset\COVID\COVID-19 (806).jpg,COVID,val
C:\Users\Admin\Desktop\dataset train\Dataset\Pneumonia-Bacterial\Pneumonia-Bacterial (1984).jpg,Pneumonia-Bacterial,val
C:\Users\Admin\Desktop\dataset train\Dataset\Pneumonia-Bacterial\Pneumonia-Bacterial (2563).jpg,Pneumonia-Bacterial,val
C:\Users\Admin\Desktop\dataset train\Dataset\Normal\Normal (1136).jpg,Normal,val
C:\Users\Admin\Desktop\dataset train\Dataset\Pneumonia-Bacterial\Pneumonia-Bacterial (2300).jpg,Pneumonia-Bacterial,val
C:\Users\Admin\Desktop\dataset train\Dataset\Normal\Normal (1302).jpg,Normal,val
C:\Users\Admin\Desktop\dataset train\Dataset\COVID\COVID-19 (863).jpg,COVID,val
C:\Users\Admin\Desktop\dataset train\Dataset\Normal\Normal (1120).jpg,Normal,val
C:\Users\Admin\Desktop\dataset train\Dataset\Normal\Normal (3264).jpg,Normal,val
C:\Users\Admin\Desktop\dataset train\Dataset\COVID\COVID-19 (601).jpg,COVID,val
C:\Users\Admin\Desktop\dataset train\Dataset\Normal\Normal (3040).jpg,Normal,val
C:\Users\Admin\Desktop\dataset train\Dataset\Pneumonia-Viral\Pneumonia-Viral (601).jpg,Pneumonia-Viral,val
C:\Users\Admin\Desktop\dataset train\Dataset\Normal\Normal (2116).jpg,Normal,val
C:\Users\Admin\Desktop\dataset train\Dataset\Normal\Normal (381).jpg,Normal,val
C:\Users\Admin\Desktop\dataset train\Dataset\Normal\Normal (1046).jpg,Normal,val
C:\Users\Admin\Desktop\dataset train\Dataset\Normal\Normal (1859).jpg,Normal,val
C:\Users\Admin\Desktop\dataset train\Dataset\Pneumonia-Bacterial\Pneumonia-Bacterial (2414).jpg,Pneumonia-Bacterial,val
C:\Users\Admin\Desktop\dataset train\Dataset\COVID\COVID-19 (543).jpg,COVID,val
C:\Users\Admin\Desktop\dataset train\Dataset\Pneumonia-Viral\Pneumonia-Viral (1517).jpg,Pneumonia-Viral,val
C:\Users\Admin\Desktop\dataset train\Dataset\Pneumonia-Bacterial\Pneumonia-Bacterial (998).jpg,Pneumonia-Bacterial,val
C:\Users\Admin\Desktop\dataset train\Dataset\Pneumonia-Bacterial\Pneumonia-Bacterial (2095).jpg,Pneumonia-Bacterial,val
C:\Users\Admin\Desktop\dataset train\Dataset\Pneumonia-Bacterial\Pneumonia-Bacterial (2747).jpg,Pneumonia-Bacterial,val
C:\Users\Admin\Desktop\dataset train\Dataset\COVID\COVID-19 (855).jpg,COVID,val
C:\Users\Admin\Desktop\dataset train\Dataset\COVID\COVID-19 (493).jpg,COVID,val
C:\Users\Admin\Desktop\dataset train\Dataset\Pneumonia-Viral\Pneumonia-Viral (1115).jpg,Pneumonia-Viral,val
C:\Users\Admin\Desktop\dataset train\Dataset\Pneumonia-Viral\Pneumonia-Viral (1567).jpg,Pneumonia-Viral,val
C:\Users\Admin\Desktop\dataset train\Dataset\Pneumonia-Viral\Pneumonia-Viral (1479).jpg,Pneumonia-Viral,val
C:\Users\Admin\Desktop\dataset train\Dataset\Normal\Normal (2489).jpg,Normal,val
C:\Users\Admin\Desktop\dataset train\Dataset\Pneumonia-Bacterial\Pneumonia-Bacterial (2524).jpg,Pneumonia-Bacterial,val
C:\Users\Admin\Desktop\dataset train\Dataset\Normal\Normal (1884).jpg,Normal,val
C:\Users\Admin\Desktop\dataset train\Dataset\Pneumonia-Bacterial\Pneumonia-Bacterial (1871).jpg,Pneumonia-Bacterial,val
C:\Users\Admin\Desktop\dataset train\Dataset\COVID\COVID-19 (974).jpg,COVID,val
C:\Users\Admin\Desktop\dataset train\Dataset\Normal\Normal (520).jpg,Normal,val
C:\Users\Admin\Desktop\dataset train\Dataset\Normal\Normal (2293).jpg,Normal,val
C:\Users\Admin\Desktop\dataset train\Dataset\Pneumonia-Bacterial\Pneumonia-Bacterial (1443).jpg,Pneumonia-Bacterial,val
C:\Users\Admin\Desktop\dataset train\Dataset\Normal\Normal (663).jpg,Normal,val
C:\Users\Admin\Desktop\dataset train\Dataset\Pneumonia-Viral\Pneumonia-Viral (883).jpg,Pneumonia-Viral,val
C:\Users\Admin\Desktop\dataset train\Dataset\Pneumonia-Bacterial\Pneumonia-Bacterial (3000).jpg,Pneumonia-Bacterial,val
C:\Users\Admin\Desktop\dataset train\Dataset\Pneumonia-Viral\Pneumonia-Viral (236).jpg,Pneumonia-Viral,val
C:\Users\Admin\Desktop\dataset train\Dataset\Normal\Normal (389).jpg,Normal,val
C:\Users\Admin\Desktop\dataset train\Dataset\COVID\COVID-19 (1257).jpg,COVID,val
C:\Users\Admin\Desktop\dataset train\Dataset\Pneumonia-Bacterial\Pneumonia-Bacterial (841).jpg,Pneumonia-Bacterial,val
C:\Users\Admin\Desktop\dataset train\Dataset\Pneumonia-Bacterial\Pneumonia-Bacterial (2966).jpg,Pneumonia-Bacterial,val
C:\Users\Admin\Desktop\dataset train\Dataset\COVID\COVID-19 (268).jpg,COVID,val
C:\Users\Admin\Desktop\dataset train\Dataset\Pneumonia-Bacterial\Pneumonia-Bacterial (2539).jpg,Pneumonia-Bacterial,val
C:\Users\Admin\Desktop\dataset train\Dataset\Normal\Normal (2619).jpg,Normal,val
C:\Users\Admin\Desktop\dataset train\Dataset\COVID\COVID-19 (11).jpg,COVID,val
C:\Users\Admin\Desktop\dataset train\Dataset\Pneumonia-Bacterial\Pneumonia-Bacterial (1800).jpg,Pneumonia-Bacterial,val
C:\Users\Admin\Desktop\dataset train\Dataset\Normal\Normal (960).jpg,Normal,val
C:\Users\Admin\Desktop\dataset train\Dataset\Pneumonia-Bacterial\Pneumonia-Bacterial (2031).jpg,Pneumonia-Bacterial,val
C:\Users\Admin\Desktop\dataset train\Dataset\COVID\COVID-19 (1012).jpg,COVID,val
C:\Users\Admin\Desktop\dataset train\Dataset\Pneumonia-Bacterial\Pneumonia-Bacterial (182).jpg,Pneumonia-Bacterial,val
C:\Users\Admin\Desktop\dataset train\Dataset\Normal\Normal (2798).jpg,Normal,val
C:\Users\Admin\Desktop\dataset train\Dataset\Pneumonia-Bacterial\Pneumonia-Bacterial (1419).jpg,Pneumonia-Bacterial,val
C:\Users\Admin\Desktop\dataset train\Dataset\Pneumonia-Bacterial\Pneumonia-Bacterial (1748).jpg,Pneumonia-Bacterial,val
C:\Users\Admin\Desktop\dataset train\Dataset\Pneumonia-Viral\Pneumonia-Viral (1006).jpg,Pneumonia-Viral,val
C:\Users\Admin\Desktop\dataset train\Dataset\Normal\Normal (2417).jpg,Normal,val
C:\Users\Admin\Desktop\dataset train\Dataset\COVID\COVID-19 (741).jpg,COVID,val
C:\Users\Admin\Desktop\dataset train\Dataset\Normal\Normal (1233).jpg,Normal,val
C:\Users\Admin\Desktop\dataset train\Dataset\Normal\Normal (2355).jpg,Normal,val
C:\Users\Admin\Desktop\dataset train\Dataset\Pneumonia-Bacterial\Pneumonia-Bacterial (2791).jpg,Pneumonia-Bacterial,val
C:\Users\Admin\Desktop\dataset train\Dataset\Pneumonia-Viral\Pneumonia-Viral (1168).jpg,Pneumonia-Viral,val
C:\Users\Admin\Desktop\dataset train\Dataset\Normal\Normal (1684).jpg,Normal,val
C:\Users\Admin\Desktop\dataset train\Dataset\Pneumonia-Viral\Pneumonia-Viral (737).jpg,Pneumonia-Viral,val
C:\Users\Admin\Desktop\dataset train\Dataset\Normal\Normal (2561).jpg,Normal,val
C:\Users\Admin\Desktop\dataset train\Dataset\Pneumonia-Bacterial\Pneumonia-Bacterial (747).jpg,Pneumonia-Bacterial,val
C:\Users\Admin\Desktop\dataset train\Dataset\Pneumonia-Viral\Pneumonia-Viral (1605).jpg,Pneumonia-Viral,val
C:\Users\Admin\Desktop\dataset train\Dataset\Pneumonia-Bacterial\Pneumonia-Bacterial (1813).jpg,Pneumonia-Bacterial,val
C:\Users\Admin\Desktop\dataset train\Dataset\COVID\COVID-19 (98).jpg,COVID,val
C:\Users\Admin\Desktop\dataset train\Dataset\COVID\COVID-19 (62).jpg,COVID,val
C:\Users\Admin\Desktop\dataset train\Dataset\COVID\COVID-19 (551).jpg,COVID,val
C:\Users\Admin\Desktop\dataset train\Dataset\Pneumonia-Bacterial\Pneumonia-Bacterial (1873).jpg,Pneumonia-Bacterial,val
C:\Users\Admin\Desktop\dataset train\Dataset\Normal\Normal (1029).jpg,Normal,val
C:\Users\Admin\Desktop\dataset train\Dataset\COVID\COVID-19 (1142).jpg,COVID,val
C:\Users\Admin\Desktop\dataset train\Dataset\COVID\COVID-19 (828).jpg,COVID,val
C:\Users\Admin\Desktop\dataset train\Dataset\Normal\Normal (972).jpg,Normal,val
C:\Users\Admin\Desktop\dataset train\Dataset\Pneumonia-Viral\Pneumonia-Viral (18).jpg,Pneumonia-Viral,val
C:\Users\Admin\Desktop\dataset train\Dataset\Pneumonia-Bacterial\Pneumonia-Bacterial (402).jpg,Pneumonia-Bacterial,val
C:\Users\Admin\Desktop\dataset train\Dataset\Pneumonia-Bacterial\Pneumonia-Bacterial (1305).jpg,Pneumonia-Bacterial,val
C:\Users\Admin\Desktop\dataset train\Dataset\Pneumonia-Bacterial\Pneumonia-Bacterial (1017).jpg,Pneumonia-Bacterial,val
C:\Users\Admin\Desktop\dataset train\Dataset\Pneumonia-Bacterial\Pneumonia-Bacterial (2749).jpg,Pneumonia-Bacterial,val
C:\Users\Admin\Desktop\dataset train\Dataset\Pneumonia-Bacterial\Pneumonia-Bacterial (2764).jpg,Pneumonia-Bacterial,val
C:\Users\Admin\Desktop\dataset train\Dataset\Normal\Normal (1030).jpg,Normal,val
C:\Users\Admin\Desktop\dataset train\Dataset\COVID\COVID-19 (749).jpg,COVID,val
C:\Users\Admin\Desktop\dataset train\Dataset\Normal\Normal (505).jpg,Normal,val
C:\Users\Admin\Desktop\dataset train\Dataset\Pneumonia-Bacterial\Pneumonia-Bacterial (1254).jpg,Pneumonia-Bacterial,val
C:\Users\Admin\Desktop\dataset train\Dataset\Normal\Normal (2511).jpg,Normal,val
C:\Users\Admin\Desktop\dataset train\Dataset\Pneumonia-Bacterial\Pneumonia-Bacterial (2908).jpg,Pneumonia-Bacterial,val
C:\Users\Admin\Desktop\dataset train\Dataset\Normal\Normal (8).jpg,Normal,val
C:\Users\Admin\Desktop\dataset train\Dataset\Normal\Normal (2943).jpg,Normal,val
C:\Users\Admin\Desktop\dataset train\Dataset\COVID\COVID-19 (130).jpg,COVID,val
C:\Users\Admin\Desktop\dataset train\Dataset\Normal\Normal (404).jpg,Normal,val
C:\Users\Admin\Desktop\dataset train\Dataset\Pneumonia-Bacterial\Pneumonia-Bacterial (2872).jpg,Pneumonia-Bacterial,val
C:\Users\Admin\Desktop\dataset train\Dataset\Normal\Normal (858).jpg,Normal,val
C:\Users\Admin\Desktop\dataset train\Dataset\Normal\Normal (1921).jpg,Normal,val
C:\Users\Admin\Desktop\dataset train\Dataset\Pneumonia-Viral\Pneumonia-Viral (1331).jpg,Pneumonia-Viral,val
C:\Users\Admin\Desktop\dataset train\Dataset\Pneumonia-Bacterial\Pneumonia-Bacterial (625).jpg,Pneumonia-Bacterial,val
C:\Users\Admin\Desktop\dataset train\Dataset\Pneumonia-Bacterial\Pneumonia-Bacterial (2672).jpg,Pneumonia-Bacterial,val
C:\Users\Admin\Desktop\dataset train\Dataset\Normal\Normal (839).jpg,Normal,val
C:\Users\Admin\Desktop\dataset train\Dataset\Normal\Normal (1315).jpg,Normal,val
C:\Users\Admin\Desktop\dataset train\Dataset\Pneumonia-Bacterial\Pneumonia-Bacterial (1302).jpg,Pneumonia-Bacterial,val
C:\Users\Admin\Desktop\dataset train\Dataset\Normal\Normal (1311).jpg,Normal,val
C:\Users\Admin\Desktop\dataset train\Dataset\Normal\Normal (1975).jpg,Normal,val
C:\Users\Admin\Desktop\dataset train\Dataset\Pneumonia-Viral\Pneumonia-Viral (1389).jpg,Pneumonia-Viral,val
C:\Users\Admin\Desktop\dataset train\Dataset\Pneumonia-Viral\Pneumonia-Viral (972).jpg,Pneumonia-Viral,val
C:\Users\Admin\Desktop\dataset train\Dataset\Pneumonia-Bacterial\Pneumonia-Bacterial (837).jpg,Pneumonia-Bacterial,val
C:\Users\Admin\Desktop\dataset train\Dataset\Pneumonia-Bacterial\Pneumonia-Bacterial (2430).jpg,Pneumonia-Bacterial,val
C:\Users\Admin\Desktop\dataset train\Dataset\Pneumonia-Viral\Pneumonia-Viral (510).jpg,Pneumonia-Viral,val
C:\Users\Admin\Desktop\dataset train\Dataset\Normal\Normal (1842).jpg,Normal,val
C:\Users\Admin\Desktop\dataset train\Dataset\Normal\Normal (2652).jpg,Normal,val
C:\Users\Admin\Desktop\dataset train\Dataset\COVID\COVID-19 (614).jpg,COVID,val
C:\Users\Admin\Desktop\dataset train\Dataset\Pneumonia-Bacterial\Pneumonia-Bacterial (797).jpg,Pneumonia-Bacterial,val
C:\Users\Admin\Desktop\dataset train\Dataset\Pneumonia-Bacterial\Pneumonia-Bacterial (1347).jpg,Pneumonia-Bacterial,val
C:\Users\Admin\Desktop\dataset train\Dataset\COVID\COVID-19 (541).jpg,COVID,val
C:\Users\Admin\Desktop\dataset train\Dataset\Pneumonia-Bacterial\Pneumonia-Bacterial (2973).jpg,Pneumonia-Bacterial,val
C:\Users\Admin\Desktop\dataset train\Dataset\Pneumonia-Bacterial\Pneumonia-Bacterial (1009).jpg,Pneumonia-Bacterial,val
C:\Users\Admin\Desktop\dataset train\Dataset\Pneumonia-Viral\Pneumonia-Viral (928).jpg,Pneumonia-Viral,val
C:\Users\Admin\Desktop\dataset train\Dataset\Normal\Normal (2144).jpg,Normal,val
C:\Users\Admin\Desktop\dataset train\Dataset\Pneumonia-Bacterial\Pneumonia-Bacterial (1648).jpg,Pneumonia-Bacterial,val
C:\Users\Admin\Desktop\dataset train\Dataset\Normal\Normal (1353).jpg,Normal,val
C:\Users\Admin\Desktop\dataset train\Dataset\Pneumonia-Viral\Pneumonia-Viral (1025).jpg,Pneumonia-Viral,val
C:\Users\Admin\Desktop\dataset train\Dataset\Pneumonia-Viral\Pneumonia-Viral (1235).jpg,Pneumonia-Viral,val
C:\Users\Admin\Desktop\dataset train\Dataset\Pneumonia-Viral\Pneumonia-Viral (1499).jpg,Pneumonia-Viral,val
C:\Users\Admin\Desktop\dataset train\Dataset\Pneumonia-Bacterial\Pneumonia-Bacterial (32).jpg,Pneumonia-Bacterial,val
C:\Users\Admin\Desktop\dataset train\Dataset\Normal\Normal (2249).jpg,Normal,val
C:\Users\Admin\Desktop\dataset train\Dataset\Pneumonia-Viral\Pneumonia-Viral (812).jpg,Pneumonia-Viral,val
C:\Users\Admin\Desktop\dataset train\Dataset\Normal\Normal (956).jpg,Normal,val
C:\Users\Admin\Desktop\dataset train\Dataset\Normal\Normal (3224).jpg,Normal,val
C:\Users\Admin\Desktop\dataset train\Dataset\Normal\Normal (502).jpg,Normal,val
C:\Users\Admin\Desktop\dataset train\Dataset\Pneumonia-Bacterial\Pneumonia-Bacterial (225).jpg,Pneumonia-Bacterial,val
C:\Users\Admin\Desktop\dataset train\Dataset\Pneumonia-Bacterial\Pneumonia-Bacterial (584).jpg,Pneumonia-Bacterial,val
C:\Users\Admin\Desktop\dataset train\Dataset\COVID\COVID-19 (386).jpg,COVID,val
C:\Users\Admin\Desktop\dataset train\Dataset\Pneumonia-Bacterial\Pneumonia-Bacterial (2568).jpg,Pneumonia-Bacterial,val
C:\Users\Admin\Desktop\dataset train\Dataset\COVID\COVID-19 (869).jpg,COVID,val
C:\Users\Admin\Desktop\dataset train\Dataset\Normal\Normal (2183).jpg,Normal,val
C:\Users\Admin\Desktop\dataset train\Dataset\Pneumonia-Bacterial\Pneumonia-Bacterial (672).jpg,Pneumonia-Bacterial,val
C:\Users\Admin\Desktop\dataset train\Dataset\Pneumonia-Bacterial\Pneumonia-Bacterial (1765).jpg,Pneumonia-Bacterial,val
C:\Users\Admin\Desktop\dataset train\Dataset\COVID\COVID-19 (743).jpg,COVID,val
C:\Users\Admin\Desktop\dataset train\Dataset\Normal\Normal (15).jpg,Normal,val
C:\Users\Admin\Desktop\dataset train\Dataset\COVID\COVID-19 (515).jpg,COVID,val
C:\Users\Admin\Desktop\dataset train\Dataset\Pneumonia-Bacterial\Pneumonia-Bacterial (1266).jpg,Pneumonia-Bacterial,val
C:\Users\Admin\Desktop\dataset train\Dataset\Pneumonia-Viral\Pneumonia-Viral (371).jpg,Pneumonia-Viral,val
C:\Users\Admin\Desktop\dataset train\Dataset\Pneumonia-Viral\Pneumonia-Viral (137).jpg,Pneumonia-Viral,val
C:\Users\Admin\Desktop\dataset train\Dataset\Normal\Normal (2118).jpg,Normal,val
C:\Users\Admin\Desktop\dataset train\Dataset\Pneumonia-Bacterial\Pneumonia-Bacterial (1281).jpg,Pneumonia-Bacterial,val
C:\Users\Admin\Desktop\dataset train\Dataset\Normal\Normal (2617).jpg,Normal,val
C:\Users\Admin\Desktop\dataset train\Dataset\Normal\Normal (1431).jpg,Normal,val
C:\Users\Admin\Desktop\dataset train\Dataset\Pneumonia-Bacterial\Pneumonia-Bacterial (1657).jpg,Pneumonia-Bacterial,val
C:\Users\Admin\Desktop\dataset train\Dataset\Pneumonia-Viral\Pneumonia-Viral (1005).jpg,Pneumonia-Viral,val
C:\Users\Admin\Desktop\dataset train\Dataset\Normal\Normal (1101).jpg,Normal,val
C:\Users\Admin\Desktop\dataset train\Dataset\COVID\COVID-19 (1226).jpg,COVID,val
C:\Users\Admin\Desktop\dataset train\Dataset\Pneumonia-Bacterial\Pneumonia-Bacterial (1699).jpg,Pneumonia-Bacterial,val
C:\Users\Admin\Desktop\dataset train\Dataset\Pneumonia-Viral\Pneumonia-Viral (1494).jpg,Pneumonia-Viral,val
C:\Users\Admin\Desktop\dataset train\Dataset\Pneumonia-Bacterial\Pneumonia-Bacterial (2742).jpg,Pneumonia-Bacterial,val
C:\Users\Admin\Desktop\dataset train\Dataset\Pneumonia-Bacterial\Pneumonia-Bacterial (1025).jpg,Pneumonia-Bacterial,val
C:\Users\Admin\Desktop\dataset train\Dataset\Pneumonia-Bacterial\Pneumonia-Bacterial (202).jpg,Pneumonia-Bacterial,val
C:\Users\Admin\Desktop\dataset train\Dataset\Pneumonia-Bacterial\Pneumonia-Bacterial (108).jpg,Pneumonia-Bacterial,val
C:\Users\Admin\Desktop\dataset train\Dataset\Pneumonia-Bacterial\Pneumonia-Bacterial (962).jpg,Pneumonia-Bacterial,val
C:\Users\Admin\Desktop\dataset train\Dataset\Normal\Normal (1441).jpg,Normal,val
C:\Users\Admin\Desktop\dataset train\Dataset\Normal\Normal (89).jpg,Normal,val
C:\Users\Admin\Desktop\dataset train\Dataset\Pneumonia-Viral\Pneumonia-Viral (1246).jpg,Pneumonia-Viral,val
C:\Users\Admin\Desktop\dataset train\Dataset\Pneumonia-Bacterial\Pneumonia-Bacterial (2788).jpg,Pneumonia-Bacterial,val
C:\Users\Admin\Desktop\dataset train\Dataset\COVID\COVID-19 (125).jpg,COVID,val
C:\Users\Admin\Desktop\dataset train\Dataset\Normal\Normal (1304).jpg,Normal,val
C:\Users\Admin\Desktop\dataset train\Dataset\Pneumonia-Viral\Pneumonia-Viral (531).jpg,Pneumonia-Viral,val
C:\Users\Admin\Desktop\dataset train\Dataset\COVID\COVID-19 (274).jpg,COVID,val
C:\Users\Admin\Desktop\dataset train\Dataset\Pneumonia-Bacterial\Pneumonia-Bacterial (588).jpg,Pneumonia-Bacterial,val
C:\Users\Admin\Desktop\dataset train\Dataset\Normal\Normal (1995).jpg,Normal,val
C:\Users\Admin\Desktop\dataset train\Dataset\Pneumonia-Viral\Pneumonia-Viral (1594).jpg,Pneumonia-Viral,val
C:\Users\Admin\Desktop\dataset train\Dataset\Pneumonia-Bacterial\Pneumonia-Bacterial (2457).jpg,Pneumonia-Bacterial,val
C:\Users\Admin\Desktop\dataset train\Dataset\Normal\Normal (2069).jpg,Normal,val
C:\Users\Admin\Desktop\dataset train\Dataset\COVID\COVID-19 (352).jpg,COVID,val
C:\Users\Admin\Desktop\dataset train\Dataset\Normal\Normal (861).jpg,Normal,val
C:\Users\Admin\Desktop\dataset train\Dataset\Normal\Normal (3111).jpg,Normal,val
C:\Users\Admin\Desktop\dataset train\Dataset\COVID\COVID-19 (709).jpg,COVID,val
C:\Users\Admin\Desktop\dataset train\Dataset\Pneumonia-Viral\Pneumonia-Viral (1132).jpg,Pneumonia-Viral,val
C:\Users\Admin\Desktop\dataset train\Dataset\Pneumonia-Bacterial\Pneumonia-Bacterial (341).jpg,Pneumonia-Bacterial,val
C:\Users\Admin\Desktop\dataset train\Dataset\Pneumonia-Bacterial\Pneumonia-Bacterial (851).jpg,Pneumonia-Bacterial,val
C:\Users\Admin\Desktop\dataset train\Dataset\COVID\COVID-19 (1280).jpg,COVID,val
C:\Users\Admin\Desktop\dataset train\Dataset\Pneumonia-Bacterial\Pneumonia-Bacterial (1663).jpg,Pneumonia-Bacterial,val
C:\Users\Admin\Desktop\dataset train\Dataset\Pneumonia-Bacterial\Pneumonia-Bacterial (257).jpg,Pneumonia-Bacterial,val
C:\Users\Admin\Desktop\dataset train\Dataset\Pneumonia-Viral\Pneumonia-Viral (545).jpg,Pneumonia-Viral,val
C:\Users\Admin\Desktop\dataset train\Dataset\Pneumonia-Bacterial\Pneumonia-Bacterial (1814).jpg,Pneumonia-Bacterial,val
C:\Users\Admin\Desktop\dataset train\Dataset\Normal\Normal (2401).jpg,Normal,val
C:\Users\Admin\Desktop\dataset train\Dataset\Normal\Normal (2930).jpg,Normal,val
C:\Users\Admin\Desktop\dataset train\Dataset\Normal\Normal (2400).jpg,Normal,val
C:\Users\Admin\Desktop\dataset train\Dataset\COVID\COVID-19 (950).jpg,COVID,val
C:\Users\Admin\Desktop\dataset train\Dataset\Normal\Normal (1261).jpg,Normal,val
C:\Users\Admin\Desktop\dataset train\Dataset\Normal\Normal (427).jpg,Normal,val
C:\Users\Admin\Desktop\dataset train\Dataset\Pneumonia-Bacterial\Pneumonia-Bacterial (2093).jpg,Pneumonia-Bacterial,val
C:\Users\Admin\Desktop\dataset train\Dataset\Normal\Normal (1042).jpg,Normal,val
C:\Users\Admin\Desktop\dataset train\Dataset\COVID\COVID-19 (1029).jpg,COVID,val
C:\Users\Admin\Desktop\dataset train\Dataset\Pneumonia-Viral\Pneumonia-Viral (753).jpg,Pneumonia-Viral,val
C:\Users\Admin\Desktop\dataset train\Dataset\Pneumonia-Viral\Pneumonia-Viral (1281).jpg,Pneumonia-Viral,val
C:\Users\Admin\Desktop\dataset train\Dataset\Normal\Normal (856).jpg,Normal,val
C:\Users\Admin\Desktop\dataset train\Dataset\Pneumonia-Bacterial\Pneumonia-Bacterial (2686).jpg,Pneumonia-Bacterial,val
C:\Users\Admin\Desktop\dataset train\Dataset\COVID\COVID-19 (862).jpg,COVID,val
C:\Users\Admin\Desktop\dataset train\Dataset\COVID\COVID-19 (57).jpg,COVID,val
C:\Users\Admin\Desktop\dataset train\Dataset\Pneumonia-Bacterial\Pneumonia-Bacterial (1589).jpg,Pneumonia-Bacterial,val
C:\Users\Admin\Desktop\dataset train\Dataset\Pneumonia-Viral\Pneumonia-Viral (1492).jpg,Pneumonia-Viral,val
C:\Users\Admin\Desktop\dataset train\Dataset\Normal\Normal (237).jpg,Normal,val
C:\Users\Admin\Desktop\dataset train\Dataset\Pneumonia-Bacterial\Pneumonia-Bacterial (552).jpg,Pneumonia-Bacterial,val
C:\Users\Admin\Desktop\dataset train\Dataset\Pneumonia-Bacterial\Pneumonia-Bacterial (2193).jpg,Pneumonia-Bacterial,val
C:\Users\Admin\Desktop\dataset train\Dataset\Normal\Normal (1023).jpg,Normal,val
C:\Users\Admin\Desktop\dataset train\Dataset\COVID\COVID-19 (682).jpg,COVID,val
C:\Users\Admin\Desktop\dataset train\Dataset\Pneumonia-Viral\Pneumonia-Viral (1543).jpg,Pneumonia-Viral,val
C:\Users\Admin\Desktop\dataset train\Dataset\Normal\Normal (1594).jpg,Normal,val
C:\Users\Admin\Desktop\dataset train\Dataset\COVID\COVID-19 (593).jpg,COVID,val
C:\Users\Admin\Desktop\dataset train\Dataset\COVID\COVID-19 (178).jpg,COVID,val
C:\Users\Admin\Desktop\dataset train\Dataset\COVID\COVID-19 (204).jpg,COVID,val
C:\Users\Admin\Desktop\dataset train\Dataset\Pneumonia-Viral\Pneumonia-Viral (258).jpg,Pneumonia-Viral,val
C:\Users\Admin\Desktop\dataset train\Dataset\Pneumonia-Viral\Pneumonia-Viral (54).jpg,Pneumonia-Viral,val
C:\Users\Admin\Desktop\dataset train\Dataset\Pneumonia-Viral\Pneumonia-Viral (1473).jpg,Pneumonia-Viral,val
C:\Users\Admin\Desktop\dataset train\Dataset\Normal\Normal (1237).jpg,Normal,val
C:\Users\Admin\Desktop\dataset train\Dataset\Normal\Normal (2521).jpg,Normal,val
C:\Users\Admin\Desktop\dataset train\Dataset\Pneumonia-Bacterial\Pneumonia-Bacterial (2262).jpg,Pneumonia-Bacterial,val
C:\Users\Admin\Desktop\dataset train\Dataset\Pneumonia-Bacterial\Pneumonia-Bacterial (2770).jpg,Pneumonia-Bacterial,val
C:\Users\Admin\Desktop\dataset train\Dataset\Pneumonia-Bacterial\Pneumonia-Bacterial (1202).jpg,Pneumonia-Bacterial,val
C:\Users\Admin\Desktop\dataset train\Dataset\Normal\Normal (2035).jpg,Normal,val
C:\Users\Admin\Desktop\dataset train\Dataset\Pneumonia-Viral\Pneumonia-Viral (740).jpg,Pneumonia-Viral,val
C:\Users\Admin\Desktop\dataset train\Dataset\COVID\COVID-19 (565).jpg,COVID,val
C:\Users\Admin\Desktop\dataset train\Dataset\COVID\COVID-19 (459).jpg,COVID,val
C:\Users\Admin\Desktop\dataset train\Dataset\Pneumonia-Bacterial\Pneumonia-Bacterial (243).jpg,Pneumonia-Bacterial,val
C:\Users\Admin\Desktop\dataset train\Dataset\Normal\Normal (2496).jpg,Normal,val
C:\Users\Admin\Desktop\dataset train\Dataset\Pneumonia-Viral\Pneumonia-Viral (1032).jpg,Pneumonia-Viral,val
C:\Users\Admin\Desktop\dataset train\Dataset\Pneumonia-Bacterial\Pneumonia-Bacterial (2779).jpg,Pneumonia-Bacterial,val
C:\Users\Admin\Desktop\dataset train\Dataset\COVID\COVID-19 (1185).jpg,COVID,val
C:\Users\Admin\Desktop\dataset train\Dataset\Pneumonia-Bacterial\Pneumonia-Bacterial (1588).jpg,Pneumonia-Bacterial,val
C:\Users\Admin\Desktop\dataset train\Dataset\Pneumonia-Viral\Pneumonia-Viral (1361).jpg,Pneumonia-Viral,val
C:\Users\Admin\Desktop\dataset train\Dataset\Normal\Normal (532).jpg,Normal,val
C:\Users\Admin\Desktop\dataset train\Dataset\Pneumonia-Viral\Pneumonia-Viral (511).jpg,Pneumonia-Viral,val
C:\Users\Admin\Desktop\dataset train\Dataset\Normal\Normal (2190).jpg,Normal,val
C:\Users\Admin\Desktop\dataset train\Dataset\Normal\Normal (2488).jpg,Normal,val
C:\Users\Admin\Desktop\dataset train\Dataset\Normal\Normal (1902).jpg,Normal,val
C:\Users\Admin\Desktop\dataset train\Dataset\COVID\COVID-19 (825).jpg,COVID,val
C:\Users\Admin\Desktop\dataset train\Dataset\Normal\Normal (1006).jpg,Normal,val
C:\Users\Admin\Desktop\dataset train\Dataset\Pneumonia-Bacterial\Pneumonia-Bacterial (49).jpg,Pneumonia-Bacterial,val
C:\Users\Admin\Desktop\dataset train\Dataset\Pneumonia-Viral\Pneumonia-Viral (1387).jpg,Pneumonia-Viral,val
C:\Users\Admin\Desktop\dataset train\Dataset\Pneumonia-Bacterial\Pneumonia-Bacterial (2083).jpg,Pneumonia-Bacterial,val
C:\Users\Admin\Desktop\dataset train\Dataset\Normal\Normal (573).jpg,Normal,val
C:\Users\Admin\Desktop\dataset train\Dataset\Pneumonia-Bacterial\Pneumonia-Bacterial (255).jpg,Pneumonia-Bacterial,val
C:\Users\Admin\Desktop\dataset train\Dataset\Pneumonia-Viral\Pneumonia-Viral (1131).jpg,Pneumonia-Viral,val
C:\Users\Admin\Desktop\dataset train\Dataset\Normal\Normal (2391).jpg,Normal,val
C:\Users\Admin\Desktop\dataset train\Dataset\Normal\Normal (2703).jpg,Normal,val
C:\Users\Admin\Desktop\dataset train\Dataset\Pneumonia-Viral\Pneumonia-Viral (1314).jpg,Pneumonia-Viral,val
C:\Users\Admin\Desktop\dataset train\Dataset\Pneumonia-Bacterial\Pneumonia-Bacterial (1740).jpg,Pneumonia-Bacterial,val
C:\Users\Admin\Desktop\dataset train\Dataset\Pneumonia-Viral\Pneumonia-Viral (1074).jpg,Pneumonia-Viral,val
C:\Users\Admin\Desktop\dataset train\Dataset\Normal\Normal (2597).jpg,Normal,val
C:\Users\Admin\Desktop\dataset train\Dataset\Normal\Normal (2849).jpg,Normal,val
C:\Users\Admin\Desktop\dataset train\Dataset\Pneumonia-Viral\Pneumonia-Viral (1635).jpg,Pneumonia-Viral,val
C:\Users\Admin\Desktop\dataset train\Dataset\Normal\Normal (2924).jpg,Normal,val
C:\Users\Admin\Desktop\dataset train\Dataset\Pneumonia-Viral\Pneumonia-Viral (1178).jpg,Pneumonia-Viral,val
C:\Users\Admin\Desktop\dataset train\Dataset\COVID\COVID-19 (558).jpg,COVID,val
C:\Users\Admin\Desktop\dataset train\Dataset\Pneumonia-Bacterial\Pneumonia-Bacterial (941).jpg,Pneumonia-Bacterial,val
C:\Users\Admin\Desktop\dataset train\Dataset\Normal\Normal (3135).jpg,Normal,val
C:\Users\Admin\Desktop\dataset train\Dataset\Pneumonia-Viral\Pneumonia-Viral (1343).jpg,Pneumonia-Viral,val
C:\Users\Admin\Desktop\dataset train\Dataset\Pneumonia-Viral\Pneumonia-Viral (152).jpg,Pneumonia-Viral,val
C:\Users\Admin\Desktop\dataset train\Dataset\Pneumonia-Viral\Pneumonia-Viral (450).jpg,Pneumonia-Viral,val
C:\Users\Admin\Desktop\dataset train\Dataset\Pneumonia-Bacterial\Pneumonia-Bacterial (368).jpg,Pneumonia-Bacterial,val
C:\Users\Admin\Desktop\dataset train\Dataset\COVID\COVID-19 (1090).jpg,COVID,val
C:\Users\Admin\Desktop\dataset train\Dataset\COVID\COVID-19 (1080).jpg,COVID,val
C:\Users\Admin\Desktop\dataset train\Dataset\Normal\Normal (2301).jpg,Normal,val
C:\Users\Admin\Desktop\dataset train\Dataset\Pneumonia-Viral\Pneumonia-Viral (1223).jpg,Pneumonia-Viral,val
C:\Users\Admin\Desktop\dataset train\Dataset\Pneumonia-Bacterial\Pneumonia-Bacterial (91).jpg,Pneumonia-Bacterial,val
C:\Users\Admin\Desktop\dataset train\Dataset\Pneumonia-Bacterial\Pneumonia-Bacterial (2471).jpg,Pneumonia-Bacterial,val
C:\Users\Admin\Desktop\dataset train\Dataset\Pneumonia-Viral\Pneumonia-Viral (1248).jpg,Pneumonia-Viral,val
C:\Users\Admin\Desktop\dataset train\Dataset\COVID\COVID-19 (532).jpg,COVID,val
C:\Users\Admin\Desktop\dataset train\Dataset\Pneumonia-Bacterial\Pneumonia-Bacterial (764).jpg,Pneumonia-Bacterial,val
C:\Users\Admin\Desktop\dataset train\Dataset\COVID\COVID-19 (1115).jpg,COVID,val
C:\Users\Admin\Desktop\dataset train\Dataset\Pneumonia-Bacterial\Pneumonia-Bacterial (2310).jpg,Pneumonia-Bacterial,val
C:\Users\Admin\Desktop\dataset train\Dataset\Pneumonia-Bacterial\Pneumonia-Bacterial (245).jpg,Pneumonia-Bacterial,val
C:\Users\Admin\Desktop\dataset train\Dataset\COVID\COVID-19 (931).jpg,COVID,val
C:\Users\Admin\Desktop\dataset train\Dataset\Pneumonia-Viral\Pneumonia-Viral (31).jpg,Pneumonia-Viral,val
C:\Users\Admin\Desktop\dataset train\Dataset\Normal\Normal (920).jpg,Normal,val
C:\Users\Admin\Desktop\dataset train\Dataset\Normal\Normal (1141).jpg,Normal,val
C:\Users\Admin\Desktop\dataset train\Dataset\COVID\COVID-19 (93).jpg,COVID,val
C:\Users\Admin\Desktop\dataset train\Dataset\Pneumonia-Bacterial\Pneumonia-Bacterial (1511).jpg,Pneumonia-Bacterial,val
C:\Users\Admin\Desktop\dataset train\Dataset\Pneumonia-Bacterial\Pneumonia-Bacterial (1982).jpg,Pneumonia-Bacterial,val
C:\Users\Admin\Desktop\dataset train\Dataset\Normal\Normal (1737).jpg,Normal,val
C:\Users\Admin\Desktop\dataset train\Dataset\Normal\Normal (2932).jpg,Normal,val
C:\Users\Admin\Desktop\dataset train\Dataset\Pneumonia-Bacterial\Pneumonia-Bacterial (1703).jpg,Pneumonia-Bacterial,val
C:\Users\Admin\Desktop\dataset train\Dataset\Normal\Normal (2228).jpg,Normal,val
C:\Users\Admin\Desktop\dataset train\Dataset\COVID\COVID-19 (252).jpg,COVID,val
C:\Users\Admin\Desktop\dataset train\Dataset\Normal\Normal (99).jpg,Normal,val
C:\Users\Admin\Desktop\dataset train\Dataset\Pneumonia-Bacterial\Pneumonia-Bacterial (2062).jpg,Pneumonia-Bacterial,val
C:\Users\Admin\Desktop\dataset train\Dataset\Pneumonia-Bacterial\Pneumonia-Bacterial (2232).jpg,Pneumonia-Bacterial,val
C:\Users\Admin\Desktop\dataset train\Dataset\Pneumonia-Bacterial\Pneumonia-Bacterial (1032).jpg,Pneumonia-Bacterial,val
C:\Users\Admin\Desktop\dataset train\Dataset\Normal\Normal (1093).jpg,Normal,val
C:\Users\Admin\Desktop\dataset train\Dataset\Pneumonia-Bacterial\Pneumonia-Bacterial (17).jpg,Pneumonia-Bacterial,val
C:\Users\Admin\Desktop\dataset train\Dataset\Pneumonia-Viral\Pneumonia-Viral (1216).jpg,Pneumonia-Viral,val
C:\Users\Admin\Desktop\dataset train\Dataset\Normal\Normal (157).jpg,Normal,val
C:\Users\Admin\Desktop\dataset train\Dataset\Normal\Normal (2492).jpg,Normal,val
C:\Users\Admin\Desktop\dataset train\Dataset\Normal\Normal (939).jpg,Normal,val
C:\Users\Admin\Desktop\dataset train\Dataset\COVID\COVID-19 (435).jpg,COVID,val
C:\Users\Admin\Desktop\dataset train\Dataset\Pneumonia-Viral\Pneumonia-Viral (154).jpg,Pneumonia-Viral,val
C:\Users\Admin\Desktop\dataset train\Dataset\Normal\Normal (2718).jpg,Normal,val
C:\Users\Admin\Desktop\dataset train\Dataset\Pneumonia-Viral\Pneumonia-Viral (838).jpg,Pneumonia-Viral,val
C:\Users\Admin\Desktop\dataset train\Dataset\Pneumonia-Viral\Pneumonia-Viral (1252).jpg,Pneumonia-Viral,val
C:\Users\Admin\Desktop\dataset train\Dataset\Pneumonia-Viral\Pneumonia-Viral (1612).jpg,Pneumonia-Viral,val
C:\Users\Admin\Desktop\dataset train\Dataset\Normal\Normal (1823).jpg,Normal,val
C:\Users\Admin\Desktop\dataset train\Dataset\Normal\Normal (1904).jpg,Normal,val
C:\Users\Admin\Desktop\dataset train\Dataset\Normal\Normal (1410).jpg,Normal,val
C:\Users\Admin\Desktop\dataset train\Dataset\Normal\Normal (1937).jpg,Normal,val
C:\Users\Admin\Desktop\dataset train\Dataset\COVID\COVID-19 (1032).jpg,COVID,val
C:\Users\Admin\Desktop\dataset train\Dataset\Normal\Normal (2458).jpg,Normal,val
C:\Users\Admin\Desktop\dataset train\Dataset\Normal\Normal (2759).jpg,Normal,val
C:\Users\Admin\Desktop\dataset train\Dataset\Normal\Normal (2944).jpg,Normal,val
C:\Users\Admin\Desktop\dataset train\Dataset\Pneumonia-Bacterial\Pneumonia-Bacterial (1313).jpg,Pneumonia-Bacterial,val
C:\Users\Admin\Desktop\dataset train\Dataset\Normal\Normal (2344).jpg,Normal,val
C:\Users\Admin\Desktop\dataset train\Dataset\Pneumonia-Bacterial\Pneumonia-Bacterial (1405).jpg,Pneumonia-Bacterial,val
C:\Users\Admin\Desktop\dataset train\Dataset\Pneumonia-Bacterial\Pneumonia-Bacterial (433).jpg,Pneumonia-Bacterial,val
C:\Users\Admin\Desktop\dataset train\Dataset\COVID\COVID-19 (313).jpg,COVID,val
C:\Users\Admin\Desktop\dataset train\Dataset\Pneumonia-Bacterial\Pneumonia-Bacterial (1127).jpg,Pneumonia-Bacterial,val
C:\Users\Admin\Desktop\dataset train\Dataset\Normal\Normal (2531).jpg,Normal,val
C:\Users\Admin\Desktop\dataset train\Dataset\Normal\Normal (2902).jpg,Normal,val
C:\Users\Admin\Desktop\dataset train\Dataset\Normal\Normal (3120).jpg,Normal,val
C:\Users\Admin\Desktop\dataset train\Dataset\Pneumonia-Viral\Pneumonia-Viral (304).jpg,Pneumonia-Viral,val
C:\Users\Admin\Desktop\dataset train\Dataset\COVID\COVID-19 (408).jpg,COVID,val
C:\Users\Admin\Desktop\dataset train\Dataset\Normal\Normal (647).jpg,Normal,val
C:\Users\Admin\Desktop\dataset train\Dataset\Normal\Normal (988).jpg,Normal,val
C:\Users\Admin\Desktop\dataset train\Dataset\Normal\Normal (74).jpg,Normal,val
C:\Users\Admin\Desktop\dataset train\Dataset\Pneumonia-Viral\Pneumonia-Viral (1203).jpg,Pneumonia-Viral,val
C:\Users\Admin\Desktop\dataset train\Dataset\Pneumonia-Viral\Pneumonia-Viral (1603).jpg,Pneumonia-Viral,val
C:\Users\Admin\Desktop\dataset train\Dataset\Pneumonia-Viral\Pneumonia-Viral (1645).jpg,Pneumonia-Viral,val
C:\Users\Admin\Desktop\dataset train\Dataset\Pneumonia-Bacterial\Pneumonia-Bacterial (2881).jpg,Pneumonia-Bacterial,val
C:\Users\Admin\Desktop\dataset train\Dataset\Pneumonia-Viral\Pneumonia-Viral (93).jpg,Pneumonia-Viral,val
C:\Users\Admin\Desktop\dataset train\Dataset\Normal\Normal (1987).jpg,Normal,val
C:\Users\Admin\Desktop\dataset train\Dataset\Pneumonia-Viral\Pneumonia-Viral (556).jpg,Pneumonia-Viral,val
C:\Users\Admin\Desktop\dataset train\Dataset\Normal\Normal (3185).jpg,Normal,val
C:\Users\Admin\Desktop\dataset train\Dataset\COVID\COVID-19 (221).jpg,COVID,val
C:\Users\Admin\Desktop\dataset train\Dataset\COVID\COVID-19 (1200).jpg,COVID,val
C:\Users\Admin\Desktop\dataset train\Dataset\Pneumonia-Bacterial\Pneumonia-Bacterial (2105).jpg,Pneumonia-Bacterial,val
C:\Users\Admin\Desktop\dataset train\Dataset\COVID\COVID-19 (84).jpg,COVID,val
C:\Users\Admin\Desktop\dataset train\Dataset\Pneumonia-Bacterial\Pneumonia-Bacterial (2256).jpg,Pneumonia-Bacterial,val
C:\Users\Admin\Desktop\dataset train\Dataset\Normal\Normal (772).jpg,Normal,val
C:\Users\Admin\Desktop\dataset train\Dataset\Normal\Normal (3136).jpg,Normal,val
C:\Users\Admin\Desktop\dataset train\Dataset\Pneumonia-Bacterial\Pneumonia-Bacterial (2100).jpg,Pneumonia-Bacterial,val
C:\Users\Admin\Desktop\dataset train\Dataset\Normal\Normal (2106).jpg,Normal,val
C:\Users\Admin\Desktop\dataset train\Dataset\Pneumonia-Viral\Pneumonia-Viral (239).jpg,Pneumonia-Viral,val
C:\Users\Admin\Desktop\dataset train\Dataset\COVID\COVID-19 (30).jpg,COVID,val
C:\Users\Admin\Desktop\dataset train\Dataset\Normal\Normal (479).jpg,Normal,val
C:\Users\Admin\Desktop\dataset train\Dataset\COVID\COVID-19 (87).jpg,COVID,val
C:\Users\Admin\Desktop\dataset train\Dataset\Normal\Normal (581).jpg,Normal,val
C:\Users\Admin\Desktop\dataset train\Dataset\Normal\Normal (2697).jpg,Normal,val
C:\Users\Admin\Desktop\dataset train\Dataset\Pneumonia-Viral\Pneumonia-Viral (1620).jpg,Pneumonia-Viral,val
C:\Users\Admin\Desktop\dataset train\Dataset\Pneumonia-Bacterial\Pneumonia-Bacterial (1874).jpg,Pneumonia-Bacterial,val
C:\Users\Admin\Desktop\dataset train\Dataset\Pneumonia-Bacterial\Pneumonia-Bacterial (716).jpg,Pneumonia-Bacterial,val
C:\Users\Admin\Desktop\dataset train\Dataset\COVID\COVID-19 (1196).jpg,COVID,val
C:\Users\Admin\Desktop\dataset train\Dataset\Pneumonia-Viral\Pneumonia-Viral (495).jpg,Pneumonia-Viral,val
C:\Users\Admin\Desktop\dataset train\Dataset\Pneumonia-Viral\Pneumonia-Viral (615).jpg,Pneumonia-Viral,val
C:\Users\Admin\Desktop\dataset train\Dataset\Pneumonia-Bacterial\Pneumonia-Bacterial (2828).jpg,Pneumonia-Bacterial,val
C:\Users\Admin\Desktop\dataset train\Dataset\Normal\Normal (2615).jpg,Normal,val
C:\Users\Admin\Desktop\dataset train\Dataset\Pneumonia-Bacterial\Pneumonia-Bacterial (687).jpg,Pneumonia-Bacterial,val
C:\Users\Admin\Desktop\dataset train\Dataset\Normal\Normal (2821).jpg,Normal,val
C:\Users\Admin\Desktop\dataset train\Dataset\Pneumonia-Bacterial\Pneumonia-Bacterial (262).jpg,Pneumonia-Bacterial,val
C:\Users\Admin\Desktop\dataset train\Dataset\Normal\Normal (3142).jpg,Normal,val
C:\Users\Admin\Desktop\dataset train\Dataset\Pneumonia-Bacterial\Pneumonia-Bacterial (1995).jpg,Pneumonia-Bacterial,val
C:\Users\Admin\Desktop\dataset train\Dataset\Pneumonia-Bacterial\Pneumonia-Bacterial (353).jpg,Pneumonia-Bacterial,val
C:\Users\Admin\Desktop\dataset train\Dataset\Normal\Normal (174).jpg,Normal,val
C:\Users\Admin\Desktop\dataset train\Dataset\Pneumonia-Viral\Pneumonia-Viral (78).jpg,Pneumonia-Viral,val
C:\Users\Admin\Desktop\dataset train\Dataset\Normal\Normal (2072).jpg,Normal,val
C:\Users\Admin\Desktop\dataset train\Dataset\Pneumonia-Bacterial\Pneumonia-Bacterial (313).jpg,Pneumonia-Bacterial,val
C:\Users\Admin\Desktop\dataset train\Dataset\Normal\Normal (1387).jpg,Normal,val
C:\Users\Admin\Desktop\dataset train\Dataset\Pneumonia-Bacterial\Pneumonia-Bacterial (187).jpg,Pneumonia-Bacterial,val
C:\Users\Admin\Desktop\dataset train\Dataset\Normal\Normal (2463).jpg,Normal,val
C:\Users\Admin\Desktop\dataset train\Dataset\Normal\Normal (2950).jpg,Normal,val
C:\Users\Admin\Desktop\dataset train\Dataset\Pneumonia-Bacterial\Pneumonia-Bacterial (2134).jpg,Pneumonia-Bacterial,val
C:\Users\Admin\Desktop\dataset train\Dataset\COVID\COVID-19 (8).jpg,COVID,val
C:\Users\Admin\Desktop\dataset train\Dataset\Normal\Normal (914).jpg,Normal,val
C:\Users\Admin\Desktop\dataset train\Dataset\Normal\Normal (219).jpg,Normal,val
C:\Users\Admin\Desktop\dataset train\Dataset\Normal\Normal (149).jpg,Normal,val
C:\Users\Admin\Desktop\dataset train\Dataset\Pneumonia-Viral\Pneumonia-Viral (700).jpg,Pneumonia-Viral,val
C:\Users\Admin\Desktop\dataset train\Dataset\Normal\Normal (1131).jpg,Normal,val
C:\Users\Admin\Desktop\dataset train\Dataset\Pneumonia-Viral\Pneumonia-Viral (51).jpg,Pneumonia-Viral,val
C:\Users\Admin\Desktop\dataset train\Dataset\Pneumonia-Viral\Pneumonia-Viral (268).jpg,Pneumonia-Viral,val
C:\Users\Admin\Desktop\dataset train\Dataset\Pneumonia-Viral\Pneumonia-Viral (721).jpg,Pneumonia-Viral,val
C:\Users\Admin\Desktop\dataset train\Dataset\Normal\Normal (93).jpg,Normal,val
C:\Users\Admin\Desktop\dataset train\Dataset\Pneumonia-Bacterial\Pneumonia-Bacterial (564).jpg,Pneumonia-Bacterial,val
C:\Users\Admin\Desktop\dataset train\Dataset\Pneumonia-Bacterial\Pneumonia-Bacterial (366).jpg,Pneumonia-Bacterial,val
C:\Users\Admin\Desktop\dataset train\Dataset\Pneumonia-Bacterial\Pneumonia-Bacterial (919).jpg,Pneumonia-Bacterial,val
C:\Users\Admin\Desktop\dataset train\Dataset\Pneumonia-Bacterial\Pneumonia-Bacterial (1604).jpg,Pneumonia-Bacterial,val
C:\Users\Admin\Desktop\dataset train\Dataset\Pneumonia-Bacterial\Pneumonia-Bacterial (532).jpg,Pneumonia-Bacterial,val
C:\Users\Admin\Desktop\dataset train\Dataset\Normal\Normal (2164).jpg,Normal,val
C:\Users\Admin\Desktop\dataset train\Dataset\Pneumonia-Bacterial\Pneumonia-Bacterial (1113).jpg,Pneumonia-Bacterial,val
C:\Users\Admin\Desktop\dataset train\Dataset\COVID\COVID-19 (207).jpg,COVID,val
C:\Users\Admin\Desktop\dataset train\Dataset\Pneumonia-Viral\Pneumonia-Viral (1461).jpg,Pneumonia-Viral,val
C:\Users\Admin\Desktop\dataset train\Dataset\Pneumonia-Bacterial\Pneumonia-Bacterial (2217).jpg,Pneumonia-Bacterial,val
C:\Users\Admin\Desktop\dataset train\Dataset\Normal\Normal (1544).jpg,Normal,val
C:\Users\Admin\Desktop\dataset train\Dataset\Pneumonia-Bacterial\Pneumonia-Bacterial (2953).jpg,Pneumonia-Bacterial,val
C:\Users\Admin\Desktop\dataset train\Dataset\Pneumonia-Bacterial\Pneumonia-Bacterial (822).jpg,Pneumonia-Bacterial,val
C:\Users\Admin\Desktop\dataset train\Dataset\Normal\Normal (456).jpg,Normal,val
C:\Users\Admin\Desktop\dataset train\Dataset\Normal\Normal (757).jpg,Normal,val
C:\Users\Admin\Desktop\dataset train\Dataset\COVID\COVID-19 (553).jpg,COVID,val
C:\Users\Admin\Desktop\dataset train\Dataset\Pneumonia-Bacterial\Pneumonia-Bacterial (63).jpg,Pneumonia-Bacterial,val
C:\Users\Admin\Desktop\dataset train\Dataset\Pneumonia-Bacterial\Pneumonia-Bacterial (1680).jpg,Pneumonia-Bacterial,val
C:\Users\Admin\Desktop\dataset train\Dataset\Pneumonia-Viral\Pneumonia-Viral (924).jpg,Pneumonia-Viral,val
C:\Users\Admin\Desktop\dataset train\Dataset\Normal\Normal (2641).jpg,Normal,val
C:\Users\Admin\Desktop\dataset train\Dataset\Pneumonia-Bacterial\Pneumonia-Bacterial (479).jpg,Pneumonia-Bacterial,val
C:\Users\Admin\Desktop\dataset train\Dataset\Normal\Normal (201).jpg,Normal,val
C:\Users\Admin\Desktop\dataset train\Dataset\Pneumonia-Viral\Pneumonia-Viral (1460).jpg,Pneumonia-Viral,val
C:\Users\Admin\Desktop\dataset train\Dataset\Pneumonia-Bacterial\Pneumonia-Bacterial (2728).jpg,Pneumonia-Bacterial,val
C:\Users\Admin\Desktop\dataset train\Dataset\Pneumonia-Viral\Pneumonia-Viral (1231).jpg,Pneumonia-Viral,val
C:\Users\Admin\Desktop\dataset train\Dataset\COVID\COVID-19 (118).jpg,COVID,val
C:\Users\Admin\Desktop\dataset train\Dataset\Normal\Normal (2550).jpg,Normal,val
C:\Users\Admin\Desktop\dataset train\Dataset\Pneumonia-Bacterial\Pneumonia-Bacterial (769).jpg,Pneumonia-Bacterial,val
C:\Users\Admin\Desktop\dataset train\Dataset\Pneumonia-Bacterial\Pneumonia-Bacterial (1692).jpg,Pneumonia-Bacterial,val
C:\Users\Admin\Desktop\dataset train\Dataset\Pneumonia-Viral\Pneumonia-Viral (250).jpg,Pneumonia-Viral,val
C:\Users\Admin\Desktop\dataset train\Dataset\Normal\Normal (3225).jpg,Normal,val
C:\Users\Admin\Desktop\dataset train\Dataset\Normal\Normal (1301).jpg,Normal,val
C:\Users\Admin\Desktop\dataset train\Dataset\Pneumonia-Viral\Pneumonia-Viral (90).jpg,Pneumonia-Viral,val
C:\Users\Admin\Desktop\dataset train\Dataset\Pneumonia-Viral\Pneumonia-Viral (71).jpg,Pneumonia-Viral,val
C:\Users\Admin\Desktop\dataset train\Dataset\Normal\Normal (3149).jpg,Normal,val
C:\Users\Admin\Desktop\dataset train\Dataset\Normal\Normal (645).jpg,Normal,val
C:\Users\Admin\Desktop\dataset train\Dataset\Pneumonia-Bacterial\Pneumonia-Bacterial (2179).jpg,Pneumonia-Bacterial,val
C:\Users\Admin\Desktop\dataset train\Dataset\Pneumonia-Bacterial\Pneumonia-Bacterial (485).jpg,Pneumonia-Bacterial,val
C:\Users\Admin\Desktop\dataset train\Dataset\Pneumonia-Bacterial\Pneumonia-Bacterial (2796).jpg,Pneumonia-Bacterial,val
C:\Users\Admin\Desktop\dataset train\Dataset\Pneumonia-Bacterial\Pneumonia-Bacterial (2488).jpg,Pneumonia-Bacterial,val
C:\Users\Admin\Desktop\dataset train\Dataset\Pneumonia-Bacterial\Pneumonia-Bacterial (2499).jpg,Pneumonia-Bacterial,val
C:\Users\Admin\Desktop\dataset train\Dataset\Normal\Normal (1651).jpg,Normal,val
C:\Users\Admin\Desktop\dataset train\Dataset\Pneumonia-Viral\Pneumonia-Viral (1340).jpg,Pneumonia-Viral,val
C:\Users\Admin\Desktop\dataset train\Dataset\Pneumonia-Bacterial\Pneumonia-Bacterial (2447).jpg,Pneumonia-Bacterial,val
C:\Users\Admin\Desktop\dataset train\Dataset\Pneumonia-Viral\Pneumonia-Viral (734).jpg,Pneumonia-Viral,val
C:\Users\Admin\Desktop\dataset train\Dataset\Pneumonia-Bacterial\Pneumonia-Bacterial (1650).jpg,Pneumonia-Bacterial,val
C:\Users\Admin\Desktop\dataset train\Dataset\COVID\COVID-19 (406).jpg,COVID,val
C:\Users\Admin\Desktop\dataset train\Dataset\Normal\Normal (212).jpg,Normal,val
C:\Users\Admin\Desktop\dataset train\Dataset\Normal\Normal (3101).jpg,Normal,val
C:\Users\Admin\Desktop\dataset train\Dataset\Pneumonia-Viral\Pneumonia-Viral (820).jpg,Pneumonia-Viral,val
C:\Users\Admin\Desktop\dataset train\Dataset\COVID\COVID-19 (897).jpg,COVID,val
C:\Users\Admin\Desktop\dataset train\Dataset\Pneumonia-Viral\Pneumonia-Viral (1042).jpg,Pneumonia-Viral,val
C:\Users\Admin\Desktop\dataset train\Dataset\Normal\Normal (634).jpg,Normal,val
C:\Users\Admin\Desktop\dataset train\Dataset\Normal\Normal (1623).jpg,Normal,val
C:\Users\Admin\Desktop\dataset train\Dataset\Pneumonia-Viral\Pneumonia-Viral (653).jpg,Pneumonia-Viral,val
C:\Users\Admin\Desktop\dataset train\Dataset\Pneumonia-Bacterial\Pneumonia-Bacterial (979).jpg,Pneumonia-Bacterial,val
C:\Users\Admin\Desktop\dataset train\Dataset\COVID\COVID-19 (1112).jpg,COVID,val
C:\Users\Admin\Desktop\dataset train\Dataset\Normal\Normal (582).jpg,Normal,val
C:\Users\Admin\Desktop\dataset train\Dataset\Pneumonia-Viral\Pneumonia-Viral (458).jpg,Pneumonia-Viral,val
C:\Users\Admin\Desktop\dataset train\Dataset\Pneumonia-Bacterial\Pneumonia-Bacterial (623).jpg,Pneumonia-Bacterial,val
C:\Users\Admin\Desktop\dataset train\Dataset\COVID\COVID-19 (729).jpg,COVID,val
C:\Users\Admin\Desktop\dataset train\Dataset\Pneumonia-Bacterial\Pneumonia-Bacterial (2335).jpg,Pneumonia-Bacterial,val
C:\Users\Admin\Desktop\dataset train\Dataset\COVID\COVID-19 (596).jpg,COVID,val
C:\Users\Admin\Desktop\dataset train\Dataset\Pneumonia-Bacterial\Pneumonia-Bacterial (2610).jpg,Pneumonia-Bacterial,val
C:\Users\Admin\Desktop\dataset train\Dataset\Normal\Normal (3150).jpg,Normal,val
C:\Users\Admin\Desktop\dataset train\Dataset\Pneumonia-Bacterial\Pneumonia-Bacterial (2738).jpg,Pneumonia-Bacterial,val
C:\Users\Admin\Desktop\dataset train\Dataset\COVID\COVID-19 (474).jpg,COVID,val
C:\Users\Admin\Desktop\dataset train\Dataset\Normal\Normal (2536).jpg,Normal,val
C:\Users\Admin\Desktop\dataset train\Dataset\Pneumonia-Bacterial\Pneumonia-Bacterial (2649).jpg,Pneumonia-Bacterial,val
C:\Users\Admin\Desktop\dataset train\Dataset\Pneumonia-Bacterial\Pneumonia-Bacterial (2744).jpg,Pneumonia-Bacterial,val
C:\Users\Admin\Desktop\dataset train\Dataset\Pneumonia-Bacterial\Pneumonia-Bacterial (140).jpg,Pneumonia-Bacterial,val
C:\Users\Admin\Desktop\dataset train\Dataset\Pneumonia-Bacterial\Pneumonia-Bacterial (1909).jpg,Pneumonia-Bacterial,val
C:\Users\Admin\Desktop\dataset train\Dataset\Pneumonia-Bacterial\Pneumonia-Bacterial (1147).jpg,Pneumonia-Bacterial,val
C:\Users\Admin\Desktop\dataset train\Dataset\Normal\Normal (2182).jpg,Normal,val
C:\Users\Admin\Desktop\dataset train\Dataset\Pneumonia-Viral\Pneumonia-Viral (163).jpg,Pneumonia-Viral,val
C:\Users\Admin\Desktop\dataset train\Dataset\Pneumonia-Bacterial\Pneumonia-Bacterial (1646).jpg,Pneumonia-Bacterial,val
C:\Users\Admin\Desktop\dataset train\Dataset\COVID\COVID-19 (1143).jpg,COVID,val
C:\Users\Admin\Desktop\dataset train\Dataset\Pneumonia-Viral\Pneumonia-Viral (966).jpg,Pneumonia-Viral,val
C:\Users\Admin\Desktop\dataset train\Dataset\Pneumonia-Bacterial\Pneumonia-Bacterial (2158).jpg,Pneumonia-Bacterial,val
C:\Users\Admin\Desktop\dataset train\Dataset\Pneumonia-Bacterial\Pneumonia-Bacterial (110).jpg,Pneumonia-Bacterial,val
C:\Users\Admin\Desktop\dataset train\Dataset\Pneumonia-Bacterial\Pneumonia-Bacterial (2406).jpg,Pneumonia-Bacterial,val
C:\Users\Admin\Desktop\dataset train\Dataset\Pneumonia-Viral\Pneumonia-Viral (776).jpg,Pneumonia-Viral,val
C:\Users\Admin\Desktop\dataset train\Dataset\Normal\Normal (1190).jpg,Normal,val
C:\Users\Admin\Desktop\dataset train\Dataset\Pneumonia-Bacterial\Pneumonia-Bacterial (2598).jpg,Pneumonia-Bacterial,val
C:\Users\Admin\Desktop\dataset train\Dataset\Normal\Normal (2623).jpg,Normal,val
C:\Users\Admin\Desktop\dataset train\Dataset\Pneumonia-Viral\Pneumonia-Viral (1241).jpg,Pneumonia-Viral,val
C:\Users\Admin\Desktop\dataset train\Dataset\Pneumonia-Bacterial\Pneumonia-Bacterial (2643).jpg,Pneumonia-Bacterial,val
C:\Users\Admin\Desktop\dataset train\Dataset\Normal\Normal (2121).jpg,Normal,val
C:\Users\Admin\Desktop\dataset train\Dataset\Normal\Normal (3115).jpg,Normal,val
C:\Users\Admin\Desktop\dataset train\Dataset\Pneumonia-Bacterial\Pneumonia-Bacterial (152).jpg,Pneumonia-Bacterial,val
C:\Users\Admin\Desktop\dataset train\Dataset\Normal\Normal (806).jpg,Normal,val
C:\Users\Admin\Desktop\dataset train\Dataset\Pneumonia-Viral\Pneumonia-Viral (464).jpg,Pneumonia-Viral,val
C:\Users\Admin\Desktop\dataset train\Dataset\Normal\Normal (1564).jpg,Normal,val
C:\Users\Admin\Desktop\dataset train\Dataset\Pneumonia-Viral\Pneumonia-Viral (1023).jpg,Pneumonia-Viral,val
C:\Users\Admin\Desktop\dataset train\Dataset\Pneumonia-Viral\Pneumonia-Viral (665).jpg,Pneumonia-Viral,val
C:\Users\Admin\Desktop\dataset train\Dataset\Normal\Normal (1875).jpg,Normal,val
C:\Users\Admin\Desktop\dataset train\Dataset\Pneumonia-Bacterial\Pneumonia-Bacterial (42).jpg,Pneumonia-Bacterial,val
C:\Users\Admin\Desktop\dataset train\Dataset\Pneumonia-Viral\Pneumonia-Viral (1490).jpg,Pneumonia-Viral,val
C:\Users\Admin\Desktop\dataset train\Dataset\Pneumonia-Bacterial\Pneumonia-Bacterial (2173).jpg,Pneumonia-Bacterial,val
C:\Users\Admin\Desktop\dataset train\Dataset\Pneumonia-Bacterial\Pneumonia-Bacterial (2228).jpg,Pneumonia-Bacterial,val
C:\Users\Admin\Desktop\dataset train\Dataset\Normal\Normal (3068).jpg,Normal,val
C:\Users\Admin\Desktop\dataset train\Dataset\Normal\Normal (3029).jpg,Normal,val
C:\Users\Admin\Desktop\dataset train\Dataset\COVID\COVID-19 (635).jpg,COVID,val
C:\Users\Admin\Desktop\dataset train\Dataset\Pneumonia-Viral\Pneumonia-Viral (336).jpg,Pneumonia-Viral,val
C:\Users\Admin\Desktop\dataset train\Dataset\Pneumonia-Bacterial\Pneumonia-Bacterial (2326).jpg,Pneumonia-Bacterial,val
C:\Users\Admin\Desktop\dataset train\Dataset\Normal\Normal (968).jpg,Normal,val
C:\Users\Admin\Desktop\dataset train\Dataset\Pneumonia-Viral\Pneumonia-Viral (475).jpg,Pneumonia-Viral,val
C:\Users\Admin\Desktop\dataset train\Dataset\Pneumonia-Viral\Pneumonia-Viral (213).jpg,Pneumonia-Viral,val
C:\Users\Admin\Desktop\dataset train\Dataset\Normal\Normal (2816).jpg,Normal,val
C:\Users\Admin\Desktop\dataset train\Dataset\Pneumonia-Bacterial\Pneumonia-Bacterial (1187).jpg,Pneumonia-Bacterial,val
C:\Users\Admin\Desktop\dataset train\Dataset\Pneumonia-Bacterial\Pneumonia-Bacterial (214).jpg,Pneumonia-Bacterial,val
C:\Users\Admin\Desktop\dataset train\Dataset\Pneumonia-Bacterial\Pneumonia-Bacterial (1293).jpg,Pneumonia-Bacterial,val
C:\Users\Admin\Desktop\dataset train\Dataset\Pneumonia-Bacterial\Pneumonia-Bacterial (1809).jpg,Pneumonia-Bacterial,val
C:\Users\Admin\Desktop\dataset train\Dataset\Pneumonia-Bacterial\Pneumonia-Bacterial (1470).jpg,Pneumonia-Bacterial,val
C:\Users\Admin\Desktop\dataset train\Dataset\Normal\Normal (2843).jpg,Normal,val
C:\Users\Admin\Desktop\dataset train\Dataset\Pneumonia-Bacterial\Pneumonia-Bacterial (76).jpg,Pneumonia-Bacterial,val
C:\Users\Admin\Desktop\dataset train\Dataset\Pneumonia-Bacterial\Pneumonia-Bacterial (2523).jpg,Pneumonia-Bacterial,val
C:\Users\Admin\Desktop\dataset train\Dataset\Pneumonia-Bacterial\Pneumonia-Bacterial (2824).jpg,Pneumonia-Bacterial,val
C:\Users\Admin\Desktop\dataset train\Dataset\Pneumonia-Bacterial\Pneumonia-Bacterial (752).jpg,Pneumonia-Bacterial,val
C:\Users\Admin\Desktop\dataset train\Dataset\Normal\Normal (1502).jpg,Normal,val
C:\Users\Admin\Desktop\dataset train\Dataset\COVID\COVID-19 (1247).jpg,COVID,val
C:\Users\Admin\Desktop\dataset train\Dataset\Normal\Normal (1217).jpg,Normal,val
C:\Users\Admin\Desktop\dataset train\Dataset\Normal\Normal (2765).jpg,Normal,val
C:\Users\Admin\Desktop\dataset train\Dataset\Normal\Normal (2414).jpg,Normal,val
C:\Users\Admin\Desktop\dataset train\Dataset\Normal\Normal (1432).jpg,Normal,val
C:\Users\Admin\Desktop\dataset train\Dataset\Normal\Normal (1152).jpg,Normal,val
C:\Users\Admin\Desktop\dataset train\Dataset\Normal\Normal (402).jpg,Normal,val
C:\Users\Admin\Desktop\dataset train\Dataset\Pneumonia-Viral\Pneumonia-Viral (1429).jpg,Pneumonia-Viral,val
C:\Users\Admin\Desktop\dataset train\Dataset\Pneumonia-Bacterial\Pneumonia-Bacterial (362).jpg,Pneumonia-Bacterial,val
C:\Users\Admin\Desktop\dataset train\Dataset\Pneumonia-Bacterial\Pneumonia-Bacterial (2941).jpg,Pneumonia-Bacterial,val
C:\Users\Admin\Desktop\dataset train\Dataset\Pneumonia-Bacterial\Pneumonia-Bacterial (1335).jpg,Pneumonia-Bacterial,val
C:\Users\Admin\Desktop\dataset train\Dataset\Pneumonia-Viral\Pneumonia-Viral (225).jpg,Pneumonia-Viral,val
C:\Users\Admin\Desktop\dataset train\Dataset\Pneumonia-Bacterial\Pneumonia-Bacterial (138).jpg,Pneumonia-Bacterial,val
C:\Users\Admin\Desktop\dataset train\Dataset\Pneumonia-Bacterial\Pneumonia-Bacterial (1523).jpg,Pneumonia-Bacterial,val
C:\Users\Admin\Desktop\dataset train\Dataset\Normal\Normal (3036).jpg,Normal,val
C:\Users\Admin\Desktop\dataset train\Dataset\Pneumonia-Viral\Pneumonia-Viral (124).jpg,Pneumonia-Viral,val
C:\Users\Admin\Desktop\dataset train\Dataset\Normal\Normal (1947).jpg,Normal,val
C:\Users\Admin\Desktop\dataset train\Dataset\Pneumonia-Bacterial\Pneumonia-Bacterial (1200).jpg,Pneumonia-Bacterial,val
C:\Users\Admin\Desktop\dataset train\Dataset\COVID\COVID-19 (1205).jpg,COVID,val
C:\Users\Admin\Desktop\dataset train\Dataset\Normal\Normal (28).jpg,Normal,val
C:\Users\Admin\Desktop\dataset train\Dataset\Pneumonia-Bacterial\Pneumonia-Bacterial (2527).jpg,Pneumonia-Bacterial,val
C:\Users\Admin\Desktop\dataset train\Dataset\Normal\Normal (718).jpg,Normal,val
C:\Users\Admin\Desktop\dataset train\Dataset\Pneumonia-Bacterial\Pneumonia-Bacterial (2573).jpg,Pneumonia-Bacterial,val
C:\Users\Admin\Desktop\dataset train\Dataset\Normal\Normal (782).jpg,Normal,val
C:\Users\Admin\Desktop\dataset train\Dataset\COVID\COVID-19 (528).jpg,COVID,val
C:\Users\Admin\Desktop\dataset train\Dataset\Pneumonia-Viral\Pneumonia-Viral (1260).jpg,Pneumonia-Viral,val
C:\Users\Admin\Desktop\dataset train\Dataset\Normal\Normal (1442).jpg,Normal,val
C:\Users\Admin\Desktop\dataset train\Dataset\Pneumonia-Viral\Pneumonia-Viral (608).jpg,Pneumonia-Viral,val
C:\Users\Admin\Desktop\dataset train\Dataset\Pneumonia-Bacterial\Pneumonia-Bacterial (1432).jpg,Pneumonia-Bacterial,val
C:\Users\Admin\Desktop\dataset train\Dataset\Normal\Normal (3253).jpg,Normal,val
C:\Users\Admin\Desktop\dataset train\Dataset\Pneumonia-Bacterial\Pneumonia-Bacterial (2506).jpg,Pneumonia-Bacterial,val
C:\Users\Admin\Desktop\dataset train\Dataset\COVID\COVID-19 (989).jpg,COVID,val
C:\Users\Admin\Desktop\dataset train\Dataset\Pneumonia-Bacterial\Pneumonia-Bacterial (1583).jpg,Pneumonia-Bacterial,val
C:\Users\Admin\Desktop\dataset train\Dataset\Pneumonia-Bacterial\Pneumonia-Bacterial (111).jpg,Pneumonia-Bacterial,val
C:\Users\Admin\Desktop\dataset train\Dataset\Normal\Normal (2778).jpg,Normal,val
C:\Users\Admin\Desktop\dataset train\Dataset\Normal\Normal (104).jpg,Normal,val
C:\Users\Admin\Desktop\dataset train\Dataset\Normal\Normal (853).jpg,Normal,val
C:\Users\Admin\Desktop\dataset train\Dataset\Pneumonia-Bacterial\Pneumonia-Bacterial (234).jpg,Pneumonia-Bacterial,val
C:\Users\Admin\Desktop\dataset train\Dataset\COVID\COVID-19 (80).jpg,COVID,val
C:\Users\Admin\Desktop\dataset train\Dataset\COVID\COVID-19 (761).jpg,COVID,val
C:\Users\Admin\Desktop\dataset train\Dataset\Normal\Normal (259).jpg,Normal,val
C:\Users\Admin\Desktop\dataset train\Dataset\Normal\Normal (2348).jpg,Normal,val
C:\Users\Admin\Desktop\dataset train\Dataset\Pneumonia-Bacterial\Pneumonia-Bacterial (185).jpg,Pneumonia-Bacterial,val
C:\Users\Admin\Desktop\dataset train\Dataset\Pneumonia-Bacterial\Pneumonia-Bacterial (1092).jpg,Pneumonia-Bacterial,val
C:\Users\Admin\Desktop\dataset train\Dataset\Pneumonia-Bacterial\Pneumonia-Bacterial (1846).jpg,Pneumonia-Bacterial,val
C:\Users\Admin\Desktop\dataset train\Dataset\Pneumonia-Viral\Pneumonia-Viral (1230).jpg,Pneumonia-Viral,val
C:\Users\Admin\Desktop\dataset train\Dataset\Normal\Normal (48).jpg,Normal,val
C:\Users\Admin\Desktop\dataset train\Dataset\Normal\Normal (2063).jpg,Normal,val
C:\Users\Admin\Desktop\dataset train\Dataset\Normal\Normal (1889).jpg,Normal,val
C:\Users\Admin\Desktop\dataset train\Dataset\Pneumonia-Bacterial\Pneumonia-Bacterial (2920).jpg,Pneumonia-Bacterial,val
C:\Users\Admin\Desktop\dataset train\Dataset\COVID\COVID-19 (723).jpg,COVID,val
C:\Users\Admin\Desktop\dataset train\Dataset\Normal\Normal (805).jpg,Normal,val
C:\Users\Admin\Desktop\dataset train\Dataset\Pneumonia-Bacterial\Pneumonia-Bacterial (554).jpg,Pneumonia-Bacterial,val
C:\Users\Admin\Desktop\dataset train\Dataset\Normal\Normal (670).jpg,Normal,val
C:\Users\Admin\Desktop\dataset train\Dataset\Pneumonia-Viral\Pneumonia-Viral (875).jpg,Pneumonia-Viral,val
C:\Users\Admin\Desktop\dataset train\Dataset\COVID\COVID-19 (930).jpg,COVID,val
C:\Users\Admin\Desktop\dataset train\Dataset\Pneumonia-Viral\Pneumonia-Viral (291).jpg,Pneumonia-Viral,val
C:\Users\Admin\Desktop\dataset train\Dataset\Normal\Normal (2295).jpg,Normal,val
C:\Users\Admin\Desktop\dataset train\Dataset\Normal\Normal (2466).jpg,Normal,val
C:\Users\Admin\Desktop\dataset train\Dataset\Normal\Normal (2678).jpg,Normal,val
C:\Users\Admin\Desktop\dataset train\Dataset\Normal\Normal (216).jpg,Normal,val
C:\Users\Admin\Desktop\dataset train\Dataset\Pneumonia-Bacterial\Pneumonia-Bacterial (2130).jpg,Pneumonia-Bacterial,val
C:\Users\Admin\Desktop\dataset train\Dataset\Normal\Normal (2968).jpg,Normal,val
C:\Users\Admin\Desktop\dataset train\Dataset\Pneumonia-Bacterial\Pneumonia-Bacterial (2409).jpg,Pneumonia-Bacterial,val
C:\Users\Admin\Desktop\dataset train\Dataset\Pneumonia-Viral\Pneumonia-Viral (235).jpg,Pneumonia-Viral,val
C:\Users\Admin\Desktop\dataset train\Dataset\Normal\Normal (991).jpg,Normal,val
C:\Users\Admin\Desktop\dataset train\Dataset\Normal\Normal (2316).jpg,Normal,val
C:\Users\Admin\Desktop\dataset train\Dataset\Pneumonia-Viral\Pneumonia-Viral (187).jpg,Pneumonia-Viral,val
C:\Users\Admin\Desktop\dataset train\Dataset\Pneumonia-Viral\Pneumonia-Viral (455).jpg,Pneumonia-Viral,val
C:\Users\Admin\Desktop\dataset train\Dataset\Normal\Normal (1545).jpg,Normal,val
C:\Users\Admin\Desktop\dataset train\Dataset\Pneumonia-Viral\Pneumonia-Viral (1646).jpg,Pneumonia-Viral,val
C:\Users\Admin\Desktop\dataset train\Dataset\Normal\Normal (1515).jpg,Normal,val
C:\Users\Admin\Desktop\dataset train\Dataset\Pneumonia-Bacterial\Pneumonia-Bacterial (1468).jpg,Pneumonia-Bacterial,val
C:\Users\Admin\Desktop\dataset train\Dataset\Normal\Normal (2874).jpg,Normal,val
C:\Users\Admin\Desktop\dataset train\Dataset\Pneumonia-Bacterial\Pneumonia-Bacterial (79).jpg,Pneumonia-Bacterial,val
C:\Users\Admin\Desktop\dataset train\Dataset\COVID\COVID-19 (1262).jpg,COVID,val
C:\Users\Admin\Desktop\dataset train\Dataset\Pneumonia-Bacterial\Pneumonia-Bacterial (759).jpg,Pneumonia-Bacterial,val
C:\Users\Admin\Desktop\dataset train\Dataset\Normal\Normal (1707).jpg,Normal,val
C:\Users\Admin\Desktop\dataset train\Dataset\Normal\Normal (2294).jpg,Normal,val
C:\Users\Admin\Desktop\dataset train\Dataset\Pneumonia-Viral\Pneumonia-Viral (1478).jpg,Pneumonia-Viral,val
C:\Users\Admin\Desktop\dataset train\Dataset\Pneumonia-Bacterial\Pneumonia-Bacterial (1571).jpg,Pneumonia-Bacterial,val
C:\Users\Admin\Desktop\dataset train\Dataset\COVID\COVID-19 (464).jpg,COVID,val
C:\Users\Admin\Desktop\dataset train\Dataset\Pneumonia-Bacterial\Pneumonia-Bacterial (2988).jpg,Pneumonia-Bacterial,val
C:\Users\Admin\Desktop\dataset train\Dataset\Normal\Normal (2789).jpg,Normal,val
C:\Users\Admin\Desktop\dataset train\Dataset\Normal\Normal (2080).jpg,Normal,val
C:\Users\Admin\Desktop\dataset train\Dataset\Pneumonia-Viral\Pneumonia-Viral (75).jpg,Pneumonia-Viral,val
C:\Users\Admin\Desktop\dataset train\Dataset\Normal\Normal (927).jpg,Normal,val
C:\Users\Admin\Desktop\dataset train\Dataset\Normal\Normal (1770).jpg,Normal,val
C:\Users\Admin\Desktop\dataset train\Dataset\Pneumonia-Bacterial\Pneumonia-Bacterial (1986).jpg,Pneumonia-Bacterial,val
C:\Users\Admin\Desktop\dataset train\Dataset\Normal\Normal (2156).jpg,Normal,val
C:\Users\Admin\Desktop\dataset train\Dataset\Pneumonia-Bacterial\Pneumonia-Bacterial (2016).jpg,Pneumonia-Bacterial,val
C:\Users\Admin\Desktop\dataset train\Dataset\Normal\Normal (3260).jpg,Normal,val
C:\Users\Admin\Desktop\dataset train\Dataset\Pneumonia-Viral\Pneumonia-Viral (1606).jpg,Pneumonia-Viral,val
C:\Users\Admin\Desktop\dataset train\Dataset\Pneumonia-Viral\Pneumonia-Viral (1608).jpg,Pneumonia-Viral,val
C:\Users\Admin\Desktop\dataset train\Dataset\Pneumonia-Bacterial\Pneumonia-Bacterial (2743).jpg,Pneumonia-Bacterial,val
C:\Users\Admin\Desktop\dataset train\Dataset\Normal\Normal (1905).jpg,Normal,val
C:\Users\Admin\Desktop\dataset train\Dataset\Pneumonia-Viral\Pneumonia-Viral (1577).jpg,Pneumonia-Viral,val
C:\Users\Admin\Desktop\dataset train\Dataset\COVID\COVID-19 (760).jpg,COVID,val
C:\Users\Admin\Desktop\dataset train\Dataset\Pneumonia-Bacterial\Pneumonia-Bacterial (180).jpg,Pneumonia-Bacterial,val
C:\Users\Admin\Desktop\dataset train\Dataset\Normal\Normal (1571).jpg,Normal,val
C:\Users\Admin\Desktop\dataset train\Dataset\Pneumonia-Bacterial\Pneumonia-Bacterial (2550).jpg,Pneumonia-Bacterial,val
C:\Users\Admin\Desktop\dataset train\Dataset\Pneumonia-Bacterial\Pneumonia-Bacterial (1379).jpg,Pneumonia-Bacterial,val
C:\Users\Admin\Desktop\dataset train\Dataset\COVID\COVID-19 (244).jpg,COVID,val
C:\Users\Admin\Desktop\dataset train\Dataset\Normal\Normal (1982).jpg,Normal,val
C:\Users\Admin\Desktop\dataset train\Dataset\Normal\Normal (2921).jpg,Normal,val
C:\Users\Admin\Desktop\dataset train\Dataset\COVID\COVID-19 (948).jpg,COVID,val
C:\Users\Admin\Desktop\dataset train\Dataset\Pneumonia-Viral\Pneumonia-Viral (238).jpg,Pneumonia-Viral,val
C:\Users\Admin\Desktop\dataset train\Dataset\Pneumonia-Bacterial\Pneumonia-Bacterial (1500).jpg,Pneumonia-Bacterial,val
C:\Users\Admin\Desktop\dataset train\Dataset\Normal\Normal (1472).jpg,Normal,val
C:\Users\Admin\Desktop\dataset train\Dataset\Normal\Normal (2573).jpg,Normal,val
C:\Users\Admin\Desktop\dataset train\Dataset\Pneumonia-Viral\Pneumonia-Viral (895).jpg,Pneumonia-Viral,val
C:\Users\Admin\Desktop\dataset train\Dataset\Pneumonia-Bacterial\Pneumonia-Bacterial (2051).jpg,Pneumonia-Bacterial,val
C:\Users\Admin\Desktop\dataset train\Dataset\Pneumonia-Bacterial\Pneumonia-Bacterial (335).jpg,Pneumonia-Bacterial,val
C:\Users\Admin\Desktop\dataset train\Dataset\Normal\Normal (2626).jpg,Normal,val
C:\Users\Admin\Desktop\dataset train\Dataset\Pneumonia-Viral\Pneumonia-Viral (722).jpg,Pneumonia-Viral,val
C:\Users\Admin\Desktop\dataset train\Dataset\Pneumonia-Viral\Pneumonia-Viral (219).jpg,Pneumonia-Viral,val
C:\Users\Admin\Desktop\dataset train\Dataset\Normal\Normal (2896).jpg,Normal,val
C:\Users\Admin\Desktop\dataset train\Dataset\Normal\Normal (2402).jpg,Normal,val
C:\Users\Admin\Desktop\dataset train\Dataset\Pneumonia-Bacterial\Pneumonia-Bacterial (1506).jpg,Pneumonia-Bacterial,val
C:\Users\Admin\Desktop\dataset train\Dataset\Normal\Normal (3160).jpg,Normal,val
C:\Users\Admin\Desktop\dataset train\Dataset\Normal\Normal (1802).jpg,Normal,val
C:\Users\Admin\Desktop\dataset train\Dataset\Pneumonia-Viral\Pneumonia-Viral (633).jpg,Pneumonia-Viral,val
C:\Users\Admin\Desktop\dataset train\Dataset\Normal\Normal (2827).jpg,Normal,val
C:\Users\Admin\Desktop\dataset train\Dataset\Pneumonia-Bacterial\Pneumonia-Bacterial (1008).jpg,Pneumonia-Bacterial,val
C:\Users\Admin\Desktop\dataset train\Dataset\Normal\Normal (1428).jpg,Normal,val
C:\Users\Admin\Desktop\dataset train\Dataset\Normal\Normal (60).jpg,Normal,val
C:\Users\Admin\Desktop\dataset train\Dataset\Normal\Normal (3106).jpg,Normal,val
C:\Users\Admin\Desktop\dataset train\Dataset\Pneumonia-Bacterial\Pneumonia-Bacterial (1728).jpg,Pneumonia-Bacterial,val
C:\Users\Admin\Desktop\dataset train\Dataset\Pneumonia-Viral\Pneumonia-Viral (91).jpg,Pneumonia-Viral,val
C:\Users\Admin\Desktop\dataset train\Dataset\Normal\Normal (1406).jpg,Normal,val
C:\Users\Admin\Desktop\dataset train\Dataset\COVID\COVID-19 (460).jpg,COVID,val
C:\Users\Admin\Desktop\dataset train\Dataset\Normal\Normal (1531).jpg,Normal,val
C:\Users\Admin\Desktop\dataset train\Dataset\Normal\Normal (2204).jpg,Normal,val
C:\Users\Admin\Desktop\dataset train\Dataset\COVID\COVID-19 (159).jpg,COVID,val
C:\Users\Admin\Desktop\dataset train\Dataset\Normal\Normal (1532).jpg,Normal,val
C:\Users\Admin\Desktop\dataset train\Dataset\Pneumonia-Bacterial\Pneumonia-Bacterial (144).jpg,Pneumonia-Bacterial,val
C:\Users\Admin\Desktop\dataset train\Dataset\Pneumonia-Bacterial\Pneumonia-Bacterial (1416).jpg,Pneumonia-Bacterial,val
C:\Users\Admin\Desktop\dataset train\Dataset\COVID\COVID-19 (340).jpg,COVID,val
C:\Users\Admin\Desktop\dataset train\Dataset\Pneumonia-Viral\Pneumonia-Viral (1584).jpg,Pneumonia-Viral,val
C:\Users\Admin\Desktop\dataset train\Dataset\Normal\Normal (2046).jpg,Normal,val
C:\Users\Admin\Desktop\dataset train\Dataset\Normal\Normal (1670).jpg,Normal,val
C:\Users\Admin\Desktop\dataset train\Dataset\Pneumonia-Viral\Pneumonia-Viral (1102).jpg,Pneumonia-Viral,val
C:\Users\Admin\Desktop\dataset train\Dataset\Pneumonia-Viral\Pneumonia-Viral (53).jpg,Pneumonia-Viral,val
C:\Users\Admin\Desktop\dataset train\Dataset\Normal\Normal (1411).jpg,Normal,val
C:\Users\Admin\Desktop\dataset train\Dataset\Pneumonia-Bacterial\Pneumonia-Bacterial (1799).jpg,Pneumonia-Bacterial,val
C:\Users\Admin\Desktop\dataset train\Dataset\Normal\Normal (969).jpg,Normal,val
C:\Users\Admin\Desktop\dataset train\Dataset\Pneumonia-Viral\Pneumonia-Viral (498).jpg,Pneumonia-Viral,val
C:\Users\Admin\Desktop\dataset train\Dataset\Normal\Normal (2807).jpg,Normal,val
C:\Users\Admin\Desktop\dataset train\Dataset\Pneumonia-Bacterial\Pneumonia-Bacterial (2178).jpg,Pneumonia-Bacterial,val
C:\Users\Admin\Desktop\dataset train\Dataset\Pneumonia-Bacterial\Pneumonia-Bacterial (842).jpg,Pneumonia-Bacterial,val
C:\Users\Admin\Desktop\dataset train\Dataset\Pneumonia-Viral\Pneumonia-Viral (328).jpg,Pneumonia-Viral,val
C:\Users\Admin\Desktop\dataset train\Dataset\Pneumonia-Viral\Pneumonia-Viral (532).jpg,Pneumonia-Viral,val
C:\Users\Admin\Desktop\dataset train\Dataset\Pneumonia-Bacterial\Pneumonia-Bacterial (312).jpg,Pneumonia-Bacterial,val
C:\Users\Admin\Desktop\dataset train\Dataset\Normal\Normal (1556).jpg,Normal,val
C:\Users\Admin\Desktop\dataset train\Dataset\Pneumonia-Viral\Pneumonia-Viral (861).jpg,Pneumonia-Viral,val
C:\Users\Admin\Desktop\dataset train\Dataset\Normal\Normal (815).jpg,Normal,val
C:\Users\Admin\Desktop\dataset train\Dataset\Pneumonia-Viral\Pneumonia-Viral (1519).jpg,Pneumonia-Viral,val
C:\Users\Admin\Desktop\dataset train\Dataset\Normal\Normal (1820).jpg,Normal,val
C:\Users\Admin\Desktop\dataset train\Dataset\Pneumonia-Bacterial\Pneumonia-Bacterial (1038).jpg,Pneumonia-Bacterial,val
C:\Users\Admin\Desktop\dataset train\Dataset\Pneumonia-Bacterial\Pneumonia-Bacterial (2201).jpg,Pneumonia-Bacterial,val
C:\Users\Admin\Desktop\dataset train\Dataset\Normal\Normal (1407).jpg,Normal,val
C:\Users\Admin\Desktop\dataset train\Dataset\Pneumonia-Viral\Pneumonia-Viral (46).jpg,Pneumonia-Viral,val
C:\Users\Admin\Desktop\dataset train\Dataset\Pneumonia-Viral\Pneumonia-Viral (731).jpg,Pneumonia-Viral,val
C:\Users\Admin\Desktop\dataset train\Dataset\COVID\COVID-19 (1030).jpg,COVID,val
C:\Users\Admin\Desktop\dataset train\Dataset\Normal\Normal (1150).jpg,Normal,val
C:\Users\Admin\Desktop\dataset train\Dataset\Pneumonia-Bacterial\Pneumonia-Bacterial (1066).jpg,Pneumonia-Bacterial,val
C:\Users\Admin\Desktop\dataset train\Dataset\COVID\COVID-19 (674).jpg,COVID,val
C:\Users\Admin\Desktop\dataset train\Dataset\COVID\COVID-19 (242).jpg,COVID,val
C:\Users\Admin\Desktop\dataset train\Dataset\Pneumonia-Bacterial\Pneumonia-Bacterial (2341).jpg,Pneumonia-Bacterial,val
C:\Users\Admin\Desktop\dataset train\Dataset\Pneumonia-Viral\Pneumonia-Viral (1484).jpg,Pneumonia-Viral,val
C:\Users\Admin\Desktop\dataset train\Dataset\Pneumonia-Viral\Pneumonia-Viral (42).jpg,Pneumonia-Viral,val
C:\Users\Admin\Desktop\dataset train\Dataset\Pneumonia-Bacterial\Pneumonia-Bacterial (471).jpg,Pneumonia-Bacterial,val
C:\Users\Admin\Desktop\dataset train\Dataset\Pneumonia-Viral\Pneumonia-Viral (493).jpg,Pneumonia-Viral,val
C:\Users\Admin\Desktop\dataset train\Dataset\Normal\Normal (555).jpg,Normal,val
C:\Users\Admin\Desktop\dataset train\Dataset\Pneumonia-Bacterial\Pneumonia-Bacterial (1014).jpg,Pneumonia-Bacterial,val
C:\Users\Admin\Desktop\dataset train\Dataset\Normal\Normal (567).jpg,Normal,val
C:\Users\Admin\Desktop\dataset train\Dataset\Normal\Normal (1364).jpg,Normal,val
C:\Users\Admin\Desktop\dataset train\Dataset\Normal\Normal (2388).jpg,Normal,val
C:\Users\Admin\Desktop\dataset train\Dataset\Pneumonia-Bacterial\Pneumonia-Bacterial (1758).jpg,Pneumonia-Bacterial,val
C:\Users\Admin\Desktop\dataset train\Dataset\Pneumonia-Viral\Pneumonia-Viral (378).jpg,Pneumonia-Viral,val
C:\Users\Admin\Desktop\dataset train\Dataset\Normal\Normal (2216).jpg,Normal,val
C:\Users\Admin\Desktop\dataset train\Dataset\Pneumonia-Bacterial\Pneumonia-Bacterial (2853).jpg,Pneumonia-Bacterial,val
C:\Users\Admin\Desktop\dataset train\Dataset\Pneumonia-Bacterial\Pneumonia-Bacterial (451).jpg,Pneumonia-Bacterial,val
C:\Users\Admin\Desktop\dataset train\Dataset\Pneumonia-Viral\Pneumonia-Viral (259).jpg,Pneumonia-Viral,val
C:\Users\Admin\Desktop\dataset train\Dataset\Normal\Normal (521).jpg,Normal,val
C:\Users\Admin\Desktop\dataset train\Dataset\COVID\COVID-19 (420).jpg,COVID,val
C:\Users\Admin\Desktop\dataset train\Dataset\Normal\Normal (1308).jpg,Normal,val
C:\Users\Admin\Desktop\dataset train\Dataset\Pneumonia-Bacterial\Pneumonia-Bacterial (982).jpg,Pneumonia-Bacterial,val
C:\Users\Admin\Desktop\dataset train\Dataset\Pneumonia-Bacterial\Pneumonia-Bacterial (2624).jpg,Pneumonia-Bacterial,val
C:\Users\Admin\Desktop\dataset train\Dataset\Normal\Normal (490).jpg,Normal,val
C:\Users\Admin\Desktop\dataset train\Dataset\Normal\Normal (1863).jpg,Normal,val
C:\Users\Admin\Desktop\dataset train\Dataset\Pneumonia-Bacterial\Pneumonia-Bacterial (1781).jpg,Pneumonia-Bacterial,val
C:\Users\Admin\Desktop\dataset train\Dataset\Pneumonia-Bacterial\Pneumonia-Bacterial (196).jpg,Pneumonia-Bacterial,val
C:\Users\Admin\Desktop\dataset train\Dataset\Normal\Normal (455).jpg,Normal,val
C:\Users\Admin\Desktop\dataset train\Dataset\Pneumonia-Viral\Pneumonia-Viral (467).jpg,Pneumonia-Viral,val
C:\Users\Admin\Desktop\dataset train\Dataset\Pneumonia-Bacterial\Pneumonia-Bacterial (2755).jpg,Pneumonia-Bacterial,val
C:\Users\Admin\Desktop\dataset train\Dataset\Pneumonia-Bacterial\Pneumonia-Bacterial (548).jpg,Pneumonia-Bacterial,val
C:\Users\Admin\Desktop\dataset train\Dataset\Normal\Normal (1438).jpg,Normal,val
C:\Users\Admin\Desktop\dataset train\Dataset\Normal\Normal (525).jpg,Normal,val
C:\Users\Admin\Desktop\dataset train\Dataset\Normal\Normal (327).jpg,Normal,val
C:\Users\Admin\Desktop\dataset train\Dataset\Pneumonia-Viral\Pneumonia-Viral (1618).jpg,Pneumonia-Viral,val
C:\Users\Admin\Desktop\dataset train\Dataset\Pneumonia-Bacterial\Pneumonia-Bacterial (1994).jpg,Pneumonia-Bacterial,val
C:\Users\Admin\Desktop\dataset train\Dataset\Normal\Normal (2520).jpg,Normal,val
C:\Users\Admin\Desktop\dataset train\Dataset\Pneumonia-Viral\Pneumonia-Viral (1053).jpg,Pneumonia-Viral,val
C:\Users\Admin\Desktop\dataset train\Dataset\Pneumonia-Bacterial\Pneumonia-Bacterial (121).jpg,Pneumonia-Bacterial,val
C:\Users\Admin\Desktop\dataset train\Dataset\Pneumonia-Bacterial\Pneumonia-Bacterial (2314).jpg,Pneumonia-Bacterial,val
C:\Users\Admin\Desktop\dataset train\Dataset\Normal\Normal (730).jpg,Normal,val
C:\Users\Admin\Desktop\dataset train\Dataset\Pneumonia-Bacterial\Pneumonia-Bacterial (1537).jpg,Pneumonia-Bacterial,val
C:\Users\Admin\Desktop\dataset train\Dataset\Pneumonia-Viral\Pneumonia-Viral (21).jpg,Pneumonia-Viral,val
C:\Users\Admin\Desktop\dataset train\Dataset\Pneumonia-Viral\Pneumonia-Viral (44).jpg,Pneumonia-Viral,val
C:\Users\Admin\Desktop\dataset train\Dataset\Normal\Normal (2720).jpg,Normal,val
C:\Users\Admin\Desktop\dataset train\Dataset\Pneumonia-Bacterial\Pneumonia-Bacterial (1861).jpg,Pneumonia-Bacterial,val
C:\Users\Admin\Desktop\dataset train\Dataset\Normal\Normal (2297).jpg,Normal,val
C:\Users\Admin\Desktop\dataset train\Dataset\COVID\COVID-19 (1234).jpg,COVID,val
C:\Users\Admin\Desktop\dataset train\Dataset\Normal\Normal (702).jpg,Normal,val
C:\Users\Admin\Desktop\dataset train\Dataset\Normal\Normal (180).jpg,Normal,val
C:\Users\Admin\Desktop\dataset train\Dataset\Pneumonia-Bacterial\Pneumonia-Bacterial (1932).jpg,Pneumonia-Bacterial,val
C:\Users\Admin\Desktop\dataset train\Dataset\Normal\Normal (1400).jpg,Normal,val
C:\Users\Admin\Desktop\dataset train\Dataset\Pneumonia-Bacterial\Pneumonia-Bacterial (2623).jpg,Pneumonia-Bacterial,val
C:\Users\Admin\Desktop\dataset train\Dataset\Pneumonia-Bacterial\Pneumonia-Bacterial (2763).jpg,Pneumonia-Bacterial,val
C:\Users\Admin\Desktop\dataset train\Dataset\Normal\Normal (1512).jpg,Normal,val
C:\Users\Admin\Desktop\dataset train\Dataset\Normal\Normal (3218).jpg,Normal,val
C:\Users\Admin\Desktop\dataset train\Dataset\Pneumonia-Bacterial\Pneumonia-Bacterial (1977).jpg,Pneumonia-Bacterial,val
C:\Users\Admin\Desktop\dataset train\Dataset\Normal\Normal (13).jpg,Normal,val
C:\Users\Admin\Desktop\dataset train\Dataset\Pneumonia-Bacterial\Pneumonia-Bacterial (862).jpg,Pneumonia-Bacterial,val
C:\Users\Admin\Desktop\dataset train\Dataset\Normal\Normal (1251).jpg,Normal,val
C:\Users\Admin\Desktop\dataset train\Dataset\Normal\Normal (2236).jpg,Normal,val
C:\Users\Admin\Desktop\dataset train\Dataset\Pneumonia-Bacterial\Pneumonia-Bacterial (1563).jpg,Pneumonia-Bacterial,val
C:\Users\Admin\Desktop\dataset train\Dataset\Normal\Normal (560).jpg,Normal,val
C:\Users\Admin\Desktop\dataset train\Dataset\Pneumonia-Bacterial\Pneumonia-Bacterial (903).jpg,Pneumonia-Bacterial,val
C:\Users\Admin\Desktop\dataset train\Dataset\Normal\Normal (2271).jpg,Normal,val
C:\Users\Admin\Desktop\dataset train\Dataset\COVID\COVID-19 (953).jpg,COVID,val
C:\Users\Admin\Desktop\dataset train\Dataset\Pneumonia-Viral\Pneumonia-Viral (385).jpg,Pneumonia-Viral,val
C:\Users\Admin\Desktop\dataset train\Dataset\Normal\Normal (2198).jpg,Normal,val
C:\Users\Admin\Desktop\dataset train\Dataset\COVID\COVID-19 (928).jpg,COVID,val
C:\Users\Admin\Desktop\dataset train\Dataset\Normal\Normal (1246).jpg,Normal,val
C:\Users\Admin\Desktop\dataset train\Dataset\Normal\Normal (2154).jpg,Normal,val
C:\Users\Admin\Desktop\dataset train\Dataset\Pneumonia-Bacterial\Pneumonia-Bacterial (258).jpg,Pneumonia-Bacterial,val
C:\Users\Admin\Desktop\dataset train\Dataset\Normal\Normal (2639).jpg,Normal,val
C:\Users\Admin\Desktop\dataset train\Dataset\Pneumonia-Bacterial\Pneumonia-Bacterial (2390).jpg,Pneumonia-Bacterial,val
C:\Users\Admin\Desktop\dataset train\Dataset\Pneumonia-Viral\Pneumonia-Viral (341).jpg,Pneumonia-Viral,val
C:\Users\Admin\Desktop\dataset train\Dataset\Normal\Normal (164).jpg,Normal,val
C:\Users\Admin\Desktop\dataset train\Dataset\Normal\Normal (2614).jpg,Normal,val
C:\Users\Admin\Desktop\dataset train\Dataset\Normal\Normal (785).jpg,Normal,val
C:\Users\Admin\Desktop\dataset train\Dataset\Pneumonia-Bacterial\Pneumonia-Bacterial (893).jpg,Pneumonia-Bacterial,val
C:\Users\Admin\Desktop\dataset train\Dataset\Normal\Normal (344).jpg,Normal,val
C:\Users\Admin\Desktop\dataset train\Dataset\Pneumonia-Bacterial\Pneumonia-Bacterial (1422).jpg,Pneumonia-Bacterial,val
C:\Users\Admin\Desktop\dataset train\Dataset\Pneumonia-Bacterial\Pneumonia-Bacterial (1481).jpg,Pneumonia-Bacterial,val
C:\Users\Admin\Desktop\dataset train\Dataset\Pneumonia-Bacterial\Pneumonia-Bacterial (2204).jpg,Pneumonia-Bacterial,val
C:\Users\Admin\Desktop\dataset train\Dataset\COVID\COVID-19 (511).jpg,COVID,val
C:\Users\Admin\Desktop\dataset train\Dataset\Normal\Normal (2366).jpg,Normal,val
C:\Users\Admin\Desktop\dataset train\Dataset\Pneumonia-Bacterial\Pneumonia-Bacterial (2967).jpg,Pneumonia-Bacterial,val
C:\Users\Admin\Desktop\dataset train\Dataset\Pneumonia-Bacterial\Pneumonia-Bacterial (2490).jpg,Pneumonia-Bacterial,val
C:\Users\Admin\Desktop\dataset train\Dataset\COVID\COVID-19 (122).jpg,COVID,val
C:\Users\Admin\Desktop\dataset train\Dataset\Normal\Normal (735).jpg,Normal,val
C:\Users\Admin\Desktop\dataset train\Dataset\Pneumonia-Bacterial\Pneumonia-Bacterial (2143).jpg,Pneumonia-Bacterial,val
C:\Users\Admin\Desktop\dataset train\Dataset\Pneumonia-Bacterial\Pneumonia-Bacterial (770).jpg,Pneumonia-Bacterial,val
C:\Users\Admin\Desktop\dataset train\Dataset\Normal\Normal (1110).jpg,Normal,val
C:\Users\Admin\Desktop\dataset train\Dataset\Normal\Normal (3019).jpg,Normal,val
C:\Users\Admin\Desktop\dataset train\Dataset\COVID\COVID-19 (211).jpg,COVID,val
C:\Users\Admin\Desktop\dataset train\Dataset\Normal\Normal (770).jpg,Normal,val
C:\Users\Admin\Desktop\dataset train\Dataset\Pneumonia-Bacterial\Pneumonia-Bacterial (2109).jpg,Pneumonia-Bacterial,val
C:\Users\Admin\Desktop\dataset train\Dataset\Normal\Normal (496).jpg,Normal,val
C:\Users\Admin\Desktop\dataset train\Dataset\Normal\Normal (2793).jpg,Normal,val
C:\Users\Admin\Desktop\dataset train\Dataset\Pneumonia-Bacterial\Pneumonia-Bacterial (2253).jpg,Pneumonia-Bacterial,val
C:\Users\Admin\Desktop\dataset train\Dataset\Pneumonia-Bacterial\Pneumonia-Bacterial (84).jpg,Pneumonia-Bacterial,val
C:\Users\Admin\Desktop\dataset train\Dataset\Normal\Normal (2057).jpg,Normal,val
C:\Users\Admin\Desktop\dataset train\Dataset\Pneumonia-Viral\Pneumonia-Viral (874).jpg,Pneumonia-Viral,val
C:\Users\Admin\Desktop\dataset train\Dataset\Normal\Normal (2862).jpg,Normal,val
C:\Users\Admin\Desktop\dataset train\Dataset\Normal\Normal (431).jpg,Normal,val
C:\Users\Admin\Desktop\dataset train\Dataset\Normal\Normal (708).jpg,Normal,val
C:\Users\Admin\Desktop\dataset train\Dataset\COVID\COVID-19 (982).jpg,COVID,val
C:\Users\Admin\Desktop\dataset train\Dataset\Pneumonia-Bacterial\Pneumonia-Bacterial (77).jpg,Pneumonia-Bacterial,val
C:\Users\Admin\Desktop\dataset train\Dataset\Normal\Normal (3208).jpg,Normal,val
C:\Users\Admin\Desktop\dataset train\Dataset\Normal\Normal (1605).jpg,Normal,val
C:\Users\Admin\Desktop\dataset train\Dataset\Normal\Normal (2095).jpg,Normal,val
C:\Users\Admin\Desktop\dataset train\Dataset\Normal\Normal (2786).jpg,Normal,val
C:\Users\Admin\Desktop\dataset train\Dataset\Normal\Normal (2445).jpg,Normal,val
C:\Users\Admin\Desktop\dataset train\Dataset\Normal\Normal (181).jpg,Normal,val
C:\Users\Admin\Desktop\dataset train\Dataset\Pneumonia-Bacterial\Pneumonia-Bacterial (863).jpg,Pneumonia-Bacterial,val
C:\Users\Admin\Desktop\dataset train\Dataset\Normal\Normal (1528).jpg,Normal,val
C:\Users\Admin\Desktop\dataset train\Dataset\Normal\Normal (2384).jpg,Normal,val
C:\Users\Admin\Desktop\dataset train\Dataset\Pneumonia-Viral\Pneumonia-Viral (897).jpg,Pneumonia-Viral,val
C:\Users\Admin\Desktop\dataset train\Dataset\COVID\COVID-19 (117).jpg,COVID,val
C:\Users\Admin\Desktop\dataset train\Dataset\Pneumonia-Viral\Pneumonia-Viral (265).jpg,Pneumonia-Viral,val
C:\Users\Admin\Desktop\dataset train\Dataset\Pneumonia-Bacterial\Pneumonia-Bacterial (2309).jpg,Pneumonia-Bacterial,val
C:\Users\Admin\Desktop\dataset train\Dataset\Pneumonia-Bacterial\Pneumonia-Bacterial (1308).jpg,Pneumonia-Bacterial,val
C:\Users\Admin\Desktop\dataset train\Dataset\Pneumonia-Viral\Pneumonia-Viral (630).jpg,Pneumonia-Viral,val
C:\Users\Admin\Desktop\dataset train\Dataset\COVID\COVID-19 (362).jpg,COVID,val
C:\Users\Admin\Desktop\dataset train\Dataset\Pneumonia-Viral\Pneumonia-Viral (518).jpg,Pneumonia-Viral,val
C:\Users\Admin\Desktop\dataset train\Dataset\Pneumonia-Bacterial\Pneumonia-Bacterial (2963).jpg,Pneumonia-Bacterial,val
C:\Users\Admin\Desktop\dataset train\Dataset\Normal\Normal (469).jpg,Normal,val
C:\Users\Admin\Desktop\dataset train\Dataset\Pneumonia-Viral\Pneumonia-Viral (158).jpg,Pneumonia-Viral,val
C:\Users\Admin\Desktop\dataset train\Dataset\Pneumonia-Bacterial\Pneumonia-Bacterial (1441).jpg,Pneumonia-Bacterial,val
C:\Users\Admin\Desktop\dataset train\Dataset\Normal\Normal (443).jpg,Normal,val
C:\Users\Admin\Desktop\dataset train\Dataset\COVID\COVID-19 (281).jpg,COVID,val
C:\Users\Admin\Desktop\dataset train\Dataset\Normal\Normal (539).jpg,Normal,val
C:\Users\Admin\Desktop\dataset train\Dataset\COVID\COVID-19 (786).jpg,COVID,val
C:\Users\Admin\Desktop\dataset train\Dataset\Pneumonia-Bacterial\Pneumonia-Bacterial (2514).jpg,Pneumonia-Bacterial,val
C:\Users\Admin\Desktop\dataset train\Dataset\COVID\COVID-19 (152).jpg,COVID,val
C:\Users\Admin\Desktop\dataset train\Dataset\Normal\Normal (1892).jpg,Normal,val
C:\Users\Admin\Desktop\dataset train\Dataset\Normal\Normal (976).jpg,Normal,val
C:\Users\Admin\Desktop\dataset train\Dataset\Normal\Normal (859).jpg,Normal,val
C:\Users\Admin\Desktop\dataset train\Dataset\Pneumonia-Bacterial\Pneumonia-Bacterial (1550).jpg,Pneumonia-Bacterial,val
C:\Users\Admin\Desktop\dataset train\Dataset\Normal\Normal (1234).jpg,Normal,val
C:\Users\Admin\Desktop\dataset train\Dataset\Normal\Normal (1997).jpg,Normal,val
C:\Users\Admin\Desktop\dataset train\Dataset\Pneumonia-Bacterial\Pneumonia-Bacterial (607).jpg,Pneumonia-Bacterial,val
C:\Users\Admin\Desktop\dataset train\Dataset\Normal\Normal (410).jpg,Normal,val
C:\Users\Admin\Desktop\dataset train\Dataset\Pneumonia-Bacterial\Pneumonia-Bacterial (681).jpg,Pneumonia-Bacterial,val
C:\Users\Admin\Desktop\dataset train\Dataset\Normal\Normal (2923).jpg,Normal,val
C:\Users\Admin\Desktop\dataset train\Dataset\Pneumonia-Viral\Pneumonia-Viral (496).jpg,Pneumonia-Viral,val
C:\Users\Admin\Desktop\dataset train\Dataset\Pneumonia-Viral\Pneumonia-Viral (1093).jpg,Pneumonia-Viral,val
C:\Users\Admin\Desktop\dataset train\Dataset\Normal\Normal (2244).jpg,Normal,val
C:\Users\Admin\Desktop\dataset train\Dataset\Normal\Normal (101).jpg,Normal,val
C:\Users\Admin\Desktop\dataset train\Dataset\Normal\Normal (352).jpg,Normal,val
C:\Users\Admin\Desktop\dataset train\Dataset\Pneumonia-Bacterial\Pneumonia-Bacterial (2928).jpg,Pneumonia-Bacterial,val
C:\Users\Admin\Desktop\dataset train\Dataset\Normal\Normal (762).jpg,Normal,val
C:\Users\Admin\Desktop\dataset train\Dataset\Normal\Normal (589).jpg,Normal,val
C:\Users\Admin\Desktop\dataset train\Dataset\Pneumonia-Bacterial\Pneumonia-Bacterial (2829).jpg,Pneumonia-Bacterial,val
C:\Users\Admin\Desktop\dataset train\Dataset\Pneumonia-Viral\Pneumonia-Viral (1057).jpg,Pneumonia-Viral,val
C:\Users\Admin\Desktop\dataset train\Dataset\Pneumonia-Bacterial\Pneumonia-Bacterial (211).jpg,Pneumonia-Bacterial,val
C:\Users\Admin\Desktop\dataset train\Dataset\COVID\COVID-19 (58).jpg,COVID,val
C:\Users\Admin\Desktop\dataset train\Dataset\Normal\Normal (2460).jpg,Normal,val
C:\Users\Admin\Desktop\dataset train\Dataset\COVID\COVID-19 (438).jpg,COVID,val
C:\Users\Admin\Desktop\dataset train\Dataset\COVID\COVID-19 (521).jpg,COVID,val
C:\Users\Admin\Desktop\dataset train\Dataset\Pneumonia-Bacterial\Pneumonia-Bacterial (2890).jpg,Pneumonia-Bacterial,val
C:\Users\Admin\Desktop\dataset train\Dataset\Normal\Normal (3012).jpg,Normal,val
C:\Users\Admin\Desktop\dataset train\Dataset\Normal\Normal (932).jpg,Normal,val
C:\Users\Admin\Desktop\dataset train\Dataset\Pneumonia-Bacterial\Pneumonia-Bacterial (1774).jpg,Pneumonia-Bacterial,val
C:\Users\Admin\Desktop\dataset train\Dataset\Pneumonia-Viral\Pneumonia-Viral (784).jpg,Pneumonia-Viral,val
C:\Users\Admin\Desktop\dataset train\Dataset\Pneumonia-Viral\Pneumonia-Viral (1446).jpg,Pneumonia-Viral,val
C:\Users\Admin\Desktop\dataset train\Dataset\Normal\Normal (2777).jpg,Normal,val
C:\Users\Admin\Desktop\dataset train\Dataset\Normal\Normal (2323).jpg,Normal,val
C:\Users\Admin\Desktop\dataset train\Dataset\Pneumonia-Bacterial\Pneumonia-Bacterial (1373).jpg,Pneumonia-Bacterial,val
C:\Users\Admin\Desktop\dataset train\Dataset\Pneumonia-Bacterial\Pneumonia-Bacterial (1349).jpg,Pneumonia-Bacterial,val
C:\Users\Admin\Desktop\dataset train\Dataset\Normal\Normal (2906).jpg,Normal,val
C:\Users\Admin\Desktop\dataset train\Dataset\Pneumonia-Bacterial\Pneumonia-Bacterial (2695).jpg,Pneumonia-Bacterial,val
C:\Users\Admin\Desktop\dataset train\Dataset\Normal\Normal (2335).jpg,Normal,val
C:\Users\Admin\Desktop\dataset train\Dataset\Normal\Normal (3217).jpg,Normal,val
C:\Users\Admin\Desktop\dataset train\Dataset\Pneumonia-Viral\Pneumonia-Viral (206).jpg,Pneumonia-Viral,val
C:\Users\Admin\Desktop\dataset train\Dataset\Pneumonia-Bacterial\Pneumonia-Bacterial (1389).jpg,Pneumonia-Bacterial,val
C:\Users\Admin\Desktop\dataset train\Dataset\Normal\Normal (1279).jpg,Normal,val
C:\Users\Admin\Desktop\dataset train\Dataset\Normal\Normal (3103).jpg,Normal,val
C:\Users\Admin\Desktop\dataset train\Dataset\Pneumonia-Viral\Pneumonia-Viral (1220).jpg,Pneumonia-Viral,val
C:\Users\Admin\Desktop\dataset train\Dataset\Pneumonia-Bacterial\Pneumonia-Bacterial (1988).jpg,Pneumonia-Bacterial,val
C:\Users\Admin\Desktop\dataset train\Dataset\Normal\Normal (1954).jpg,Normal,val
C:\Users\Admin\Desktop\dataset train\Dataset\Normal\Normal (1640).jpg,Normal,val
C:\Users\Admin\Desktop\dataset train\Dataset\Pneumonia-Viral\Pneumonia-Viral (412).jpg,Pneumonia-Viral,val
C:\Users\Admin\Desktop\dataset train\Dataset\COVID\COVID-19 (616).jpg,COVID,val
C:\Users\Admin\Desktop\dataset train\Dataset\Pneumonia-Bacterial\Pneumonia-Bacterial (304).jpg,Pneumonia-Bacterial,val
C:\Users\Admin\Desktop\dataset train\Dataset\Pneumonia-Viral\Pneumonia-Viral (1194).jpg,Pneumonia-Viral,val
C:\Users\Admin\Desktop\dataset train\Dataset\Normal\Normal (1254).jpg,Normal,val
C:\Users\Admin\Desktop\dataset train\Dataset\Normal\Normal (1641).jpg,Normal,val
C:\Users\Admin\Desktop\dataset train\Dataset\Pneumonia-Bacterial\Pneumonia-Bacterial (1879).jpg,Pneumonia-Bacterial,val
C:\Users\Admin\Desktop\dataset train\Dataset\Pneumonia-Bacterial\Pneumonia-Bacterial (2712).jpg,Pneumonia-Bacterial,val
C:\Users\Admin\Desktop\dataset train\Dataset\Pneumonia-Bacterial\Pneumonia-Bacterial (2214).jpg,Pneumonia-Bacterial,val
C:\Users\Admin\Desktop\dataset train\Dataset\Normal\Normal (2981).jpg,Normal,val
C:\Users\Admin\Desktop\dataset train\Dataset\Pneumonia-Bacterial\Pneumonia-Bacterial (2839).jpg,Pneumonia-Bacterial,val
C:\Users\Admin\Desktop\dataset train\Dataset\COVID\COVID-19 (706).jpg,COVID,val
C:\Users\Admin\Desktop\dataset train\Dataset\Pneumonia-Bacterial\Pneumonia-Bacterial (2631).jpg,Pneumonia-Bacterial,val
C:\Users\Admin\Desktop\dataset train\Dataset\Pneumonia-Viral\Pneumonia-Viral (1039).jpg,Pneumonia-Viral,val
C:\Users\Admin\Desktop\dataset train\Dataset\Pneumonia-Bacterial\Pneumonia-Bacterial (320).jpg,Pneumonia-Bacterial,val
C:\Users\Admin\Desktop\dataset train\Dataset\Normal\Normal (2322).jpg,Normal,val
C:\Users\Admin\Desktop\dataset train\Dataset\Pneumonia-Bacterial\Pneumonia-Bacterial (591).jpg,Pneumonia-Bacterial,val
C:\Users\Admin\Desktop\dataset train\Dataset\Normal\Normal (1667).jpg,Normal,val
C:\Users\Admin\Desktop\dataset train\Dataset\Pneumonia-Bacterial\Pneumonia-Bacterial (2087).jpg,Pneumonia-Bacterial,val
C:\Users\Admin\Desktop\dataset train\Dataset\Pneumonia-Bacterial\Pneumonia-Bacterial (2618).jpg,Pneumonia-Bacterial,val
C:\Users\Admin\Desktop\dataset train\Dataset\Pneumonia-Viral\Pneumonia-Viral (1552).jpg,Pneumonia-Viral,val
C:\Users\Admin\Desktop\dataset train\Dataset\Pneumonia-Bacterial\Pneumonia-Bacterial (1278).jpg,Pneumonia-Bacterial,val
C:\Users\Admin\Desktop\dataset train\Dataset\Normal\Normal (1838).jpg,Normal,val
C:\Users\Admin\Desktop\dataset train\Dataset\Pneumonia-Viral\Pneumonia-Viral (622).jpg,Pneumonia-Viral,val
C:\Users\Admin\Desktop\dataset train\Dataset\Normal\Normal (547).jpg,Normal,val
C:\Users\Admin\Desktop\dataset train\Dataset\Normal\Normal (2835).jpg,Normal,val
C:\Users\Admin\Desktop\dataset train\Dataset\Pneumonia-Bacterial\Pneumonia-Bacterial (1552).jpg,Pneumonia-Bacterial,val
C:\Users\Admin\Desktop\dataset train\Dataset\Pneumonia-Bacterial\Pneumonia-Bacterial (238).jpg,Pneumonia-Bacterial,val
C:\Users\Admin\Desktop\dataset train\Dataset\Pneumonia-Bacterial\Pneumonia-Bacterial (954).jpg,Pneumonia-Bacterial,val
C:\Users\Admin\Desktop\dataset train\Dataset\COVID\COVID-19 (764).jpg,COVID,val
C:\Users\Admin\Desktop\dataset train\Dataset\Normal\Normal (2642).jpg,Normal,val
C:\Users\Admin\Desktop\dataset train\Dataset\Pneumonia-Bacterial\Pneumonia-Bacterial (2346).jpg,Pneumonia-Bacterial,val
C:\Users\Admin\Desktop\dataset train\Dataset\Pneumonia-Viral\Pneumonia-Viral (104).jpg,Pneumonia-Viral,val
C:\Users\Admin\Desktop\dataset train\Dataset\Normal\Normal (76).jpg,Normal,val
C:\Users\Admin\Desktop\dataset train\Dataset\Pneumonia-Bacterial\Pneumonia-Bacterial (943).jpg,Pneumonia-Bacterial,val
C:\Users\Admin\Desktop\dataset train\Dataset\Normal\Normal (3058).jpg,Normal,val
C:\Users\Admin\Desktop\dataset train\Dataset\Pneumonia-Bacterial\Pneumonia-Bacterial (1924).jpg,Pneumonia-Bacterial,val
C:\Users\Admin\Desktop\dataset train\Dataset\Normal\Normal (468).jpg,Normal,val
C:\Users\Admin\Desktop\dataset train\Dataset\Pneumonia-Bacterial\Pneumonia-Bacterial (2269).jpg,Pneumonia-Bacterial,val
C:\Users\Admin\Desktop\dataset train\Dataset\COVID\COVID-19 (259).jpg,COVID,val
C:\Users\Admin\Desktop\dataset train\Dataset\COVID\COVID-19 (1176).jpg,COVID,val
C:\Users\Admin\Desktop\dataset train\Dataset\Normal\Normal (868).jpg,Normal,val
C:\Users\Admin\Desktop\dataset train\Dataset\Pneumonia-Bacterial\Pneumonia-Bacterial (866).jpg,Pneumonia-Bacterial,val
C:\Users\Admin\Desktop\dataset train\Dataset\Normal\Normal (103).jpg,Normal,val
C:\Users\Admin\Desktop\dataset train\Dataset\COVID\COVID-19 (255).jpg,COVID,val
C:\Users\Admin\Desktop\dataset train\Dataset\COVID\COVID-19 (566).jpg,COVID,val
C:\Users\Admin\Desktop\dataset train\Dataset\COVID\COVID-19 (736).jpg,COVID,val
C:\Users\Admin\Desktop\dataset train\Dataset\COVID\COVID-19 (874).jpg,COVID,val
C:\Users\Admin\Desktop\dataset train\Dataset\Normal\Normal (50).jpg,Normal,val
C:\Users\Admin\Desktop\dataset train\Dataset\Pneumonia-Bacterial\Pneumonia-Bacterial (2132).jpg,Pneumonia-Bacterial,val
C:\Users\Admin\Desktop\dataset train\Dataset\Normal\Normal (1873).jpg,Normal,val
C:\Users\Admin\Desktop\dataset train\Dataset\Pneumonia-Viral\Pneumonia-Viral (1181).jpg,Pneumonia-Viral,val
C:\Users\Admin\Desktop\dataset train\Dataset\Normal\Normal (1463).jpg,Normal,val
C:\Users\Admin\Desktop\dataset train\Dataset\Normal\Normal (2750).jpg,Normal,val
C:\Users\Admin\Desktop\dataset train\Dataset\COVID\COVID-19 (844).jpg,COVID,val
C:\Users\Admin\Desktop\dataset train\Dataset\Pneumonia-Viral\Pneumonia-Viral (1588).jpg,Pneumonia-Viral,val
C:\Users\Admin\Desktop\dataset train\Dataset\Pneumonia-Bacterial\Pneumonia-Bacterial (1412).jpg,Pneumonia-Bacterial,val
C:\Users\Admin\Desktop\dataset train\Dataset\Pneumonia-Bacterial\Pneumonia-Bacterial (577).jpg,Pneumonia-Bacterial,val
C:\Users\Admin\Desktop\dataset train\Dataset\Pneumonia-Viral\Pneumonia-Viral (1345).jpg,Pneumonia-Viral,val
C:\Users\Admin\Desktop\dataset train\Dataset\Pneumonia-Viral\Pneumonia-Viral (584).jpg,Pneumonia-Viral,val
C:\Users\Admin\Desktop\dataset train\Dataset\Normal\Normal (1462).jpg,Normal,val
C:\Users\Admin\Desktop\dataset train\Dataset\Pneumonia-Bacterial\Pneumonia-Bacterial (1876).jpg,Pneumonia-Bacterial,val
C:\Users\Admin\Desktop\dataset train\Dataset\Pneumonia-Viral\Pneumonia-Viral (1058).jpg,Pneumonia-Viral,val
C:\Users\Admin\Desktop\dataset train\Dataset\Pneumonia-Bacterial\Pneumonia-Bacterial (1831).jpg,Pneumonia-Bacterial,val
C:\Users\Admin\Desktop\dataset train\Dataset\Pneumonia-Viral\Pneumonia-Viral (699).jpg,Pneumonia-Viral,val
C:\Users\Admin\Desktop\dataset train\Dataset\Normal\Normal (214).jpg,Normal,val
C:\Users\Admin\Desktop\dataset train\Dataset\Pneumonia-Viral\Pneumonia-Viral (394).jpg,Pneumonia-Viral,val
C:\Users\Admin\Desktop\dataset train\Dataset\COVID\COVID-19 (867).jpg,COVID,val
C:\Users\Admin\Desktop\dataset train\Dataset\Normal\Normal (1129).jpg,Normal,test
C:\Users\Admin\Desktop\dataset train\Dataset\Pneumonia-Bacterial\Pneumonia-Bacterial (1097).jpg,Pneumonia-Bacterial,test
C:\Users\Admin\Desktop\dataset train\Dataset\Normal\Normal (2809).jpg,Normal,test
C:\Users\Admin\Desktop\dataset train\Dataset\Normal\Normal (2274).jpg,Normal,test
C:\Users\Admin\Desktop\dataset train\Dataset\Normal\Normal (824).jpg,Normal,test
C:\Users\Admin\Desktop\dataset train\Dataset\Pneumonia-Bacterial\Pneumonia-Bacterial (1830).jpg,Pneumonia-Bacterial,test
C:\Users\Admin\Desktop\dataset train\Dataset\Normal\Normal (1211).jpg,Normal,test
C:\Users\Admin\Desktop\dataset train\Dataset\Normal\Normal (2792).jpg,Normal,test
C:\Users\Admin\Desktop\dataset train\Dataset\Pneumonia-Viral\Pneumonia-Viral (1092).jpg,Pneumonia-Viral,test
C:\Users\Admin\Desktop\dataset train\Dataset\Pneumonia-Bacterial\Pneumonia-Bacterial (66).jpg,Pneumonia-Bacterial,test
C:\Users\Admin\Desktop\dataset train\Dataset\COVID\COVID-19 (499).jpg,COVID,test
C:\Users\Admin\Desktop\dataset train\Dataset\Pneumonia-Bacterial\Pneumonia-Bacterial (1529).jpg,Pneumonia-Bacterial,test
C:\Users\Admin\Desktop\dataset train\Dataset\Pneumonia-Viral\Pneumonia-Viral (735).jpg,Pneumonia-Viral,test
C:\Users\Admin\Desktop\dataset train\Dataset\COVID\COVID-19 (379).jpg,COVID,test
C:\Users\Admin\Desktop\dataset train\Dataset\Pneumonia-Bacterial\Pneumonia-Bacterial (896).jpg,Pneumonia-Bacterial,test
C:\Users\Admin\Desktop\dataset train\Dataset\Normal\Normal (230).jpg,Normal,test
C:\Users\Admin\Desktop\dataset train\Dataset\Pneumonia-Bacterial\Pneumonia-Bacterial (1300).jpg,Pneumonia-Bacterial,test
C:\Users\Admin\Desktop\dataset train\Dataset\COVID\COVID-19 (208).jpg,COVID,test
C:\Users\Admin\Desktop\dataset train\Dataset\Pneumonia-Viral\Pneumonia-Viral (360).jpg,Pneumonia-Viral,test
C:\Users\Admin\Desktop\dataset train\Dataset\Normal\Normal (982).jpg,Normal,test
C:\Users\Admin\Desktop\dataset train\Dataset\Pneumonia-Viral\Pneumonia-Viral (720).jpg,Pneumonia-Viral,test
C:\Users\Admin\Desktop\dataset train\Dataset\Normal\Normal (318).jpg,Normal,test
C:\Users\Admin\Desktop\dataset train\Dataset\Normal\Normal (2130).jpg,Normal,test
C:\Users\Admin\Desktop\dataset train\Dataset\Normal\Normal (1496).jpg,Normal,test
C:\Users\Admin\Desktop\dataset train\Dataset\COVID\COVID-19 (823).jpg,COVID,test
C:\Users\Admin\Desktop\dataset train\Dataset\Pneumonia-Bacterial\Pneumonia-Bacterial (1090).jpg,Pneumonia-Bacterial,test
C:\Users\Admin\Desktop\dataset train\Dataset\COVID\COVID-19 (73).jpg,COVID,test
C:\Users\Admin\Desktop\dataset train\Dataset\Normal\Normal (272).jpg,Normal,test
C:\Users\Admin\Desktop\dataset train\Dataset\Pneumonia-Viral\Pneumonia-Viral (1192).jpg,Pneumonia-Viral,test
C:\Users\Admin\Desktop\dataset train\Dataset\Normal\Normal (677).jpg,Normal,test
C:\Users\Admin\Desktop\dataset train\Dataset\Pneumonia-Bacterial\Pneumonia-Bacterial (542).jpg,Pneumonia-Bacterial,test
C:\Users\Admin\Desktop\dataset train\Dataset\Normal\Normal (191).jpg,Normal,test
C:\Users\Admin\Desktop\dataset train\Dataset\Pneumonia-Viral\Pneumonia-Viral (569).jpg,Pneumonia-Viral,test
C:\Users\Admin\Desktop\dataset train\Dataset\COVID\COVID-19 (156).jpg,COVID,test
C:\Users\Admin\Desktop\dataset train\Dataset\Pneumonia-Bacterial\Pneumonia-Bacterial (659).jpg,Pneumonia-Bacterial,test
C:\Users\Admin\Desktop\dataset train\Dataset\Normal\Normal (1166).jpg,Normal,test
C:\Users\Admin\Desktop\dataset train\Dataset\Normal\Normal (2038).jpg,Normal,test
C:\Users\Admin\Desktop\dataset train\Dataset\Pneumonia-Bacterial\Pneumonia-Bacterial (2025).jpg,Pneumonia-Bacterial,test
C:\Users\Admin\Desktop\dataset train\Dataset\Pneumonia-Bacterial\Pneumonia-Bacterial (760).jpg,Pneumonia-Bacterial,test
C:\Users\Admin\Desktop\dataset train\Dataset\Normal\Normal (1408).jpg,Normal,test
C:\Users\Admin\Desktop\dataset train\Dataset\Pneumonia-Bacterial\Pneumonia-Bacterial (1524).jpg,Pneumonia-Bacterial,test
C:\Users\Admin\Desktop\dataset train\Dataset\Pneumonia-Bacterial\Pneumonia-Bacterial (2715).jpg,Pneumonia-Bacterial,test
C:\Users\Admin\Desktop\dataset train\Dataset\Normal\Normal (2797).jpg,Normal,test
C:\Users\Admin\Desktop\dataset train\Dataset\Pneumonia-Bacterial\Pneumonia-Bacterial (1733).jpg,Pneumonia-Bacterial,test
C:\Users\Admin\Desktop\dataset train\Dataset\Normal\Normal (102).jpg,Normal,test
C:\Users\Admin\Desktop\dataset train\Dataset\COVID\COVID-19 (42).jpg,COVID,test
C:\Users\Admin\Desktop\dataset train\Dataset\Pneumonia-Bacterial\Pneumonia-Bacterial (82).jpg,Pneumonia-Bacterial,test
C:\Users\Admin\Desktop\dataset train\Dataset\Normal\Normal (3198).jpg,Normal,test
C:\Users\Admin\Desktop\dataset train\Dataset\COVID\COVID-19 (149).jpg,COVID,test
C:\Users\Admin\Desktop\dataset train\Dataset\COVID\COVID-19 (346).jpg,COVID,test
C:\Users\Admin\Desktop\dataset train\Dataset\Pneumonia-Viral\Pneumonia-Viral (1632).jpg,Pneumonia-Viral,test
C:\Users\Admin\Desktop\dataset train\Dataset\Normal\Normal (1999).jpg,Normal,test
C:\Users\Admin\Desktop\dataset train\Dataset\Pneumonia-Bacterial\Pneumonia-Bacterial (2322).jpg,Pneumonia-Bacterial,test
C:\Users\Admin\Desktop\dataset train\Dataset\Pneumonia-Viral\Pneumonia-Viral (660).jpg,Pneumonia-Viral,test
C:\Users\Admin\Desktop\dataset train\Dataset\Pneumonia-Bacterial\Pneumonia-Bacterial (2476).jpg,Pneumonia-Bacterial,test
C:\Users\Admin\Desktop\dataset train\Dataset\Pneumonia-Bacterial\Pneumonia-Bacterial (2647).jpg,Pneumonia-Bacterial,test
C:\Users\Admin\Desktop\dataset train\Dataset\Pneumonia-Bacterial\Pneumonia-Bacterial (2740).jpg,Pneumonia-Bacterial,test
C:\Users\Admin\Desktop\dataset train\Dataset\Normal\Normal (910).jpg,Normal,test
C:\Users\Admin\Desktop\dataset train\Dataset\Pneumonia-Bacterial\Pneumonia-Bacterial (1336).jpg,Pneumonia-Bacterial,test
C:\Users\Admin\Desktop\dataset train\Dataset\Pneumonia-Bacterial\Pneumonia-Bacterial (540).jpg,Pneumonia-Bacterial,test
C:\Users\Admin\Desktop\dataset train\Dataset\COVID\COVID-19 (402).jpg,COVID,test
C:\Users\Admin\Desktop\dataset train\Dataset\Pneumonia-Bacterial\Pneumonia-Bacterial (1651).jpg,Pneumonia-Bacterial,test
C:\Users\Admin\Desktop\dataset train\Dataset\COVID\COVID-19 (397).jpg,COVID,test
C:\Users\Admin\Desktop\dataset train\Dataset\Pneumonia-Bacterial\Pneumonia-Bacterial (1698).jpg,Pneumonia-Bacterial,test
C:\Users\Admin\Desktop\dataset train\Dataset\Pneumonia-Bacterial\Pneumonia-Bacterial (159).jpg,Pneumonia-Bacterial,test
C:\Users\Admin\Desktop\dataset train\Dataset\COVID\COVID-19 (77).jpg,COVID,test
C:\Users\Admin\Desktop\dataset train\Dataset\COVID\COVID-19 (393).jpg,COVID,test
C:\Users\Admin\Desktop\dataset train\Dataset\Pneumonia-Viral\Pneumonia-Viral (878).jpg,Pneumonia-Viral,test
C:\Users\Admin\Desktop\dataset train\Dataset\Normal\Normal (268).jpg,Normal,test
C:\Users\Admin\Desktop\dataset train\Dataset\Pneumonia-Viral\Pneumonia-Viral (69).jpg,Pneumonia-Viral,test
C:\Users\Admin\Desktop\dataset train\Dataset\Pneumonia-Viral\Pneumonia-Viral (1497).jpg,Pneumonia-Viral,test
C:\Users\Admin\Desktop\dataset train\Dataset\Normal\Normal (2975).jpg,Normal,test
C:\Users\Admin\Desktop\dataset train\Dataset\Pneumonia-Bacterial\Pneumonia-Bacterial (1718).jpg,Pneumonia-Bacterial,test
C:\Users\Admin\Desktop\dataset train\Dataset\Normal\Normal (984).jpg,Normal,test
C:\Users\Admin\Desktop\dataset train\Dataset\Normal\Normal (2094).jpg,Normal,test
C:\Users\Admin\Desktop\dataset train\Dataset\COVID\COVID-19 (575).jpg,COVID,test
C:\Users\Admin\Desktop\dataset train\Dataset\Normal\Normal (791).jpg,Normal,test
C:\Users\Admin\Desktop\dataset train\Dataset\Pneumonia-Bacterial\Pneumonia-Bacterial (1658).jpg,Pneumonia-Bacterial,test
C:\Users\Admin\Desktop\dataset train\Dataset\Pneumonia-Viral\Pneumonia-Viral (1563).jpg,Pneumonia-Viral,test
C:\Users\Admin\Desktop\dataset train\Dataset\Pneumonia-Bacterial\Pneumonia-Bacterial (1849).jpg,Pneumonia-Bacterial,test
C:\Users\Admin\Desktop\dataset train\Dataset\Normal\Normal (3139).jpg,Normal,test
C:\Users\Admin\Desktop\dataset train\Dataset\Normal\Normal (1661).jpg,Normal,test
C:\Users\Admin\Desktop\dataset train\Dataset\Normal\Normal (2743).jpg,Normal,test
C:\Users\Admin\Desktop\dataset train\Dataset\Pneumonia-Bacterial\Pneumonia-Bacterial (2939).jpg,Pneumonia-Bacterial,test
C:\Users\Admin\Desktop\dataset train\Dataset\Normal\Normal (1321).jpg,Normal,test
C:\Users\Admin\Desktop\dataset train\Dataset\Pneumonia-Bacterial\Pneumonia-Bacterial (2466).jpg,Pneumonia-Bacterial,test
C:\Users\Admin\Desktop\dataset train\Dataset\Pneumonia-Bacterial\Pneumonia-Bacterial (1959).jpg,Pneumonia-Bacterial,test
C:\Users\Admin\Desktop\dataset train\Dataset\COVID\COVID-19 (826).jpg,COVID,test
C:\Users\Admin\Desktop\dataset train\Dataset\Normal\Normal (1359).jpg,Normal,test
C:\Users\Admin\Desktop\dataset train\Dataset\Pneumonia-Bacterial\Pneumonia-Bacterial (1801).jpg,Pneumonia-Bacterial,test
C:\Users\Admin\Desktop\dataset train\Dataset\COVID\COVID-19 (886).jpg,COVID,test
C:\Users\Admin\Desktop\dataset train\Dataset\Normal\Normal (2077).jpg,Normal,test
C:\Users\Admin\Desktop\dataset train\Dataset\Pneumonia-Viral\Pneumonia-Viral (1088).jpg,Pneumonia-Viral,test
C:\Users\Admin\Desktop\dataset train\Dataset\Pneumonia-Bacterial\Pneumonia-Bacterial (2257).jpg,Pneumonia-Bacterial,test
C:\Users\Admin\Desktop\dataset train\Dataset\Pneumonia-Bacterial\Pneumonia-Bacterial (1893).jpg,Pneumonia-Bacterial,test
C:\Users\Admin\Desktop\dataset train\Dataset\Pneumonia-Bacterial\Pneumonia-Bacterial (2838).jpg,Pneumonia-Bacterial,test
C:\Users\Admin\Desktop\dataset train\Dataset\Pneumonia-Bacterial\Pneumonia-Bacterial (302).jpg,Pneumonia-Bacterial,test
C:\Users\Admin\Desktop\dataset train\Dataset\Pneumonia-Bacterial\Pneumonia-Bacterial (1901).jpg,Pneumonia-Bacterial,test
C:\Users\Admin\Desktop\dataset train\Dataset\Pneumonia-Bacterial\Pneumonia-Bacterial (1782).jpg,Pneumonia-Bacterial,test
C:\Users\Admin\Desktop\dataset train\Dataset\Pneumonia-Bacterial\Pneumonia-Bacterial (305).jpg,Pneumonia-Bacterial,test
C:\Users\Admin\Desktop\dataset train\Dataset\Pneumonia-Bacterial\Pneumonia-Bacterial (130).jpg,Pneumonia-Bacterial,test
C:\Users\Admin\Desktop\dataset train\Dataset\COVID\COVID-19 (518).jpg,COVID,test
C:\Users\Admin\Desktop\dataset train\Dataset\Normal\Normal (1031).jpg,Normal,test
C:\Users\Admin\Desktop\dataset train\Dataset\Normal\Normal (977).jpg,Normal,test
C:\Users\Admin\Desktop\dataset train\Dataset\Normal\Normal (632).jpg,Normal,test
C:\Users\Admin\Desktop\dataset train\Dataset\Normal\Normal (1075).jpg,Normal,test
C:\Users\Admin\Desktop\dataset train\Dataset\COVID\COVID-19 (270).jpg,COVID,test
C:\Users\Admin\Desktop\dataset train\Dataset\COVID\COVID-19 (694).jpg,COVID,test
C:\Users\Admin\Desktop\dataset train\Dataset\Pneumonia-Bacterial\Pneumonia-Bacterial (2090).jpg,Pneumonia-Bacterial,test
C:\Users\Admin\Desktop\dataset train\Dataset\Pneumonia-Bacterial\Pneumonia-Bacterial (191).jpg,Pneumonia-Bacterial,test
C:\Users\Admin\Desktop\dataset train\Dataset\Pneumonia-Viral\Pneumonia-Viral (1601).jpg,Pneumonia-Viral,test
C:\Users\Admin\Desktop\dataset train\Dataset\Normal\Normal (379).jpg,Normal,test
C:\Users\Admin\Desktop\dataset train\Dataset\Pneumonia-Bacterial\Pneumonia-Bacterial (46).jpg,Pneumonia-Bacterial,test
C:\Users\Admin\Desktop\dataset train\Dataset\Normal\Normal (1871).jpg,Normal,test
C:\Users\Admin\Desktop\dataset train\Dataset\Pneumonia-Viral\Pneumonia-Viral (1652).jpg,Pneumonia-Viral,test
C:\Users\Admin\Desktop\dataset train\Dataset\Pneumonia-Bacterial\Pneumonia-Bacterial (1267).jpg,Pneumonia-Bacterial,test
C:\Users\Admin\Desktop\dataset train\Dataset\Pneumonia-Viral\Pneumonia-Viral (1571).jpg,Pneumonia-Viral,test
C:\Users\Admin\Desktop\dataset train\Dataset\COVID\COVID-19 (239).jpg,COVID,test
C:\Users\Admin\Desktop\dataset train\Dataset\Pneumonia-Bacterial\Pneumonia-Bacterial (1722).jpg,Pneumonia-Bacterial,test
C:\Users\Admin\Desktop\dataset train\Dataset\COVID\COVID-19 (771).jpg,COVID,test
C:\Users\Admin\Desktop\dataset train\Dataset\Pneumonia-Bacterial\Pneumonia-Bacterial (1829).jpg,Pneumonia-Bacterial,test
C:\Users\Admin\Desktop\dataset train\Dataset\COVID\COVID-19 (105).jpg,COVID,test
C:\Users\Admin\Desktop\dataset train\Dataset\COVID\COVID-19 (426).jpg,COVID,test
C:\Users\Admin\Desktop\dataset train\Dataset\Pneumonia-Bacterial\Pneumonia-Bacterial (1033).jpg,Pneumonia-Bacterial,test
C:\Users\Admin\Desktop\dataset train\Dataset\Pneumonia-Viral\Pneumonia-Viral (1648).jpg,Pneumonia-Viral,test
C:\Users\Admin\Desktop\dataset train\Dataset\COVID\COVID-19 (980).jpg,COVID,test
C:\Users\Admin\Desktop\dataset train\Dataset\Pneumonia-Viral\Pneumonia-Viral (887).jpg,Pneumonia-Viral,test
C:\Users\Admin\Desktop\dataset train\Dataset\Pneumonia-Viral\Pneumonia-Viral (747).jpg,Pneumonia-Viral,test
C:\Users\Admin\Desktop\dataset train\Dataset\Normal\Normal (1022).jpg,Normal,test
C:\Users\Admin\Desktop\dataset train\Dataset\Pneumonia-Bacterial\Pneumonia-Bacterial (2710).jpg,Pneumonia-Bacterial,test
C:\Users\Admin\Desktop\dataset train\Dataset\Normal\Normal (2424).jpg,Normal,test
C:\Users\Admin\Desktop\dataset train\Dataset\Normal\Normal (2119).jpg,Normal,test
C:\Users\Admin\Desktop\dataset train\Dataset\Pneumonia-Bacterial\Pneumonia-Bacterial (2981).jpg,Pneumonia-Bacterial,test
C:\Users\Admin\Desktop\dataset train\Dataset\Normal\Normal (962).jpg,Normal,test
C:\Users\Admin\Desktop\dataset train\Dataset\Pneumonia-Bacterial\Pneumonia-Bacterial (69).jpg,Pneumonia-Bacterial,test
C:\Users\Admin\Desktop\dataset train\Dataset\Pneumonia-Bacterial\Pneumonia-Bacterial (679).jpg,Pneumonia-Bacterial,test
C:\Users\Admin\Desktop\dataset train\Dataset\Normal\Normal (2369).jpg,Normal,test
C:\Users\Admin\Desktop\dataset train\Dataset\Pneumonia-Viral\Pneumonia-Viral (1393).jpg,Pneumonia-Viral,test
C:\Users\Admin\Desktop\dataset train\Dataset\Normal\Normal (1713).jpg,Normal,test
C:\Users\Admin\Desktop\dataset train\Dataset\Normal\Normal (231).jpg,Normal,test
C:\Users\Admin\Desktop\dataset train\Dataset\Pneumonia-Bacterial\Pneumonia-Bacterial (291).jpg,Pneumonia-Bacterial,test
C:\Users\Admin\Desktop\dataset train\Dataset\Normal\Normal (1165).jpg,Normal,test
C:\Users\Admin\Desktop\dataset train\Dataset\Pneumonia-Viral\Pneumonia-Viral (673).jpg,Pneumonia-Viral,test
C:\Users\Admin\Desktop\dataset train\Dataset\Normal\Normal (1874).jpg,Normal,test
C:\Users\Admin\Desktop\dataset train\Dataset\Normal\Normal (2847).jpg,Normal,test
C:\Users\Admin\Desktop\dataset train\Dataset\Pneumonia-Bacterial\Pneumonia-Bacterial (222).jpg,Pneumonia-Bacterial,test
C:\Users\Admin\Desktop\dataset train\Dataset\Pneumonia-Bacterial\Pneumonia-Bacterial (2280).jpg,Pneumonia-Bacterial,test
C:\Users\Admin\Desktop\dataset train\Dataset\Normal\Normal (1899).jpg,Normal,test
C:\Users\Admin\Desktop\dataset train\Dataset\Normal\Normal (924).jpg,Normal,test
C:\Users\Admin\Desktop\dataset train\Dataset\Normal\Normal (2799).jpg,Normal,test
C:\Users\Admin\Desktop\dataset train\Dataset\Pneumonia-Viral\Pneumonia-Viral (1533).jpg,Pneumonia-Viral,test
C:\Users\Admin\Desktop\dataset train\Dataset\Normal\Normal (3041).jpg,Normal,test
C:\Users\Admin\Desktop\dataset train\Dataset\Pneumonia-Bacterial\Pneumonia-Bacterial (2174).jpg,Pneumonia-Bacterial,test
C:\Users\Admin\Desktop\dataset train\Dataset\Normal\Normal (3014).jpg,Normal,test
C:\Users\Admin\Desktop\dataset train\Dataset\Pneumonia-Bacterial\Pneumonia-Bacterial (2073).jpg,Pneumonia-Bacterial,test
C:\Users\Admin\Desktop\dataset train\Dataset\COVID\COVID-19 (269).jpg,COVID,test
C:\Users\Admin\Desktop\dataset train\Dataset\Pneumonia-Viral\Pneumonia-Viral (575).jpg,Pneumonia-Viral,test
C:\Users\Admin\Desktop\dataset train\Dataset\COVID\COVID-19 (202).jpg,COVID,test
C:\Users\Admin\Desktop\dataset train\Dataset\Pneumonia-Viral\Pneumonia-Viral (1099).jpg,Pneumonia-Viral,test
C:\Users\Admin\Desktop\dataset train\Dataset\Pneumonia-Bacterial\Pneumonia-Bacterial (210).jpg,Pneumonia-Bacterial,test
C:\Users\Admin\Desktop\dataset train\Dataset\COVID\COVID-19 (893).jpg,COVID,test
C:\Users\Admin\Desktop\dataset train\Dataset\COVID\COVID-19 (1148).jpg,COVID,test
C:\Users\Admin\Desktop\dataset train\Dataset\Normal\Normal (1325).jpg,Normal,test
C:\Users\Admin\Desktop\dataset train\Dataset\Pneumonia-Bacterial\Pneumonia-Bacterial (991).jpg,Pneumonia-Bacterial,test
C:\Users\Admin\Desktop\dataset train\Dataset\Normal\Normal (312).jpg,Normal,test
C:\Users\Admin\Desktop\dataset train\Dataset\Pneumonia-Viral\Pneumonia-Viral (1323).jpg,Pneumonia-Viral,test
C:\Users\Admin\Desktop\dataset train\Dataset\Pneumonia-Bacterial\Pneumonia-Bacterial (1505).jpg,Pneumonia-Bacterial,test
C:\Users\Admin\Desktop\dataset train\Dataset\Pneumonia-Bacterial\Pneumonia-Bacterial (2835).jpg,Pneumonia-Bacterial,test
C:\Users\Admin\Desktop\dataset train\Dataset\Pneumonia-Viral\Pneumonia-Viral (1349).jpg,Pneumonia-Viral,test
C:\Users\Admin\Desktop\dataset train\Dataset\COVID\COVID-19 (972).jpg,COVID,test
C:\Users\Admin\Desktop\dataset train\Dataset\Pneumonia-Bacterial\Pneumonia-Bacterial (2587).jpg,Pneumonia-Bacterial,test
C:\Users\Admin\Desktop\dataset train\Dataset\Pneumonia-Viral\Pneumonia-Viral (1267).jpg,Pneumonia-Viral,test
C:\Users\Admin\Desktop\dataset train\Dataset\Pneumonia-Viral\Pneumonia-Viral (256).jpg,Pneumonia-Viral,test
C:\Users\Admin\Desktop\dataset train\Dataset\Pneumonia-Bacterial\Pneumonia-Bacterial (596).jpg,Pneumonia-Bacterial,test
C:\Users\Admin\Desktop\dataset train\Dataset\Normal\Normal (938).jpg,Normal,test
C:\Users\Admin\Desktop\dataset train\Dataset\Pneumonia-Bacterial\Pneumonia-Bacterial (807).jpg,Pneumonia-Bacterial,test
C:\Users\Admin\Desktop\dataset train\Dataset\Pneumonia-Bacterial\Pneumonia-Bacterial (2626).jpg,Pneumonia-Bacterial,test
C:\Users\Admin\Desktop\dataset train\Dataset\Normal\Normal (326).jpg,Normal,test
C:\Users\Admin\Desktop\dataset train\Dataset\Normal\Normal (1705).jpg,Normal,test
C:\Users\Admin\Desktop\dataset train\Dataset\COVID\COVID-19 (831).jpg,COVID,test
C:\Users\Admin\Desktop\dataset train\Dataset\Pneumonia-Viral\Pneumonia-Viral (617).jpg,Pneumonia-Viral,test
C:\Users\Admin\Desktop\dataset train\Dataset\COVID\COVID-19 (594).jpg,COVID,test
C:\Users\Admin\Desktop\dataset train\Dataset\Normal\Normal (1981).jpg,Normal,test
C:\Users\Admin\Desktop\dataset train\Dataset\Pneumonia-Bacterial\Pneumonia-Bacterial (51).jpg,Pneumonia-Bacterial,test
C:\Users\Admin\Desktop\dataset train\Dataset\Pneumonia-Bacterial\Pneumonia-Bacterial (734).jpg,Pneumonia-Bacterial,test
C:\Users\Admin\Desktop\dataset train\Dataset\Pneumonia-Bacterial\Pneumonia-Bacterial (88).jpg,Pneumonia-Bacterial,test
C:\Users\Admin\Desktop\dataset train\Dataset\Pneumonia-Bacterial\Pneumonia-Bacterial (39).jpg,Pneumonia-Bacterial,test
C:\Users\Admin\Desktop\dataset train\Dataset\Pneumonia-Bacterial\Pneumonia-Bacterial (570).jpg,Pneumonia-Bacterial,test
C:\Users\Admin\Desktop\dataset train\Dataset\Pneumonia-Bacterial\Pneumonia-Bacterial (2000).jpg,Pneumonia-Bacterial,test
C:\Users\Admin\Desktop\dataset train\Dataset\Pneumonia-Bacterial\Pneumonia-Bacterial (651).jpg,Pneumonia-Bacterial,test
C:\Users\Admin\Desktop\dataset train\Dataset\Normal\Normal (3189).jpg,Normal,test
C:\Users\Admin\Desktop\dataset train\Dataset\Pneumonia-Bacterial\Pneumonia-Bacterial (2968).jpg,Pneumonia-Bacterial,test
C:\Users\Admin\Desktop\dataset train\Dataset\Normal\Normal (1242).jpg,Normal,test
C:\Users\Admin\Desktop\dataset train\Dataset\Normal\Normal (400).jpg,Normal,test
C:\Users\Admin\Desktop\dataset train\Dataset\COVID\COVID-19 (468).jpg,COVID,test
C:\Users\Admin\Desktop\dataset train\Dataset\Normal\Normal (1218).jpg,Normal,test
C:\Users\Admin\Desktop\dataset train\Dataset\Pneumonia-Bacterial\Pneumonia-Bacterial (1101).jpg,Pneumonia-Bacterial,test
C:\Users\Admin\Desktop\dataset train\Dataset\Normal\Normal (1232).jpg,Normal,test
C:\Users\Admin\Desktop\dataset train\Dataset\Normal\Normal (378).jpg,Normal,test
C:\Users\Admin\Desktop\dataset train\Dataset\Pneumonia-Viral\Pneumonia-Viral (719).jpg,Pneumonia-Viral,test
C:\Users\Admin\Desktop\dataset train\Dataset\Normal\Normal (979).jpg,Normal,test
C:\Users\Admin\Desktop\dataset train\Dataset\Normal\Normal (1255).jpg,Normal,test
C:\Users\Admin\Desktop\dataset train\Dataset\Pneumonia-Viral\Pneumonia-Viral (199).jpg,Pneumonia-Viral,test
C:\Users\Admin\Desktop\dataset train\Dataset\Normal\Normal (2897).jpg,Normal,test
C:\Users\Admin\Desktop\dataset train\Dataset\Pneumonia-Viral\Pneumonia-Viral (1211).jpg,Pneumonia-Viral,test
C:\Users\Admin\Desktop\dataset train\Dataset\Normal\Normal (1263).jpg,Normal,test
C:\Users\Admin\Desktop\dataset train\Dataset\Normal\Normal (756).jpg,Normal,test
C:\Users\Admin\Desktop\dataset train\Dataset\Normal\Normal (3254).jpg,Normal,test
C:\Users\Admin\Desktop\dataset train\Dataset\Pneumonia-Bacterial\Pneumonia-Bacterial (72).jpg,Pneumonia-Bacterial,test
C:\Users\Admin\Desktop\dataset train\Dataset\Pneumonia-Viral\Pneumonia-Viral (176).jpg,Pneumonia-Viral,test
C:\Users\Admin\Desktop\dataset train\Dataset\Normal\Normal (299).jpg,Normal,test
C:\Users\Admin\Desktop\dataset train\Dataset\Normal\Normal (2736).jpg,Normal,test
C:\Users\Admin\Desktop\dataset train\Dataset\Pneumonia-Bacterial\Pneumonia-Bacterial (326).jpg,Pneumonia-Bacterial,test
C:\Users\Admin\Desktop\dataset train\Dataset\Normal\Normal (594).jpg,Normal,test
C:\Users\Admin\Desktop\dataset train\Dataset\Normal\Normal (1886).jpg,Normal,test
C:\Users\Admin\Desktop\dataset train\Dataset\Pneumonia-Viral\Pneumonia-Viral (1011).jpg,Pneumonia-Viral,test
C:\Users\Admin\Desktop\dataset train\Dataset\Normal\Normal (7).jpg,Normal,test
C:\Users\Admin\Desktop\dataset train\Dataset\Normal\Normal (623).jpg,Normal,test
C:\Users\Admin\Desktop\dataset train\Dataset\Normal\Normal (202).jpg,Normal,test
C:\Users\Admin\Desktop\dataset train\Dataset\Pneumonia-Viral\Pneumonia-Viral (599).jpg,Pneumonia-Viral,test
C:\Users\Admin\Desktop\dataset train\Dataset\Pneumonia-Bacterial\Pneumonia-Bacterial (490).jpg,Pneumonia-Bacterial,test
C:\Users\Admin\Desktop\dataset train\Dataset\Pneumonia-Bacterial\Pneumonia-Bacterial (882).jpg,Pneumonia-Bacterial,test
C:\Users\Admin\Desktop\dataset train\Dataset\Pneumonia-Bacterial\Pneumonia-Bacterial (2775).jpg,Pneumonia-Bacterial,test
C:\Users\Admin\Desktop\dataset train\Dataset\Normal\Normal (2020).jpg,Normal,test
C:\Users\Admin\Desktop\dataset train\Dataset\Pneumonia-Bacterial\Pneumonia-Bacterial (1759).jpg,Pneumonia-Bacterial,test
C:\Users\Admin\Desktop\dataset train\Dataset\Normal\Normal (2795).jpg,Normal,test
C:\Users\Admin\Desktop\dataset train\Dataset\Pneumonia-Viral\Pneumonia-Viral (33).jpg,Pneumonia-Viral,test
C:\Users\Admin\Desktop\dataset train\Dataset\Pneumonia-Viral\Pneumonia-Viral (1060).jpg,Pneumonia-Viral,test
C:\Users\Admin\Desktop\dataset train\Dataset\Pneumonia-Bacterial\Pneumonia-Bacterial (2367).jpg,Pneumonia-Bacterial,test
C:\Users\Admin\Desktop\dataset train\Dataset\COVID\COVID-19 (423).jpg,COVID,test
C:\Users\Admin\Desktop\dataset train\Dataset\Normal\Normal (570).jpg,Normal,test
C:\Users\Admin\Desktop\dataset train\Dataset\COVID\COVID-19 (1215).jpg,COVID,test
C:\Users\Admin\Desktop\dataset train\Dataset\Normal\Normal (1909).jpg,Normal,test
C:\Users\Admin\Desktop\dataset train\Dataset\Pneumonia-Bacterial\Pneumonia-Bacterial (487).jpg,Pneumonia-Bacterial,test
C:\Users\Admin\Desktop\dataset train\Dataset\COVID\COVID-19 (36).jpg,COVID,test
C:\Users\Admin\Desktop\dataset train\Dataset\COVID\COVID-19 (1017).jpg,COVID,test
C:\Users\Admin\Desktop\dataset train\Dataset\Pneumonia-Bacterial\Pneumonia-Bacterial (2964).jpg,Pneumonia-Bacterial,test
C:\Users\Admin\Desktop\dataset train\Dataset\Pneumonia-Bacterial\Pneumonia-Bacterial (54).jpg,Pneumonia-Bacterial,test
C:\Users\Admin\Desktop\dataset train\Dataset\Pneumonia-Bacterial\Pneumonia-Bacterial (1584).jpg,Pneumonia-Bacterial,test
C:\Users\Admin\Desktop\dataset train\Dataset\Normal\Normal (2257).jpg,Normal,test
C:\Users\Admin\Desktop\dataset train\Dataset\Normal\Normal (3186).jpg,Normal,test
C:\Users\Admin\Desktop\dataset train\Dataset\Pneumonia-Bacterial\Pneumonia-Bacterial (1475).jpg,Pneumonia-Bacterial,test
C:\Users\Admin\Desktop\dataset train\Dataset\Normal\Normal (248).jpg,Normal,test
C:\Users\Admin\Desktop\dataset train\Dataset\Pneumonia-Viral\Pneumonia-Viral (858).jpg,Pneumonia-Viral,test
C:\Users\Admin\Desktop\dataset train\Dataset\Pneumonia-Viral\Pneumonia-Viral (983).jpg,Pneumonia-Viral,test
C:\Users\Admin\Desktop\dataset train\Dataset\Pneumonia-Viral\Pneumonia-Viral (607).jpg,Pneumonia-Viral,test
C:\Users\Admin\Desktop\dataset train\Dataset\Pneumonia-Bacterial\Pneumonia-Bacterial (2991).jpg,Pneumonia-Bacterial,test
C:\Users\Admin\Desktop\dataset train\Dataset\Normal\Normal (1033).jpg,Normal,test
C:\Users\Admin\Desktop\dataset train\Dataset\Pneumonia-Viral\Pneumonia-Viral (672).jpg,Pneumonia-Viral,test
C:\Users\Admin\Desktop\dataset train\Dataset\COVID\COVID-19 (1180).jpg,COVID,test
C:\Users\Admin\Desktop\dataset train\Dataset\Pneumonia-Viral\Pneumonia-Viral (1486).jpg,Pneumonia-Viral,test
C:\Users\Admin\Desktop\dataset train\Dataset\Pneumonia-Bacterial\Pneumonia-Bacterial (2904).jpg,Pneumonia-Bacterial,test
C:\Users\Admin\Desktop\dataset train\Dataset\Pneumonia-Viral\Pneumonia-Viral (1106).jpg,Pneumonia-Viral,test
C:\Users\Admin\Desktop\dataset train\Dataset\Pneumonia-Bacterial\Pneumonia-Bacterial (1275).jpg,Pneumonia-Bacterial,test
C:\Users\Admin\Desktop\dataset train\Dataset\Pneumonia-Bacterial\Pneumonia-Bacterial (1477).jpg,Pneumonia-Bacterial,test
C:\Users\Admin\Desktop\dataset train\Dataset\Normal\Normal (2113).jpg,Normal,test
C:\Users\Admin\Desktop\dataset train\Dataset\Pneumonia-Bacterial\Pneumonia-Bacterial (1543).jpg,Pneumonia-Bacterial,test
C:\Users\Admin\Desktop\dataset train\Dataset\Pneumonia-Viral\Pneumonia-Viral (1108).jpg,Pneumonia-Viral,test
C:\Users\Admin\Desktop\dataset train\Dataset\Pneumonia-Bacterial\Pneumonia-Bacterial (1273).jpg,Pneumonia-Bacterial,test
C:\Users\Admin\Desktop\dataset train\Dataset\Pneumonia-Bacterial\Pneumonia-Bacterial (1840).jpg,Pneumonia-Bacterial,test
C:\Users\Admin\Desktop\dataset train\Dataset\Pneumonia-Bacterial\Pneumonia-Bacterial (112).jpg,Pneumonia-Bacterial,test
C:\Users\Admin\Desktop\dataset train\Dataset\Pneumonia-Bacterial\Pneumonia-Bacterial (124).jpg,Pneumonia-Bacterial,test
C:\Users\Admin\Desktop\dataset train\Dataset\Pneumonia-Bacterial\Pneumonia-Bacterial (2995).jpg,Pneumonia-Bacterial,test
C:\Users\Admin\Desktop\dataset train\Dataset\Pneumonia-Bacterial\Pneumonia-Bacterial (2019).jpg,Pneumonia-Bacterial,test
C:\Users\Admin\Desktop\dataset train\Dataset\Pneumonia-Viral\Pneumonia-Viral (926).jpg,Pneumonia-Viral,test
C:\Users\Admin\Desktop\dataset train\Dataset\Normal\Normal (974).jpg,Normal,test
C:\Users\Admin\Desktop\dataset train\Dataset\Pneumonia-Bacterial\Pneumonia-Bacterial (2198).jpg,Pneumonia-Bacterial,test
C:\Users\Admin\Desktop\dataset train\Dataset\Normal\Normal (2375).jpg,Normal,test
C:\Users\Admin\Desktop\dataset train\Dataset\Pneumonia-Bacterial\Pneumonia-Bacterial (1495).jpg,Pneumonia-Bacterial,test
C:\Users\Admin\Desktop\dataset train\Dataset\Pneumonia-Bacterial\Pneumonia-Bacterial (1184).jpg,Pneumonia-Bacterial,test
C:\Users\Admin\Desktop\dataset train\Dataset\Pneumonia-Bacterial\Pneumonia-Bacterial (1124).jpg,Pneumonia-Bacterial,test
C:\Users\Admin\Desktop\dataset train\Dataset\Pneumonia-Viral\Pneumonia-Viral (541).jpg,Pneumonia-Viral,test
C:\Users\Admin\Desktop\dataset train\Dataset\Pneumonia-Bacterial\Pneumonia-Bacterial (99).jpg,Pneumonia-Bacterial,test
C:\Users\Admin\Desktop\dataset train\Dataset\Pneumonia-Bacterial\Pneumonia-Bacterial (1421).jpg,Pneumonia-Bacterial,test
C:\Users\Admin\Desktop\dataset train\Dataset\Pneumonia-Viral\Pneumonia-Viral (1480).jpg,Pneumonia-Viral,test
C:\Users\Admin\Desktop\dataset train\Dataset\Pneumonia-Bacterial\Pneumonia-Bacterial (2513).jpg,Pneumonia-Bacterial,test
C:\Users\Admin\Desktop\dataset train\Dataset\Pneumonia-Bacterial\Pneumonia-Bacterial (1304).jpg,Pneumonia-Bacterial,test
C:\Users\Admin\Desktop\dataset train\Dataset\Pneumonia-Bacterial\Pneumonia-Bacterial (888).jpg,Pneumonia-Bacterial,test
C:\Users\Admin\Desktop\dataset train\Dataset\Pneumonia-Bacterial\Pneumonia-Bacterial (2869).jpg,Pneumonia-Bacterial,test
C:\Users\Admin\Desktop\dataset train\Dataset\Normal\Normal (3118).jpg,Normal,test
C:\Users\Admin\Desktop\dataset train\Dataset\COVID\COVID-19 (538).jpg,COVID,test
C:\Users\Admin\Desktop\dataset train\Dataset\COVID\COVID-19 (739).jpg,COVID,test
C:\Users\Admin\Desktop\dataset train\Dataset\Normal\Normal (171).jpg,Normal,test
C:\Users\Admin\Desktop\dataset train\Dataset\Normal\Normal (43).jpg,Normal,test
C:\Users\Admin\Desktop\dataset train\Dataset\Pneumonia-Bacterial\Pneumonia-Bacterial (815).jpg,Pneumonia-Bacterial,test
C:\Users\Admin\Desktop\dataset train\Dataset\Pneumonia-Viral\Pneumonia-Viral (1286).jpg,Pneumonia-Viral,test
C:\Users\Admin\Desktop\dataset train\Dataset\Pneumonia-Viral\Pneumonia-Viral (867).jpg,Pneumonia-Viral,test
C:\Users\Admin\Desktop\dataset train\Dataset\Pneumonia-Bacterial\Pneumonia-Bacterial (2224).jpg,Pneumonia-Bacterial,test
C:\Users\Admin\Desktop\dataset train\Dataset\Pneumonia-Viral\Pneumonia-Viral (359).jpg,Pneumonia-Viral,test
C:\Users\Admin\Desktop\dataset train\Dataset\Normal\Normal (767).jpg,Normal,test
C:\Users\Admin\Desktop\dataset train\Dataset\COVID\COVID-19 (769).jpg,COVID,test
C:\Users\Admin\Desktop\dataset train\Dataset\Pneumonia-Bacterial\Pneumonia-Bacterial (874).jpg,Pneumonia-Bacterial,test
C:\Users\Admin\Desktop\dataset train\Dataset\Normal\Normal (546).jpg,Normal,test
C:\Users\Admin\Desktop\dataset train\Dataset\Normal\Normal (518).jpg,Normal,test
C:\Users\Admin\Desktop\dataset train\Dataset\Normal\Normal (2538).jpg,Normal,test
C:\Users\Admin\Desktop\dataset train\Dataset\Pneumonia-Bacterial\Pneumonia-Bacterial (1398).jpg,Pneumonia-Bacterial,test
C:\Users\Admin\Desktop\dataset train\Dataset\COVID\COVID-19 (81).jpg,COVID,test
C:\Users\Admin\Desktop\dataset train\Dataset\Pneumonia-Viral\Pneumonia-Viral (800).jpg,Pneumonia-Viral,test
C:\Users\Admin\Desktop\dataset train\Dataset\Pneumonia-Bacterial\Pneumonia-Bacterial (2777).jpg,Pneumonia-Bacterial,test
C:\Users\Admin\Desktop\dataset train\Dataset\Pneumonia-Bacterial\Pneumonia-Bacterial (2003).jpg,Pneumonia-Bacterial,test
C:\Users\Admin\Desktop\dataset train\Dataset\Pneumonia-Bacterial\Pneumonia-Bacterial (1342).jpg,Pneumonia-Bacterial,test
C:\Users\Admin\Desktop\dataset train\Dataset\COVID\COVID-19 (1045).jpg,COVID,test
C:\Users\Admin\Desktop\dataset train\Dataset\COVID\COVID-19 (1126).jpg,COVID,test
C:\Users\Admin\Desktop\dataset train\Dataset\Pneumonia-Bacterial\Pneumonia-Bacterial (2748).jpg,Pneumonia-Bacterial,test
C:\Users\Admin\Desktop\dataset train\Dataset\COVID\COVID-19 (570).jpg,COVID,test
C:\Users\Admin\Desktop\dataset train\Dataset\Pneumonia-Bacterial\Pneumonia-Bacterial (1688).jpg,Pneumonia-Bacterial,test
C:\Users\Admin\Desktop\dataset train\Dataset\Pneumonia-Bacterial\Pneumonia-Bacterial (1040).jpg,Pneumonia-Bacterial,test
C:\Users\Admin\Desktop\dataset train\Dataset\Pneumonia-Bacterial\Pneumonia-Bacterial (1444).jpg,Pneumonia-Bacterial,test
C:\Users\Admin\Desktop\dataset train\Dataset\Pneumonia-Viral\Pneumonia-Viral (237).jpg,Pneumonia-Viral,test
C:\Users\Admin\Desktop\dataset train\Dataset\COVID\COVID-19 (1219).jpg,COVID,test
C:\Users\Admin\Desktop\dataset train\Dataset\Normal\Normal (1826).jpg,Normal,test
C:\Users\Admin\Desktop\dataset train\Dataset\Pneumonia-Bacterial\Pneumonia-Bacterial (604).jpg,Pneumonia-Bacterial,test
C:\Users\Admin\Desktop\dataset train\Dataset\Normal\Normal (1551).jpg,Normal,test
C:\Users\Admin\Desktop\dataset train\Dataset\COVID\COVID-19 (613).jpg,COVID,test
C:\Users\Admin\Desktop\dataset train\Dataset\Normal\Normal (1525).jpg,Normal,test
C:\Users\Admin\Desktop\dataset train\Dataset\Normal\Normal (727).jpg,Normal,test
C:\Users\Admin\Desktop\dataset train\Dataset\Pneumonia-Bacterial\Pneumonia-Bacterial (429).jpg,Pneumonia-Bacterial,test
C:\Users\Admin\Desktop\dataset train\Dataset\Normal\Normal (1338).jpg,Normal,test
C:\Users\Admin\Desktop\dataset train\Dataset\Normal\Normal (1467).jpg,Normal,test
C:\Users\Admin\Desktop\dataset train\Dataset\Pneumonia-Viral\Pneumonia-Viral (631).jpg,Pneumonia-Viral,test
C:\Users\Admin\Desktop\dataset train\Dataset\Normal\Normal (1784).jpg,Normal,test
C:\Users\Admin\Desktop\dataset train\Dataset\Pneumonia-Bacterial\Pneumonia-Bacterial (2106).jpg,Pneumonia-Bacterial,test
C:\Users\Admin\Desktop\dataset train\Dataset\Pneumonia-Bacterial\Pneumonia-Bacterial (2932).jpg,Pneumonia-Bacterial,test
C:\Users\Admin\Desktop\dataset train\Dataset\Pneumonia-Viral\Pneumonia-Viral (1003).jpg,Pneumonia-Viral,test
C:\Users\Admin\Desktop\dataset train\Dataset\Normal\Normal (1989).jpg,Normal,test
C:\Users\Admin\Desktop\dataset train\Dataset\Normal\Normal (2825).jpg,Normal,test
C:\Users\Admin\Desktop\dataset train\Dataset\Normal\Normal (224).jpg,Normal,test
C:\Users\Admin\Desktop\dataset train\Dataset\COVID\COVID-19 (285).jpg,COVID,test
C:\Users\Admin\Desktop\dataset train\Dataset\Pneumonia-Viral\Pneumonia-Viral (247).jpg,Pneumonia-Viral,test
C:\Users\Admin\Desktop\dataset train\Dataset\Normal\Normal (2945).jpg,Normal,test
C:\Users\Admin\Desktop\dataset train\Dataset\Normal\Normal (2059).jpg,Normal,test
C:\Users\Admin\Desktop\dataset train\Dataset\Normal\Normal (423).jpg,Normal,test
C:\Users\Admin\Desktop\dataset train\Dataset\COVID\COVID-19 (64).jpg,COVID,test
C:\Users\Admin\Desktop\dataset train\Dataset\Pneumonia-Bacterial\Pneumonia-Bacterial (215).jpg,Pneumonia-Bacterial,test
C:\Users\Admin\Desktop\dataset train\Dataset\Normal\Normal (3212).jpg,Normal,test
C:\Users\Admin\Desktop\dataset train\Dataset\Pneumonia-Viral\Pneumonia-Viral (1100).jpg,Pneumonia-Viral,test
C:\Users\Admin\Desktop\dataset train\Dataset\Pneumonia-Viral\Pneumonia-Viral (194).jpg,Pneumonia-Viral,test
C:\Users\Admin\Desktop\dataset train\Dataset\Pneumonia-Bacterial\Pneumonia-Bacterial (1091).jpg,Pneumonia-Bacterial,test
C:\Users\Admin\Desktop\dataset train\Dataset\COVID\COVID-19 (763).jpg,COVID,test
C:\Users\Admin\Desktop\dataset train\Dataset\Pneumonia-Bacterial\Pneumonia-Bacterial (209).jpg,Pneumonia-Bacterial,test
C:\Users\Admin\Desktop\dataset train\Dataset\Normal\Normal (2732).jpg,Normal,test
C:\Users\Admin\Desktop\dataset train\Dataset\Pneumonia-Bacterial\Pneumonia-Bacterial (658).jpg,Pneumonia-Bacterial,test
C:\Users\Admin\Desktop\dataset train\Dataset\Normal\Normal (2664).jpg,Normal,test
C:\Users\Admin\Desktop\dataset train\Dataset\Pneumonia-Bacterial\Pneumonia-Bacterial (733).jpg,Pneumonia-Bacterial,test
C:\Users\Admin\Desktop\dataset train\Dataset\Normal\Normal (498).jpg,Normal,test
C:\Users\Admin\Desktop\dataset train\Dataset\Normal\Normal (650).jpg,Normal,test
C:\Users\Admin\Desktop\dataset train\Dataset\COVID\COVID-19 (192).jpg,COVID,test
C:\Users\Admin\Desktop\dataset train\Dataset\Normal\Normal (575).jpg,Normal,test
C:\Users\Admin\Desktop\dataset train\Dataset\COVID\COVID-19 (82).jpg,COVID,test
C:\Users\Admin\Desktop\dataset train\Dataset\Pneumonia-Viral\Pneumonia-Viral (1413).jpg,Pneumonia-Viral,test
C:\Users\Admin\Desktop\dataset train\Dataset\Pneumonia-Bacterial\Pneumonia-Bacterial (1644).jpg,Pneumonia-Bacterial,test
C:\Users\Admin\Desktop\dataset train\Dataset\Normal\Normal (1632).jpg,Normal,test
C:\Users\Admin\Desktop\dataset train\Dataset\Normal\Normal (631).jpg,Normal,test
C:\Users\Admin\Desktop\dataset train\Dataset\Normal\Normal (18).jpg,Normal,test
C:\Users\Admin\Desktop\dataset train\Dataset\Pneumonia-Bacterial\Pneumonia-Bacterial (2849).jpg,Pneumonia-Bacterial,test
C:\Users\Admin\Desktop\dataset train\Dataset\Pneumonia-Bacterial\Pneumonia-Bacterial (2711).jpg,Pneumonia-Bacterial,test
C:\Users\Admin\Desktop\dataset train\Dataset\Pneumonia-Viral\Pneumonia-Viral (1200).jpg,Pneumonia-Viral,test
C:\Users\Admin\Desktop\dataset train\Dataset\Pneumonia-Bacterial\Pneumonia-Bacterial (1166).jpg,Pneumonia-Bacterial,test
C:\Users\Admin\Desktop\dataset train\Dataset\Normal\Normal (2856).jpg,Normal,test
C:\Users\Admin\Desktop\dataset train\Dataset\Pneumonia-Viral\Pneumonia-Viral (1274).jpg,Pneumonia-Viral,test
C:\Users\Admin\Desktop\dataset train\Dataset\Normal\Normal (922).jpg,Normal,test
C:\Users\Admin\Desktop\dataset train\Dataset\Pneumonia-Bacterial\Pneumonia-Bacterial (901).jpg,Pneumonia-Bacterial,test
C:\Users\Admin\Desktop\dataset train\Dataset\Normal\Normal (184).jpg,Normal,test
C:\Users\Admin\Desktop\dataset train\Dataset\Normal\Normal (2437).jpg,Normal,test
C:\Users\Admin\Desktop\dataset train\Dataset\Normal\Normal (952).jpg,Normal,test
C:\Users\Admin\Desktop\dataset train\Dataset\Pneumonia-Viral\Pneumonia-Viral (123).jpg,Pneumonia-Viral,test
C:\Users\Admin\Desktop\dataset train\Dataset\Normal\Normal (1223).jpg,Normal,test
C:\Users\Admin\Desktop\dataset train\Dataset\COVID\COVID-19 (331).jpg,COVID,test
C:\Users\Admin\Desktop\dataset train\Dataset\Normal\Normal (2978).jpg,Normal,test
C:\Users\Admin\Desktop\dataset train\Dataset\Normal\Normal (1240).jpg,Normal,test
C:\Users\Admin\Desktop\dataset train\Dataset\Normal\Normal (1124).jpg,Normal,test
C:\Users\Admin\Desktop\dataset train\Dataset\Normal\Normal (357).jpg,Normal,test
C:\Users\Admin\Desktop\dataset train\Dataset\Pneumonia-Bacterial\Pneumonia-Bacterial (2665).jpg,Pneumonia-Bacterial,test
C:\Users\Admin\Desktop\dataset train\Dataset\Pneumonia-Viral\Pneumonia-Viral (796).jpg,Pneumonia-Viral,test
C:\Users\Admin\Desktop\dataset train\Dataset\Pneumonia-Bacterial\Pneumonia-Bacterial (1164).jpg,Pneumonia-Bacterial,test
C:\Users\Admin\Desktop\dataset train\Dataset\Normal\Normal (614).jpg,Normal,test
C:\Users\Admin\Desktop\dataset train\Dataset\Pneumonia-Bacterial\Pneumonia-Bacterial (2845).jpg,Pneumonia-Bacterial,test
C:\Users\Admin\Desktop\dataset train\Dataset\Pneumonia-Bacterial\Pneumonia-Bacterial (2438).jpg,Pneumonia-Bacterial,test
C:\Users\Admin\Desktop\dataset train\Dataset\Pneumonia-Viral\Pneumonia-Viral (755).jpg,Pneumonia-Viral,test
C:\Users\Admin\Desktop\dataset train\Dataset\Pneumonia-Bacterial\Pneumonia-Bacterial (2692).jpg,Pneumonia-Bacterial,test
C:\Users\Admin\Desktop\dataset train\Dataset\COVID\COVID-19 (885).jpg,COVID,test
C:\Users\Admin\Desktop\dataset train\Dataset\Pneumonia-Bacterial\Pneumonia-Bacterial (749).jpg,Pneumonia-Bacterial,test
C:\Users\Admin\Desktop\dataset train\Dataset\COVID\COVID-19 (329).jpg,COVID,test
C:\Users\Admin\Desktop\dataset train\Dataset\Normal\Normal (239).jpg,Normal,test
C:\Users\Admin\Desktop\dataset train\Dataset\Normal\Normal (881).jpg,Normal,test
C:\Users\Admin\Desktop\dataset train\Dataset\Normal\Normal (891).jpg,Normal,test
C:\Users\Admin\Desktop\dataset train\Dataset\Normal\Normal (193).jpg,Normal,test
C:\Users\Admin\Desktop\dataset train\Dataset\Normal\Normal (1568).jpg,Normal,test
C:\Users\Admin\Desktop\dataset train\Dataset\Pneumonia-Bacterial\Pneumonia-Bacterial (401).jpg,Pneumonia-Bacterial,test
C:\Users\Admin\Desktop\dataset train\Dataset\Pneumonia-Viral\Pneumonia-Viral (1520).jpg,Pneumonia-Viral,test
C:\Users\Admin\Desktop\dataset train\Dataset\Normal\Normal (1530).jpg,Normal,test
C:\Users\Admin\Desktop\dataset train\Dataset\Pneumonia-Bacterial\Pneumonia-Bacterial (556).jpg,Pneumonia-Bacterial,test
C:\Users\Admin\Desktop\dataset train\Dataset\Pneumonia-Bacterial\Pneumonia-Bacterial (2646).jpg,Pneumonia-Bacterial,test
C:\Users\Admin\Desktop\dataset train\Dataset\Normal\Normal (3167).jpg,Normal,test
C:\Users\Admin\Desktop\dataset train\Dataset\Normal\Normal (528).jpg,Normal,test
C:\Users\Admin\Desktop\dataset train\Dataset\Pneumonia-Bacterial\Pneumonia-Bacterial (966).jpg,Pneumonia-Bacterial,test
C:\Users\Admin\Desktop\dataset train\Dataset\Normal\Normal (2015).jpg,Normal,test
C:\Users\Admin\Desktop\dataset train\Dataset\Pneumonia-Bacterial\Pneumonia-Bacterial (1204).jpg,Pneumonia-Bacterial,test
C:\Users\Admin\Desktop\dataset train\Dataset\COVID\COVID-19 (94).jpg,COVID,test
C:\Users\Admin\Desktop\dataset train\Dataset\Pneumonia-Viral\Pneumonia-Viral (888).jpg,Pneumonia-Viral,test
C:\Users\Admin\Desktop\dataset train\Dataset\Pneumonia-Viral\Pneumonia-Viral (884).jpg,Pneumonia-Viral,test
C:\Users\Admin\Desktop\dataset train\Dataset\Pneumonia-Bacterial\Pneumonia-Bacterial (2192).jpg,Pneumonia-Bacterial,test
C:\Users\Admin\Desktop\dataset train\Dataset\Pneumonia-Viral\Pneumonia-Viral (36).jpg,Pneumonia-Viral,test
C:\Users\Admin\Desktop\dataset train\Dataset\Pneumonia-Viral\Pneumonia-Viral (1564).jpg,Pneumonia-Viral,test
C:\Users\Admin\Desktop\dataset train\Dataset\Normal\Normal (2141).jpg,Normal,test
C:\Users\Admin\Desktop\dataset train\Dataset\Pneumonia-Bacterial\Pneumonia-Bacterial (500).jpg,Pneumonia-Bacterial,test
C:\Users\Admin\Desktop\dataset train\Dataset\Normal\Normal (10).jpg,Normal,test
C:\Users\Admin\Desktop\dataset train\Dataset\Pneumonia-Viral\Pneumonia-Viral (1440).jpg,Pneumonia-Viral,test
C:\Users\Admin\Desktop\dataset train\Dataset\Pneumonia-Viral\Pneumonia-Viral (266).jpg,Pneumonia-Viral,test
C:\Users\Admin\Desktop\dataset train\Dataset\COVID\COVID-19 (636).jpg,COVID,test
C:\Users\Admin\Desktop\dataset train\Dataset\Pneumonia-Bacterial\Pneumonia-Bacterial (12).jpg,Pneumonia-Bacterial,test
C:\Users\Admin\Desktop\dataset train\Dataset\COVID\COVID-19 (544).jpg,COVID,test
C:\Users\Admin\Desktop\dataset train\Dataset\Pneumonia-Bacterial\Pneumonia-Bacterial (1832).jpg,Pneumonia-Bacterial,test
C:\Users\Admin\Desktop\dataset train\Dataset\Pneumonia-Viral\Pneumonia-Viral (186).jpg,Pneumonia-Viral,test
C:\Users\Admin\Desktop\dataset train\Dataset\COVID\COVID-19 (668).jpg,COVID,test
C:\Users\Admin\Desktop\dataset train\Dataset\Pneumonia-Viral\Pneumonia-Viral (1225).jpg,Pneumonia-Viral,test
C:\Users\Admin\Desktop\dataset train\Dataset\COVID\COVID-19 (728).jpg,COVID,test
C:\Users\Admin\Desktop\dataset train\Dataset\Pneumonia-Bacterial\Pneumonia-Bacterial (952).jpg,Pneumonia-Bacterial,test
C:\Users\Admin\Desktop\dataset train\Dataset\Pneumonia-Bacterial\Pneumonia-Bacterial (1925).jpg,Pneumonia-Bacterial,test
C:\Users\Admin\Desktop\dataset train\Dataset\Pneumonia-Bacterial\Pneumonia-Bacterial (2673).jpg,Pneumonia-Bacterial,test
C:\Users\Admin\Desktop\dataset train\Dataset\Pneumonia-Viral\Pneumonia-Viral (1550).jpg,Pneumonia-Viral,test
C:\Users\Admin\Desktop\dataset train\Dataset\Pneumonia-Bacterial\Pneumonia-Bacterial (1212).jpg,Pneumonia-Bacterial,test
C:\Users\Admin\Desktop\dataset train\Dataset\Normal\Normal (1248).jpg,Normal,test
C:\Users\Admin\Desktop\dataset train\Dataset\Pneumonia-Bacterial\Pneumonia-Bacterial (1824).jpg,Pneumonia-Bacterial,test
C:\Users\Admin\Desktop\dataset train\Dataset\Pneumonia-Bacterial\Pneumonia-Bacterial (2417).jpg,Pneumonia-Bacterial,test
C:\Users\Admin\Desktop\dataset train\Dataset\Normal\Normal (2143).jpg,Normal,test
C:\Users\Admin\Desktop\dataset train\Dataset\Normal\Normal (561).jpg,Normal,test
C:\Users\Admin\Desktop\dataset train\Dataset\Normal\Normal (550).jpg,Normal,test
C:\Users\Admin\Desktop\dataset train\Dataset\Pneumonia-Bacterial\Pneumonia-Bacterial (1677).jpg,Pneumonia-Bacterial,test
C:\Users\Admin\Desktop\dataset train\Dataset\Normal\Normal (810).jpg,Normal,test
C:\Users\Admin\Desktop\dataset train\Dataset\Pneumonia-Bacterial\Pneumonia-Bacterial (1826).jpg,Pneumonia-Bacterial,test
C:\Users\Admin\Desktop\dataset train\Dataset\COVID\COVID-19 (210).jpg,COVID,test
C:\Users\Admin\Desktop\dataset train\Dataset\Pneumonia-Bacterial\Pneumonia-Bacterial (2846).jpg,Pneumonia-Bacterial,test
C:\Users\Admin\Desktop\dataset train\Dataset\Normal\Normal (3008).jpg,Normal,test
C:\Users\Admin\Desktop\dataset train\Dataset\Pneumonia-Bacterial\Pneumonia-Bacterial (1384).jpg,Pneumonia-Bacterial,test
C:\Users\Admin\Desktop\dataset train\Dataset\Normal\Normal (1098).jpg,Normal,test
C:\Users\Admin\Desktop\dataset train\Dataset\Normal\Normal (947).jpg,Normal,test
C:\Users\Admin\Desktop\dataset train\Dataset\Normal\Normal (929).jpg,Normal,test
C:\Users\Admin\Desktop\dataset train\Dataset\Pneumonia-Viral\Pneumonia-Viral (1412).jpg,Pneumonia-Viral,test
C:\Users\Admin\Desktop\dataset train\Dataset\Pneumonia-Bacterial\Pneumonia-Bacterial (2397).jpg,Pneumonia-Bacterial,test
C:\Users\Admin\Desktop\dataset train\Dataset\COVID\COVID-19 (304).jpg,COVID,test
C:\Users\Admin\Desktop\dataset train\Dataset\Normal\Normal (1950).jpg,Normal,test
C:\Users\Admin\Desktop\dataset train\Dataset\Normal\Normal (2185).jpg,Normal,test
C:\Users\Admin\Desktop\dataset train\Dataset\Pneumonia-Viral\Pneumonia-Viral (762).jpg,Pneumonia-Viral,test
C:\Users\Admin\Desktop\dataset train\Dataset\COVID\COVID-19 (1105).jpg,COVID,test
C:\Users\Admin\Desktop\dataset train\Dataset\Normal\Normal (1795).jpg,Normal,test
C:\Users\Admin\Desktop\dataset train\Dataset\Pneumonia-Bacterial\Pneumonia-Bacterial (2449).jpg,Pneumonia-Bacterial,test
C:\Users\Admin\Desktop\dataset train\Dataset\Pneumonia-Viral\Pneumonia-Viral (1352).jpg,Pneumonia-Viral,test
C:\Users\Admin\Desktop\dataset train\Dataset\Normal\Normal (2616).jpg,Normal,test
C:\Users\Admin\Desktop\dataset train\Dataset\COVID\COVID-19 (721).jpg,COVID,test
C:\Users\Admin\Desktop\dataset train\Dataset\Normal\Normal (2471).jpg,Normal,test
C:\Users\Admin\Desktop\dataset train\Dataset\Normal\Normal (2506).jpg,Normal,test
C:\Users\Admin\Desktop\dataset train\Dataset\Normal\Normal (2586).jpg,Normal,test
C:\Users\Admin\Desktop\dataset train\Dataset\Normal\Normal (980).jpg,Normal,test
C:\Users\Admin\Desktop\dataset train\Dataset\Pneumonia-Viral\Pneumonia-Viral (315).jpg,Pneumonia-Viral,test
C:\Users\Admin\Desktop\dataset train\Dataset\Pneumonia-Bacterial\Pneumonia-Bacterial (389).jpg,Pneumonia-Bacterial,test
C:\Users\Admin\Desktop\dataset train\Dataset\Normal\Normal (1636).jpg,Normal,test
C:\Users\Admin\Desktop\dataset train\Dataset\Pneumonia-Viral\Pneumonia-Viral (144).jpg,Pneumonia-Viral,test
C:\Users\Admin\Desktop\dataset train\Dataset\Pneumonia-Bacterial\Pneumonia-Bacterial (1878).jpg,Pneumonia-Bacterial,test
C:\Users\Admin\Desktop\dataset train\Dataset\Pneumonia-Bacterial\Pneumonia-Bacterial (1055).jpg,Pneumonia-Bacterial,test
C:\Users\Admin\Desktop\dataset train\Dataset\Pneumonia-Bacterial\Pneumonia-Bacterial (2783).jpg,Pneumonia-Bacterial,test
C:\Users\Admin\Desktop\dataset train\Dataset\Normal\Normal (3126).jpg,Normal,test
C:\Users\Admin\Desktop\dataset train\Dataset\Normal\Normal (703).jpg,Normal,test
C:\Users\Admin\Desktop\dataset train\Dataset\Pneumonia-Viral\Pneumonia-Viral (1540).jpg,Pneumonia-Viral,test
C:\Users\Admin\Desktop\dataset train\Dataset\Normal\Normal (1822).jpg,Normal,test
C:\Users\Admin\Desktop\dataset train\Dataset\Pneumonia-Bacterial\Pneumonia-Bacterial (2125).jpg,Pneumonia-Bacterial,test
C:\Users\Admin\Desktop\dataset train\Dataset\Pneumonia-Bacterial\Pneumonia-Bacterial (1225).jpg,Pneumonia-Bacterial,test
C:\Users\Admin\Desktop\dataset train\Dataset\Normal\Normal (1451).jpg,Normal,test
C:\Users\Admin\Desktop\dataset train\Dataset\Pneumonia-Viral\Pneumonia-Viral (1227).jpg,Pneumonia-Viral,test
C:\Users\Admin\Desktop\dataset train\Dataset\Pneumonia-Bacterial\Pneumonia-Bacterial (1702).jpg,Pneumonia-Bacterial,test
C:\Users\Admin\Desktop\dataset train\Dataset\Normal\Normal (2509).jpg,Normal,test
C:\Users\Admin\Desktop\dataset train\Dataset\Normal\Normal (558).jpg,Normal,test
C:\Users\Admin\Desktop\dataset train\Dataset\Pneumonia-Bacterial\Pneumonia-Bacterial (1620).jpg,Pneumonia-Bacterial,test
C:\Users\Admin\Desktop\dataset train\Dataset\Pneumonia-Bacterial\Pneumonia-Bacterial (2247).jpg,Pneumonia-Bacterial,test
C:\Users\Admin\Desktop\dataset train\Dataset\COVID\COVID-19 (127).jpg,COVID,test
C:\Users\Admin\Desktop\dataset train\Dataset\Normal\Normal (2174).jpg,Normal,test
C:\Users\Admin\Desktop\dataset train\Dataset\Normal\Normal (2470).jpg,Normal,test
C:\Users\Admin\Desktop\dataset train\Dataset\Pneumonia-Bacterial\Pneumonia-Bacterial (2104).jpg,Pneumonia-Bacterial,test
C:\Users\Admin\Desktop\dataset train\Dataset\Pneumonia-Bacterial\Pneumonia-Bacterial (456).jpg,Pneumonia-Bacterial,test
C:\Users\Admin\Desktop\dataset train\Dataset\Normal\Normal (1318).jpg,Normal,test
C:\Users\Admin\Desktop\dataset train\Dataset\Normal\Normal (2061).jpg,Normal,test
C:\Users\Admin\Desktop\dataset train\Dataset\Normal\Normal (2515).jpg,Normal,test
C:\Users\Admin\Desktop\dataset train\Dataset\Pneumonia-Bacterial\Pneumonia-Bacterial (950).jpg,Pneumonia-Bacterial,test
C:\Users\Admin\Desktop\dataset train\Dataset\COVID\COVID-19 (814).jpg,COVID,test
C:\Users\Admin\Desktop\dataset train\Dataset\Pneumonia-Bacterial\Pneumonia-Bacterial (2947).jpg,Pneumonia-Bacterial,test
C:\Users\Admin\Desktop\dataset train\Dataset\Normal\Normal (1897).jpg,Normal,test
C:\Users\Admin\Desktop\dataset train\Dataset\Pneumonia-Bacterial\Pneumonia-Bacterial (1397).jpg,Pneumonia-Bacterial,test
C:\Users\Admin\Desktop\dataset train\Dataset\Pneumonia-Viral\Pneumonia-Viral (411).jpg,Pneumonia-Viral,test
C:\Users\Admin\Desktop\dataset train\Dataset\Normal\Normal (3188).jpg,Normal,test
C:\Users\Admin\Desktop\dataset train\Dataset\COVID\COVID-19 (1167).jpg,COVID,test
C:\Users\Admin\Desktop\dataset train\Dataset\Normal\Normal (130).jpg,Normal,test
C:\Users\Admin\Desktop\dataset train\Dataset\Pneumonia-Viral\Pneumonia-Viral (1137).jpg,Pneumonia-Viral,test
C:\Users\Admin\Desktop\dataset train\Dataset\COVID\COVID-19 (5).jpg,COVID,test
C:\Users\Admin\Desktop\dataset train\Dataset\Pneumonia-Bacterial\Pneumonia-Bacterial (1545).jpg,Pneumonia-Bacterial,test
C:\Users\Admin\Desktop\dataset train\Dataset\Pneumonia-Bacterial\Pneumonia-Bacterial (2332).jpg,Pneumonia-Bacterial,test
C:\Users\Admin\Desktop\dataset train\Dataset\Pneumonia-Bacterial\Pneumonia-Bacterial (2832).jpg,Pneumonia-Bacterial,test
C:\Users\Admin\Desktop\dataset train\Dataset\Normal\Normal (2192).jpg,Normal,test
C:\Users\Admin\Desktop\dataset train\Dataset\Normal\Normal (1796).jpg,Normal,test
C:\Users\Admin\Desktop\dataset train\Dataset\Normal\Normal (333).jpg,Normal,test
C:\Users\Admin\Desktop\dataset train\Dataset\Pneumonia-Bacterial\Pneumonia-Bacterial (1277).jpg,Pneumonia-Bacterial,test
C:\Users\Admin\Desktop\dataset train\Dataset\Pneumonia-Bacterial\Pneumonia-Bacterial (26).jpg,Pneumonia-Bacterial,test
C:\Users\Admin\Desktop\dataset train\Dataset\Pneumonia-Bacterial\Pneumonia-Bacterial (756).jpg,Pneumonia-Bacterial,test
C:\Users\Admin\Desktop\dataset train\Dataset\Normal\Normal (776).jpg,Normal,test
C:\Users\Admin\Desktop\dataset train\Dataset\Normal\Normal (1794).jpg,Normal,test
C:\Users\Admin\Desktop\dataset train\Dataset\Pneumonia-Bacterial\Pneumonia-Bacterial (2720).jpg,Pneumonia-Bacterial,test
C:\Users\Admin\Desktop\dataset train\Dataset\COVID\COVID-19 (1228).jpg,COVID,test
C:\Users\Admin\Desktop\dataset train\Dataset\Pneumonia-Bacterial\Pneumonia-Bacterial (1793).jpg,Pneumonia-Bacterial,test
C:\Users\Admin\Desktop\dataset train\Dataset\Pneumonia-Bacterial\Pneumonia-Bacterial (2998).jpg,Pneumonia-Bacterial,test
C:\Users\Admin\Desktop\dataset train\Dataset\Pneumonia-Bacterial\Pneumonia-Bacterial (2213).jpg,Pneumonia-Bacterial,test
C:\Users\Admin\Desktop\dataset train\Dataset\COVID\COVID-19 (353).jpg,COVID,test
C:\Users\Admin\Desktop\dataset train\Dataset\Pneumonia-Viral\Pneumonia-Viral (1289).jpg,Pneumonia-Viral,test
C:\Users\Admin\Desktop\dataset train\Dataset\Pneumonia-Bacterial\Pneumonia-Bacterial (2538).jpg,Pneumonia-Bacterial,test
C:\Users\Admin\Desktop\dataset train\Dataset\Normal\Normal (2699).jpg,Normal,test
C:\Users\Admin\Desktop\dataset train\Dataset\Pneumonia-Bacterial\Pneumonia-Bacterial (1518).jpg,Pneumonia-Bacterial,test
C:\Users\Admin\Desktop\dataset train\Dataset\Pneumonia-Viral\Pneumonia-Viral (1207).jpg,Pneumonia-Viral,test
C:\Users\Admin\Desktop\dataset train\Dataset\Normal\Normal (2622).jpg,Normal,test
C:\Users\Admin\Desktop\dataset train\Dataset\COVID\COVID-19 (428).jpg,COVID,test
C:\Users\Admin\Desktop\dataset train\Dataset\COVID\COVID-19 (803).jpg,COVID,test
C:\Users\Admin\Desktop\dataset train\Dataset\Normal\Normal (2252).jpg,Normal,test
C:\Users\Admin\Desktop\dataset train\Dataset\Normal\Normal (221).jpg,Normal,test
C:\Users\Admin\Desktop\dataset train\Dataset\COVID\COVID-19 (86).jpg,COVID,test
C:\Users\Admin\Desktop\dataset train\Dataset\Pneumonia-Viral\Pneumonia-Viral (1502).jpg,Pneumonia-Viral,test
C:\Users\Admin\Desktop\dataset train\Dataset\Normal\Normal (2728).jpg,Normal,test
C:\Users\Admin\Desktop\dataset train\Dataset\Pneumonia-Viral\Pneumonia-Viral (1589).jpg,Pneumonia-Viral,test
C:\Users\Admin\Desktop\dataset train\Dataset\Normal\Normal (2593).jpg,Normal,test
C:\Users\Admin\Desktop\dataset train\Dataset\Normal\Normal (2423).jpg,Normal,test
C:\Users\Admin\Desktop\dataset train\Dataset\COVID\COVID-19 (652).jpg,COVID,test
C:\Users\Admin\Desktop\dataset train\Dataset\Normal\Normal (1625).jpg,Normal,test
C:\Users\Admin\Desktop\dataset train\Dataset\COVID\COVID-19 (909).jpg,COVID,test
C:\Users\Admin\Desktop\dataset train\Dataset\Pneumonia-Bacterial\Pneumonia-Bacterial (808).jpg,Pneumonia-Bacterial,test
C:\Users\Admin\Desktop\dataset train\Dataset\Normal\Normal (3042).jpg,Normal,test
C:\Users\Admin\Desktop\dataset train\Dataset\Normal\Normal (1677).jpg,Normal,test
C:\Users\Admin\Desktop\dataset train\Dataset\Normal\Normal (1357).jpg,Normal,test
C:\Users\Admin\Desktop\dataset train\Dataset\Pneumonia-Bacterial\Pneumonia-Bacterial (1134).jpg,Pneumonia-Bacterial,test
C:\Users\Admin\Desktop\dataset train\Dataset\COVID\COVID-19 (463).jpg,COVID,test
C:\Users\Admin\Desktop\dataset train\Dataset\Pneumonia-Viral\Pneumonia-Viral (1041).jpg,Pneumonia-Viral,test
C:\Users\Admin\Desktop\dataset train\Dataset\Normal\Normal (596).jpg,Normal,test
C:\Users\Admin\Desktop\dataset train\Dataset\Pneumonia-Bacterial\Pneumonia-Bacterial (103).jpg,Pneumonia-Bacterial,test
C:\Users\Admin\Desktop\dataset train\Dataset\Pneumonia-Bacterial\Pneumonia-Bacterial (2427).jpg,Pneumonia-Bacterial,test
C:\Users\Admin\Desktop\dataset train\Dataset\Pneumonia-Viral\Pneumonia-Viral (1551).jpg,Pneumonia-Viral,test
C:\Users\Admin\Desktop\dataset train\Dataset\Pneumonia-Viral\Pneumonia-Viral (252).jpg,Pneumonia-Viral,test
C:\Users\Admin\Desktop\dataset train\Dataset\Normal\Normal (712).jpg,Normal,test
C:\Users\Admin\Desktop\dataset train\Dataset\COVID\COVID-19 (448).jpg,COVID,test
C:\Users\Admin\Desktop\dataset train\Dataset\Pneumonia-Viral\Pneumonia-Viral (491).jpg,Pneumonia-Viral,test
C:\Users\Admin\Desktop\dataset train\Dataset\Normal\Normal (2977).jpg,Normal,test
C:\Users\Admin\Desktop\dataset train\Dataset\Normal\Normal (1118).jpg,Normal,test
C:\Users\Admin\Desktop\dataset train\Dataset\Normal\Normal (3108).jpg,Normal,test
C:\Users\Admin\Desktop\dataset train\Dataset\Normal\Normal (605).jpg,Normal,test
C:\Users\Admin\Desktop\dataset train\Dataset\Pneumonia-Bacterial\Pneumonia-Bacterial (2107).jpg,Pneumonia-Bacterial,test
C:\Users\Admin\Desktop\dataset train\Dataset\Normal\Normal (152).jpg,Normal,test
C:\Users\Admin\Desktop\dataset train\Dataset\COVID\COVID-19 (710).jpg,COVID,test
C:\Users\Admin\Desktop\dataset train\Dataset\Normal\Normal (851).jpg,Normal,test
C:\Users\Admin\Desktop\dataset train\Dataset\Normal\Normal (1367).jpg,Normal,test
C:\Users\Admin\Desktop\dataset train\Dataset\Pneumonia-Bacterial\Pneumonia-Bacterial (1122).jpg,Pneumonia-Bacterial,test
C:\Users\Admin\Desktop\dataset train\Dataset\COVID\COVID-19 (478).jpg,COVID,test
C:\Users\Admin\Desktop\dataset train\Dataset\Normal\Normal (3088).jpg,Normal,test
C:\Users\Admin\Desktop\dataset train\Dataset\Pneumonia-Viral\Pneumonia-Viral (448).jpg,Pneumonia-Viral,test
C:\Users\Admin\Desktop\dataset train\Dataset\Pneumonia-Bacterial\Pneumonia-Bacterial (1059).jpg,Pneumonia-Bacterial,test
C:\Users\Admin\Desktop\dataset train\Dataset\Pneumonia-Viral\Pneumonia-Viral (263).jpg,Pneumonia-Viral,test
C:\Users\Admin\Desktop\dataset train\Dataset\COVID\COVID-19 (89).jpg,COVID,test
C:\Users\Admin\Desktop\dataset train\Dataset\Pneumonia-Bacterial\Pneumonia-Bacterial (1614).jpg,Pneumonia-Bacterial,test
C:\Users\Admin\Desktop\dataset train\Dataset\Normal\Normal (1614).jpg,Normal,test
C:\Users\Admin\Desktop\dataset train\Dataset\Normal\Normal (215).jpg,Normal,test
C:\Users\Admin\Desktop\dataset train\Dataset\Pneumonia-Viral\Pneumonia-Viral (1065).jpg,Pneumonia-Viral,test
C:\Users\Admin\Desktop\dataset train\Dataset\Normal\Normal (597).jpg,Normal,test
C:\Users\Admin\Desktop\dataset train\Dataset\Pneumonia-Viral\Pneumonia-Viral (503).jpg,Pneumonia-Viral,test
C:\Users\Admin\Desktop\dataset train\Dataset\Normal\Normal (682).jpg,Normal,test
C:\Users\Admin\Desktop\dataset train\Dataset\Pneumonia-Viral\Pneumonia-Viral (105).jpg,Pneumonia-Viral,test
C:\Users\Admin\Desktop\dataset train\Dataset\Normal\Normal (1016).jpg,Normal,test
C:\Users\Admin\Desktop\dataset train\Dataset\Pneumonia-Viral\Pneumonia-Viral (1555).jpg,Pneumonia-Viral,test
C:\Users\Admin\Desktop\dataset train\Dataset\Normal\Normal (2911).jpg,Normal,test
C:\Users\Admin\Desktop\dataset train\Dataset\COVID\COVID-19 (908).jpg,COVID,test
C:\Users\Admin\Desktop\dataset train\Dataset\Pneumonia-Bacterial\Pneumonia-Bacterial (2542).jpg,Pneumonia-Bacterial,test
C:\Users\Admin\Desktop\dataset train\Dataset\Normal\Normal (998).jpg,Normal,test
C:\Users\Admin\Desktop\dataset train\Dataset\COVID\COVID-19 (625).jpg,COVID,test
C:\Users\Admin\Desktop\dataset train\Dataset\Normal\Normal (1430).jpg,Normal,test
C:\Users\Admin\Desktop\dataset train\Dataset\COVID\COVID-19 (960).jpg,COVID,test
C:\Users\Admin\Desktop\dataset train\Dataset\Pneumonia-Bacterial\Pneumonia-Bacterial (2082).jpg,Pneumonia-Bacterial,test
C:\Users\Admin\Desktop\dataset train\Dataset\Normal\Normal (1631).jpg,Normal,test
C:\Users\Admin\Desktop\dataset train\Dataset\Pneumonia-Bacterial\Pneumonia-Bacterial (849).jpg,Pneumonia-Bacterial,test
C:\Users\Admin\Desktop\dataset train\Dataset\Pneumonia-Bacterial\Pneumonia-Bacterial (16).jpg,Pneumonia-Bacterial,test
C:\Users\Admin\Desktop\dataset train\Dataset\Pneumonia-Viral\Pneumonia-Viral (366).jpg,Pneumonia-Viral,test
C:\Users\Admin\Desktop\dataset train\Dataset\Normal\Normal (1149).jpg,Normal,test
C:\Users\Admin\Desktop\dataset train\Dataset\Normal\Normal (1011).jpg,Normal,test
C:\Users\Admin\Desktop\dataset train\Dataset\COVID\COVID-19 (417).jpg,COVID,test
C:\Users\Admin\Desktop\dataset train\Dataset\COVID\COVID-19 (845).jpg,COVID,test
C:\Users\Admin\Desktop\dataset train\Dataset\COVID\COVID-19 (1253).jpg,COVID,test
C:\Users\Admin\Desktop\dataset train\Dataset\Pneumonia-Bacterial\Pneumonia-Bacterial (1447).jpg,Pneumonia-Bacterial,test
C:\Users\Admin\Desktop\dataset train\Dataset\Pneumonia-Viral\Pneumonia-Viral (1650).jpg,Pneumonia-Viral,test
C:\Users\Admin\Desktop\dataset train\Dataset\Pneumonia-Viral\Pneumonia-Viral (627).jpg,Pneumonia-Viral,test
C:\Users\Admin\Desktop\dataset train\Dataset\Pneumonia-Bacterial\Pneumonia-Bacterial (1346).jpg,Pneumonia-Bacterial,test
C:\Users\Admin\Desktop\dataset train\Dataset\Pneumonia-Viral\Pneumonia-Viral (1328).jpg,Pneumonia-Viral,test
C:\Users\Admin\Desktop\dataset train\Dataset\COVID\COVID-19 (681).jpg,COVID,test
C:\Users\Admin\Desktop\dataset train\Dataset\Pneumonia-Viral\Pneumonia-Viral (898).jpg,Pneumonia-Viral,test
C:\Users\Admin\Desktop\dataset train\Dataset\Normal\Normal (1910).jpg,Normal,test
C:\Users\Admin\Desktop\dataset train\Dataset\Pneumonia-Viral\Pneumonia-Viral (73).jpg,Pneumonia-Viral,test
C:\Users\Admin\Desktop\dataset train\Dataset\COVID\COVID-19 (142).jpg,COVID,test
C:\Users\Admin\Desktop\dataset train\Dataset\Normal\Normal (297).jpg,Normal,test
C:\Users\Admin\Desktop\dataset train\Dataset\Pneumonia-Bacterial\Pneumonia-Bacterial (2043).jpg,Pneumonia-Bacterial,test
C:\Users\Admin\Desktop\dataset train\Dataset\Normal\Normal (2834).jpg,Normal,test
C:\Users\Admin\Desktop\dataset train\Dataset\Pneumonia-Bacterial\Pneumonia-Bacterial (755).jpg,Pneumonia-Bacterial,test
C:\Users\Admin\Desktop\dataset train\Dataset\Normal\Normal (2265).jpg,Normal,test
C:\Users\Admin\Desktop\dataset train\Dataset\COVID\COVID-19 (773).jpg,COVID,test
C:\Users\Admin\Desktop\dataset train\Dataset\Pneumonia-Bacterial\Pneumonia-Bacterial (613).jpg,Pneumonia-Bacterial,test
C:\Users\Admin\Desktop\dataset train\Dataset\Normal\Normal (1145).jpg,Normal,test
C:\Users\Admin\Desktop\dataset train\Dataset\Normal\Normal (1272).jpg,Normal,test
C:\Users\Admin\Desktop\dataset train\Dataset\Pneumonia-Viral\Pneumonia-Viral (980).jpg,Pneumonia-Viral,test
C:\Users\Admin\Desktop\dataset train\Dataset\Pneumonia-Bacterial\Pneumonia-Bacterial (482).jpg,Pneumonia-Bacterial,test
C:\Users\Admin\Desktop\dataset train\Dataset\Normal\Normal (1147).jpg,Normal,test
C:\Users\Admin\Desktop\dataset train\Dataset\Pneumonia-Bacterial\Pneumonia-Bacterial (1862).jpg,Pneumonia-Bacterial,test
C:\Users\Admin\Desktop\dataset train\Dataset\Pneumonia-Bacterial\Pneumonia-Bacterial (2313).jpg,Pneumonia-Bacterial,test
C:\Users\Admin\Desktop\dataset train\Dataset\Pneumonia-Viral\Pneumonia-Viral (306).jpg,Pneumonia-Viral,test
C:\Users\Admin\Desktop\dataset train\Dataset\Normal\Normal (1710).jpg,Normal,test
C:\Users\Admin\Desktop\dataset train\Dataset\Pneumonia-Viral\Pneumonia-Viral (43).jpg,Pneumonia-Viral,test
C:\Users\Admin\Desktop\dataset train\Dataset\Normal\Normal (278).jpg,Normal,test
C:\Users\Admin\Desktop\dataset train\Dataset\Normal\Normal (840).jpg,Normal,test
C:\Users\Admin\Desktop\dataset train\Dataset\Normal\Normal (1645).jpg,Normal,test
C:\Users\Admin\Desktop\dataset train\Dataset\Normal\Normal (2403).jpg,Normal,test
C:\Users\Admin\Desktop\dataset train\Dataset\Pneumonia-Bacterial\Pneumonia-Bacterial (1979).jpg,Pneumonia-Bacterial,test
C:\Users\Admin\Desktop\dataset train\Dataset\Pneumonia-Bacterial\Pneumonia-Bacterial (1474).jpg,Pneumonia-Bacterial,test
C:\Users\Admin\Desktop\dataset train\Dataset\Pneumonia-Bacterial\Pneumonia-Bacterial (2685).jpg,Pneumonia-Bacterial,test
C:\Users\Admin\Desktop\dataset train\Dataset\Normal\Normal (256).jpg,Normal,test
C:\Users\Admin\Desktop\dataset train\Dataset\Normal\Normal (1740).jpg,Normal,test
C:\Users\Admin\Desktop\dataset train\Dataset\Pneumonia-Bacterial\Pneumonia-Bacterial (276).jpg,Pneumonia-Bacterial,test
C:\Users\Admin\Desktop\dataset train\Dataset\Normal\Normal (517).jpg,Normal,test
C:\Users\Admin\Desktop\dataset train\Dataset\Pneumonia-Bacterial\Pneumonia-Bacterial (1159).jpg,Pneumonia-Bacterial,test
C:\Users\Admin\Desktop\dataset train\Dataset\Normal\Normal (2128).jpg,Normal,test
C:\Users\Admin\Desktop\dataset train\Dataset\Pneumonia-Viral\Pneumonia-Viral (343).jpg,Pneumonia-Viral,test
C:\Users\Admin\Desktop\dataset train\Dataset\COVID\COVID-19 (1056).jpg,COVID,test
C:\Users\Admin\Desktop\dataset train\Dataset\Pneumonia-Bacterial\Pneumonia-Bacterial (2628).jpg,Pneumonia-Bacterial,test
C:\Users\Admin\Desktop\dataset train\Dataset\Pneumonia-Bacterial\Pneumonia-Bacterial (1574).jpg,Pneumonia-Bacterial,test
C:\Users\Admin\Desktop\dataset train\Dataset\Pneumonia-Bacterial\Pneumonia-Bacterial (1011).jpg,Pneumonia-Bacterial,test
C:\Users\Admin\Desktop\dataset train\Dataset\Pneumonia-Bacterial\Pneumonia-Bacterial (434).jpg,Pneumonia-Bacterial,test
C:\Users\Admin\Desktop\dataset train\Dataset\Pneumonia-Viral\Pneumonia-Viral (494).jpg,Pneumonia-Viral,test
C:\Users\Admin\Desktop\dataset train\Dataset\COVID\COVID-19 (911).jpg,COVID,test
C:\Users\Admin\Desktop\dataset train\Dataset\Pneumonia-Viral\Pneumonia-Viral (338).jpg,Pneumonia-Viral,test
C:\Users\Admin\Desktop\dataset train\Dataset\Pneumonia-Bacterial\Pneumonia-Bacterial (2543).jpg,Pneumonia-Bacterial,test
C:\Users\Admin\Desktop\dataset train\Dataset\COVID\COVID-19 (389).jpg,COVID,test
C:\Users\Admin\Desktop\dataset train\Dataset\Pneumonia-Viral\Pneumonia-Viral (1495).jpg,Pneumonia-Viral,test
C:\Users\Admin\Desktop\dataset train\Dataset\Pneumonia-Bacterial\Pneumonia-Bacterial (1446).jpg,Pneumonia-Bacterial,test
C:\Users\Admin\Desktop\dataset train\Dataset\Normal\Normal (660).jpg,Normal,test
C:\Users\Admin\Desktop\dataset train\Dataset\Normal\Normal (2800).jpg,Normal,test
C:\Users\Admin\Desktop\dataset train\Dataset\Pneumonia-Bacterial\Pneumonia-Bacterial (590).jpg,Pneumonia-Bacterial,test
C:\Users\Admin\Desktop\dataset train\Dataset\Pneumonia-Bacterial\Pneumonia-Bacterial (558).jpg,Pneumonia-Bacterial,test
C:\Users\Admin\Desktop\dataset train\Dataset\Pneumonia-Bacterial\Pneumonia-Bacterial (1890).jpg,Pneumonia-Bacterial,test
C:\Users\Admin\Desktop\dataset train\Dataset\COVID\COVID-19 (519).jpg,COVID,test
C:\Users\Admin\Desktop\dataset train\Dataset\COVID\COVID-19 (163).jpg,COVID,test
C:\Users\Admin\Desktop\dataset train\Dataset\COVID\COVID-19 (441).jpg,COVID,test
C:\Users\Admin\Desktop\dataset train\Dataset\Normal\Normal (585).jpg,Normal,test
C:\Users\Admin\Desktop\dataset train\Dataset\Normal\Normal (1673).jpg,Normal,test
C:\Users\Admin\Desktop\dataset train\Dataset\Normal\Normal (731).jpg,Normal,test
C:\Users\Admin\Desktop\dataset train\Dataset\COVID\COVID-19 (1235).jpg,COVID,test
C:\Users\Admin\Desktop\dataset train\Dataset\COVID\COVID-19 (759).jpg,COVID,test
C:\Users\Admin\Desktop\dataset train\Dataset\COVID\COVID-19 (194).jpg,COVID,test
C:\Users\Admin\Desktop\dataset train\Dataset\COVID\COVID-19 (462).jpg,COVID,test
C:\Users\Admin\Desktop\dataset train\Dataset\Pneumonia-Bacterial\Pneumonia-Bacterial (295).jpg,Pneumonia-Bacterial,test
C:\Users\Admin\Desktop\dataset train\Dataset\Normal\Normal (869).jpg,Normal,test
C:\Users\Admin\Desktop\dataset train\Dataset\Pneumonia-Bacterial\Pneumonia-Bacterial (2067).jpg,Pneumonia-Bacterial,test
C:\Users\Admin\Desktop\dataset train\Dataset\Pneumonia-Bacterial\Pneumonia-Bacterial (1891).jpg,Pneumonia-Bacterial,test
C:\Users\Admin\Desktop\dataset train\Dataset\Pneumonia-Bacterial\Pneumonia-Bacterial (2160).jpg,Pneumonia-Bacterial,test
C:\Users\Admin\Desktop\dataset train\Dataset\Pneumonia-Bacterial\Pneumonia-Bacterial (884).jpg,Pneumonia-Bacterial,test
C:\Users\Admin\Desktop\dataset train\Dataset\Pneumonia-Viral\Pneumonia-Viral (664).jpg,Pneumonia-Viral,test
C:\Users\Admin\Desktop\dataset train\Dataset\Pneumonia-Bacterial\Pneumonia-Bacterial (85).jpg,Pneumonia-Bacterial,test
C:\Users\Admin\Desktop\dataset train\Dataset\Pneumonia-Viral\Pneumonia-Viral (1630).jpg,Pneumonia-Viral,test
C:\Users\Admin\Desktop\dataset train\Dataset\Pneumonia-Viral\Pneumonia-Viral (1392).jpg,Pneumonia-Viral,test
C:\Users\Admin\Desktop\dataset train\Dataset\Pneumonia-Viral\Pneumonia-Viral (1026).jpg,Pneumonia-Viral,test
C:\Users\Admin\Desktop\dataset train\Dataset\COVID\COVID-19 (199).jpg,COVID,test
C:\Users\Admin\Desktop\dataset train\Dataset\Normal\Normal (348).jpg,Normal,test
C:\Users\Admin\Desktop\dataset train\Dataset\Pneumonia-Viral\Pneumonia-Viral (497).jpg,Pneumonia-Viral,test
C:\Users\Admin\Desktop\dataset train\Dataset\Normal\Normal (2850).jpg,Normal,test
C:\Users\Admin\Desktop\dataset train\Dataset\Normal\Normal (2499).jpg,Normal,test
C:\Users\Admin\Desktop\dataset train\Dataset\Normal\Normal (1933).jpg,Normal,test
C:\Users\Admin\Desktop\dataset train\Dataset\Pneumonia-Bacterial\Pneumonia-Bacterial (486).jpg,Pneumonia-Bacterial,test
C:\Users\Admin\Desktop\dataset train\Dataset\Normal\Normal (1912).jpg,Normal,test
C:\Users\Admin\Desktop\dataset train\Dataset\Pneumonia-Bacterial\Pneumonia-Bacterial (1837).jpg,Pneumonia-Bacterial,test
C:\Users\Admin\Desktop\dataset train\Dataset\Pneumonia-Bacterial\Pneumonia-Bacterial (2794).jpg,Pneumonia-Bacterial,test
C:\Users\Admin\Desktop\dataset train\Dataset\Pneumonia-Bacterial\Pneumonia-Bacterial (1163).jpg,Pneumonia-Bacterial,test
C:\Users\Admin\Desktop\dataset train\Dataset\Normal\Normal (1383).jpg,Normal,test
C:\Users\Admin\Desktop\dataset train\Dataset\COVID\COVID-19 (104).jpg,COVID,test
C:\Users\Admin\Desktop\dataset train\Dataset\Pneumonia-Viral\Pneumonia-Viral (981).jpg,Pneumonia-Viral,test
C:\Users\Admin\Desktop\dataset train\Dataset\Pneumonia-Viral\Pneumonia-Viral (710).jpg,Pneumonia-Viral,test
C:\Users\Admin\Desktop\dataset train\Dataset\Normal\Normal (1807).jpg,Normal,test
C:\Users\Admin\Desktop\dataset train\Dataset\Pneumonia-Bacterial\Pneumonia-Bacterial (1805).jpg,Pneumonia-Bacterial,test
C:\Users\Admin\Desktop\dataset train\Dataset\Pneumonia-Bacterial\Pneumonia-Bacterial (1913).jpg,Pneumonia-Bacterial,test
C:\Users\Admin\Desktop\dataset train\Dataset\Normal\Normal (68).jpg,Normal,test
C:\Users\Admin\Desktop\dataset train\Dataset\Pneumonia-Viral\Pneumonia-Viral (1435).jpg,Pneumonia-Viral,test
C:\Users\Admin\Desktop\dataset train\Dataset\Pneumonia-Bacterial\Pneumonia-Bacterial (473).jpg,Pneumonia-Bacterial,test
C:\Users\Admin\Desktop\dataset train\Dataset\COVID\COVID-19 (292).jpg,COVID,test
C:\Users\Admin\Desktop\dataset train\Dataset\Pneumonia-Bacterial\Pneumonia-Bacterial (1640).jpg,Pneumonia-Bacterial,test
C:\Users\Admin\Desktop\dataset train\Dataset\Pneumonia-Viral\Pneumonia-Viral (147).jpg,Pneumonia-Viral,test
C:\Users\Admin\Desktop\dataset train\Dataset\COVID\COVID-19 (967).jpg,COVID,test
C:\Users\Admin\Desktop\dataset train\Dataset\COVID\COVID-19 (884).jpg,COVID,test
C:\Users\Admin\Desktop\dataset train\Dataset\Normal\Normal (2240).jpg,Normal,test
C:\Users\Admin\Desktop\dataset train\Dataset\COVID\COVID-19 (1174).jpg,COVID,test
C:\Users\Admin\Desktop\dataset train\Dataset\Pneumonia-Bacterial\Pneumonia-Bacterial (1007).jpg,Pneumonia-Bacterial,test
C:\Users\Admin\Desktop\dataset train\Dataset\Normal\Normal (1047).jpg,Normal,test
C:\Users\Admin\Desktop\dataset train\Dataset\Pneumonia-Viral\Pneumonia-Viral (988).jpg,Pneumonia-Viral,test
C:\Users\Admin\Desktop\dataset train\Dataset\Pneumonia-Viral\Pneumonia-Viral (1318).jpg,Pneumonia-Viral,test
C:\Users\Admin\Desktop\dataset train\Dataset\Normal\Normal (2006).jpg,Normal,test
C:\Users\Admin\Desktop\dataset train\Dataset\Normal\Normal (769).jpg,Normal,test
C:\Users\Admin\Desktop\dataset train\Dataset\Normal\Normal (3099).jpg,Normal,test
C:\Users\Admin\Desktop\dataset train\Dataset\Normal\Normal (1520).jpg,Normal,test
C:\Users\Admin\Desktop\dataset train\Dataset\COVID\COVID-19 (1179).jpg,COVID,test
C:\Users\Admin\Desktop\dataset train\Dataset\Pneumonia-Bacterial\Pneumonia-Bacterial (1179).jpg,Pneumonia-Bacterial,test
C:\Users\Admin\Desktop\dataset train\Dataset\Pneumonia-Viral\Pneumonia-Viral (1152).jpg,Pneumonia-Viral,test
C:\Users\Admin\Desktop\dataset train\Dataset\Pneumonia-Bacterial\Pneumonia-Bacterial (869).jpg,Pneumonia-Bacterial,test
C:\Users\Admin\Desktop\dataset train\Dataset\Normal\Normal (1637).jpg,Normal,test
C:\Users\Admin\Desktop\dataset train\Dataset\Pneumonia-Bacterial\Pneumonia-Bacterial (569).jpg,Pneumonia-Bacterial,test
C:\Users\Admin\Desktop\dataset train\Dataset\Pneumonia-Bacterial\Pneumonia-Bacterial (855).jpg,Pneumonia-Bacterial,test
C:\Users\Admin\Desktop\dataset train\Dataset\Pneumonia-Viral\Pneumonia-Viral (1110).jpg,Pneumonia-Viral,test
C:\Users\Admin\Desktop\dataset train\Dataset\Normal\Normal (1854).jpg,Normal,test
C:\Users\Admin\Desktop\dataset train\Dataset\Pneumonia-Viral\Pneumonia-Viral (583).jpg,Pneumonia-Viral,test
C:\Users\Admin\Desktop\dataset train\Dataset\COVID\COVID-19 (535).jpg,COVID,test
C:\Users\Admin\Desktop\dataset train\Dataset\Pneumonia-Bacterial\Pneumonia-Bacterial (1471).jpg,Pneumonia-Bacterial,test
C:\Users\Admin\Desktop\dataset train\Dataset\Normal\Normal (2434).jpg,Normal,test
C:\Users\Admin\Desktop\dataset train\Dataset\Pneumonia-Viral\Pneumonia-Viral (1453).jpg,Pneumonia-Viral,test
C:\Users\Admin\Desktop\dataset train\Dataset\Normal\Normal (1857).jpg,Normal,test
C:\Users\Admin\Desktop\dataset train\Dataset\Pneumonia-Viral\Pneumonia-Viral (1402).jpg,Pneumonia-Viral,test
C:\Users\Admin\Desktop\dataset train\Dataset\Pneumonia-Bacterial\Pneumonia-Bacterial (2033).jpg,Pneumonia-Bacterial,test
C:\Users\Admin\Desktop\dataset train\Dataset\COVID\COVID-19 (501).jpg,COVID,test
C:\Users\Admin\Desktop\dataset train\Dataset\Pneumonia-Bacterial\Pneumonia-Bacterial (2717).jpg,Pneumonia-Bacterial,test
C:\Users\Admin\Desktop\dataset train\Dataset\Pneumonia-Bacterial\Pneumonia-Bacterial (1627).jpg,Pneumonia-Bacterial,test
C:\Users\Admin\Desktop\dataset train\Dataset\COVID\COVID-19 (1272).jpg,COVID,test
C:\Users\Admin\Desktop\dataset train\Dataset\COVID\COVID-19 (800).jpg,COVID,test
C:\Users\Admin\Desktop\dataset train\Dataset\Pneumonia-Bacterial\Pneumonia-Bacterial (494).jpg,Pneumonia-Bacterial,test
C:\Users\Admin\Desktop\dataset train\Dataset\Pneumonia-Viral\Pneumonia-Viral (1021).jpg,Pneumonia-Viral,test
C:\Users\Admin\Desktop\dataset train\Dataset\Normal\Normal (1017).jpg,Normal,test
C:\Users\Admin\Desktop\dataset train\Dataset\Pneumonia-Bacterial\Pneumonia-Bacterial (2595).jpg,Pneumonia-Bacterial,test
C:\Users\Admin\Desktop\dataset train\Dataset\Pneumonia-Viral\Pneumonia-Viral (1561).jpg,Pneumonia-Viral,test
C:\Users\Admin\Desktop\dataset train\Dataset\Pneumonia-Viral\Pneumonia-Viral (25).jpg,Pneumonia-Viral,test
C:\Users\Admin\Desktop\dataset train\Dataset\Pneumonia-Bacterial\Pneumonia-Bacterial (2866).jpg,Pneumonia-Bacterial,test
C:\Users\Admin\Desktop\dataset train\Dataset\Pneumonia-Bacterial\Pneumonia-Bacterial (2270).jpg,Pneumonia-Bacterial,test
C:\Users\Admin\Desktop\dataset train\Dataset\Normal\Normal (1690).jpg,Normal,test
C:\Users\Admin\Desktop\dataset train\Dataset\Pneumonia-Bacterial\Pneumonia-Bacterial (521).jpg,Pneumonia-Bacterial,test
C:\Users\Admin\Desktop\dataset train\Dataset\COVID\COVID-19 (439).jpg,COVID,test
C:\Users\Admin\Desktop\dataset train\Dataset\Normal\Normal (2877).jpg,Normal,test
C:\Users\Admin\Desktop\dataset train\Dataset\Normal\Normal (1270).jpg,Normal,test
C:\Users\Admin\Desktop\dataset train\Dataset\Pneumonia-Viral\Pneumonia-Viral (623).jpg,Pneumonia-Viral,test
C:\Users\Admin\Desktop\dataset train\Dataset\Pneumonia-Bacterial\Pneumonia-Bacterial (1636).jpg,Pneumonia-Bacterial,test
C:\Users\Admin\Desktop\dataset train\Dataset\Normal\Normal (780).jpg,Normal,test
C:\Users\Admin\Desktop\dataset train\Dataset\Normal\Normal (1934).jpg,Normal,test
C:\Users\Admin\Desktop\dataset train\Dataset\Pneumonia-Viral\Pneumonia-Viral (414).jpg,Pneumonia-Viral,test
C:\Users\Admin\Desktop\dataset train\Dataset\Pneumonia-Bacterial\Pneumonia-Bacterial (2420).jpg,Pneumonia-Bacterial,test
C:\Users\Admin\Desktop\dataset train\Dataset\Pneumonia-Bacterial\Pneumonia-Bacterial (1818).jpg,Pneumonia-Bacterial,test
C:\Users\Admin\Desktop\dataset train\Dataset\Normal\Normal (3177).jpg,Normal,test
C:\Users\Admin\Desktop\dataset train\Dataset\Normal\Normal (254).jpg,Normal,test
C:\Users\Admin\Desktop\dataset train\Dataset\Pneumonia-Bacterial\Pneumonia-Bacterial (571).jpg,Pneumonia-Bacterial,test
C:\Users\Admin\Desktop\dataset train\Dataset\Normal\Normal (2099).jpg,Normal,test
C:\Users\Admin\Desktop\dataset train\Dataset\Normal\Normal (163).jpg,Normal,test
C:\Users\Admin\Desktop\dataset train\Dataset\Pneumonia-Bacterial\Pneumonia-Bacterial (399).jpg,Pneumonia-Bacterial,test
C:\Users\Admin\Desktop\dataset train\Dataset\Normal\Normal (1222).jpg,Normal,test
C:\Users\Admin\Desktop\dataset train\Dataset\Pneumonia-Bacterial\Pneumonia-Bacterial (2168).jpg,Pneumonia-Bacterial,test
C:\Users\Admin\Desktop\dataset train\Dataset\Normal\Normal (690).jpg,Normal,test
C:\Users\Admin\Desktop\dataset train\Dataset\Normal\Normal (1858).jpg,Normal,test
C:\Users\Admin\Desktop\dataset train\Dataset\Pneumonia-Bacterial\Pneumonia-Bacterial (2639).jpg,Pneumonia-Bacterial,test
C:\Users\Admin\Desktop\dataset train\Dataset\COVID\COVID-19 (133).jpg,COVID,test
C:\Users\Admin\Desktop\dataset train\Dataset\Pneumonia-Viral\Pneumonia-Viral (1469).jpg,Pneumonia-Viral,test
C:\Users\Admin\Desktop\dataset train\Dataset\Normal\Normal (848).jpg,Normal,test
C:\Users\Admin\Desktop\dataset train\Dataset\Normal\Normal (2367).jpg,Normal,test
C:\Users\Admin\Desktop\dataset train\Dataset\COVID\COVID-19 (90).jpg,COVID,test
C:\Users\Admin\Desktop\dataset train\Dataset\Pneumonia-Viral\Pneumonia-Viral (1071).jpg,Pneumonia-Viral,test
C:\Users\Admin\Desktop\dataset train\Dataset\Normal\Normal (978).jpg,Normal,test
C:\Users\Admin\Desktop\dataset train\Dataset\COVID\COVID-19 (1258).jpg,COVID,test
C:\Users\Admin\Desktop\dataset train\Dataset\Pneumonia-Viral\Pneumonia-Viral (261).jpg,Pneumonia-Viral,test
C:\Users\Admin\Desktop\dataset train\Dataset\Normal\Normal (1295).jpg,Normal,test
C:\Users\Admin\Desktop\dataset train\Dataset\Pneumonia-Viral\Pneumonia-Viral (345).jpg,Pneumonia-Viral,test
C:\Users\Admin\Desktop\dataset train\Dataset\Pneumonia-Viral\Pneumonia-Viral (764).jpg,Pneumonia-Viral,test
C:\Users\Admin\Desktop\dataset train\Dataset\COVID\COVID-19 (433).jpg,COVID,test
C:\Users\Admin\Desktop\dataset train\Dataset\COVID\COVID-19 (186).jpg,COVID,test
C:\Users\Admin\Desktop\dataset train\Dataset\Pneumonia-Bacterial\Pneumonia-Bacterial (300).jpg,Pneumonia-Bacterial,test
C:\Users\Admin\Desktop\dataset train\Dataset\Pneumonia-Bacterial\Pneumonia-Bacterial (330).jpg,Pneumonia-Bacterial,test
C:\Users\Admin\Desktop\dataset train\Dataset\Pneumonia-Bacterial\Pneumonia-Bacterial (2662).jpg,Pneumonia-Bacterial,test
C:\Users\Admin\Desktop\dataset train\Dataset\Pneumonia-Bacterial\Pneumonia-Bacterial (1130).jpg,Pneumonia-Bacterial,test
C:\Users\Admin\Desktop\dataset train\Dataset\Pneumonia-Bacterial\Pneumonia-Bacterial (789).jpg,Pneumonia-Bacterial,test
C:\Users\Admin\Desktop\dataset train\Dataset\Normal\Normal (109).jpg,Normal,test
C:\Users\Admin\Desktop\dataset train\Dataset\COVID\COVID-19 (1184).jpg,COVID,test
C:\Users\Admin\Desktop\dataset train\Dataset\Normal\Normal (2209).jpg,Normal,test
C:\Users\Admin\Desktop\dataset train\Dataset\Pneumonia-Bacterial\Pneumonia-Bacterial (2762).jpg,Pneumonia-Bacterial,test
C:\Users\Admin\Desktop\dataset train\Dataset\Pneumonia-Viral\Pneumonia-Viral (992).jpg,Pneumonia-Viral,test
C:\Users\Admin\Desktop\dataset train\Dataset\COVID\COVID-19 (289).jpg,COVID,test
C:\Users\Admin\Desktop\dataset train\Dataset\Pneumonia-Viral\Pneumonia-Viral (1626).jpg,Pneumonia-Viral,test
C:\Users\Admin\Desktop\dataset train\Dataset\Normal\Normal (1723).jpg,Normal,test
C:\Users\Admin\Desktop\dataset train\Dataset\Normal\Normal (2537).jpg,Normal,test
C:\Users\Admin\Desktop\dataset train\Dataset\Normal\Normal (1036).jpg,Normal,test
C:\Users\Admin\Desktop\dataset train\Dataset\Normal\Normal (3202).jpg,Normal,test
C:\Users\Admin\Desktop\dataset train\Dataset\COVID\COVID-19 (892).jpg,COVID,test
C:\Users\Admin\Desktop\dataset train\Dataset\Pneumonia-Bacterial\Pneumonia-Bacterial (1851).jpg,Pneumonia-Bacterial,test
C:\Users\Admin\Desktop\dataset train\Dataset\Normal\Normal (238).jpg,Normal,test
C:\Users\Admin\Desktop\dataset train\Dataset\Normal\Normal (1433).jpg,Normal,test
C:\Users\Admin\Desktop\dataset train\Dataset\Pneumonia-Bacterial\Pneumonia-Bacterial (1710).jpg,Pneumonia-Bacterial,test
C:\Users\Admin\Desktop\dataset train\Dataset\Normal\Normal (34).jpg,Normal,test
C:\Users\Admin\Desktop\dataset train\Dataset\Normal\Normal (1850).jpg,Normal,test
C:\Users\Admin\Desktop\dataset train\Dataset\COVID\COVID-19 (935).jpg,COVID,test
C:\Users\Admin\Desktop\dataset train\Dataset\Normal\Normal (1941).jpg,Normal,test
C:\Users\Admin\Desktop\dataset train\Dataset\Pneumonia-Viral\Pneumonia-Viral (1590).jpg,Pneumonia-Viral,test
C:\Users\Admin\Desktop\dataset train\Dataset\Normal\Normal (1466).jpg,Normal,test
C:\Users\Admin\Desktop\dataset train\Dataset\Pneumonia-Bacterial\Pneumonia-Bacterial (1180).jpg,Pneumonia-Bacterial,test
C:\Users\Admin\Desktop\dataset train\Dataset\Pneumonia-Bacterial\Pneumonia-Bacterial (1906).jpg,Pneumonia-Bacterial,test
C:\Users\Admin\Desktop\dataset train\Dataset\Normal\Normal (2519).jpg,Normal,test
C:\Users\Admin\Desktop\dataset train\Dataset\Pneumonia-Viral\Pneumonia-Viral (772).jpg,Pneumonia-Viral,test
C:\Users\Admin\Desktop\dataset train\Dataset\Normal\Normal (1861).jpg,Normal,test
C:\Users\Admin\Desktop\dataset train\Dataset\Pneumonia-Viral\Pneumonia-Viral (558).jpg,Pneumonia-Viral,test
C:\Users\Admin\Desktop\dataset train\Dataset\Pneumonia-Bacterial\Pneumonia-Bacterial (2544).jpg,Pneumonia-Bacterial,test
C:\Users\Admin\Desktop\dataset train\Dataset\Pneumonia-Bacterial\Pneumonia-Bacterial (306).jpg,Pneumonia-Bacterial,test
C:\Users\Admin\Desktop\dataset train\Dataset\Pneumonia-Bacterial\Pneumonia-Bacterial (1222).jpg,Pneumonia-Bacterial,test
C:\Users\Admin\Desktop\dataset train\Dataset\Normal\Normal (2837).jpg,Normal,test
C:\Users\Admin\Desktop\dataset train\Dataset\COVID\COVID-19 (1193).jpg,COVID,test
C:\Users\Admin\Desktop\dataset train\Dataset\Pneumonia-Bacterial\Pneumonia-Bacterial (1738).jpg,Pneumonia-Bacterial,test
C:\Users\Admin\Desktop\dataset train\Dataset\COVID\COVID-19 (52).jpg,COVID,test
C:\Users\Admin\Desktop\dataset train\Dataset\Pneumonia-Bacterial\Pneumonia-Bacterial (1587).jpg,Pneumonia-Bacterial,test
C:\Users\Admin\Desktop\dataset train\Dataset\Normal\Normal (1112).jpg,Normal,test
C:\Users\Admin\Desktop\dataset train\Dataset\Normal\Normal (2722).jpg,Normal,test
C:\Users\Admin\Desktop\dataset train\Dataset\Pneumonia-Viral\Pneumonia-Viral (23).jpg,Pneumonia-Viral,test
C:\Users\Admin\Desktop\dataset train\Dataset\Pneumonia-Bacterial\Pneumonia-Bacterial (1409).jpg,Pneumonia-Bacterial,test
C:\Users\Admin\Desktop\dataset train\Dataset\Pneumonia-Bacterial\Pneumonia-Bacterial (2175).jpg,Pneumonia-Bacterial,test
C:\Users\Admin\Desktop\dataset train\Dataset\Pneumonia-Bacterial\Pneumonia-Bacterial (2509).jpg,Pneumonia-Bacterial,test
C:\Users\Admin\Desktop\dataset train\Dataset\Pneumonia-Bacterial\Pneumonia-Bacterial (175).jpg,Pneumonia-Bacterial,test
C:\Users\Admin\Desktop\dataset train\Dataset\Pneumonia-Viral\Pneumonia-Viral (326).jpg,Pneumonia-Viral,test
C:\Users\Admin\Desktop\dataset train\Dataset\Pneumonia-Viral\Pneumonia-Viral (991).jpg,Pneumonia-Viral,test
C:\Users\Admin\Desktop\dataset train\Dataset\Pneumonia-Bacterial\Pneumonia-Bacterial (553).jpg,Pneumonia-Bacterial,test
C:\Users\Admin\Desktop\dataset train\Dataset\Normal\Normal (1200).jpg,Normal,test
C:\Users\Admin\Desktop\dataset train\Dataset\Pneumonia-Bacterial\Pneumonia-Bacterial (923).jpg,Pneumonia-Bacterial,test
C:\Users\Admin\Desktop\dataset train\Dataset\Pneumonia-Bacterial\Pneumonia-Bacterial (2186).jpg,Pneumonia-Bacterial,test
C:\Users\Admin\Desktop\dataset train\Dataset\Normal\Normal (1628).jpg,Normal,test
C:\Users\Admin\Desktop\dataset train\Dataset\Normal\Normal (905).jpg,Normal,test
C:\Users\Admin\Desktop\dataset train\Dataset\COVID\COVID-19 (429).jpg,COVID,test
C:\Users\Admin\Desktop\dataset train\Dataset\Normal\Normal (1303).jpg,Normal,test
C:\Users\Admin\Desktop\dataset train\Dataset\Pneumonia-Bacterial\Pneumonia-Bacterial (2894).jpg,Pneumonia-Bacterial,test
C:\Users\Admin\Desktop\dataset train\Dataset\Normal\Normal (536).jpg,Normal,test
C:\Users\Admin\Desktop\dataset train\Dataset\Pneumonia-Bacterial\Pneumonia-Bacterial (400).jpg,Pneumonia-Bacterial,test
C:\Users\Admin\Desktop\dataset train\Dataset\Pneumonia-Bacterial\Pneumonia-Bacterial (453).jpg,Pneumonia-Bacterial,test
C:\Users\Admin\Desktop\dataset train\Dataset\Normal\Normal (2137).jpg,Normal,test
C:\Users\Admin\Desktop\dataset train\Dataset\Normal\Normal (1439).jpg,Normal,test
C:\Users\Admin\Desktop\dataset train\Dataset\Normal\Normal (1977).jpg,Normal,test
C:\Users\Admin\Desktop\dataset train\Dataset\Pneumonia-Bacterial\Pneumonia-Bacterial (2865).jpg,Pneumonia-Bacterial,test
C:\Users\Admin\Desktop\dataset train\Dataset\Pneumonia-Bacterial\Pneumonia-Bacterial (64).jpg,Pneumonia-Bacterial,test
C:\Users\Admin\Desktop\dataset train\Dataset\Normal\Normal (2982).jpg,Normal,test
C:\Users\Admin\Desktop\dataset train\Dataset\Normal\Normal (281).jpg,Normal,test
C:\Users\Admin\Desktop\dataset train\Dataset\Normal\Normal (1333).jpg,Normal,test
C:\Users\Admin\Desktop\dataset train\Dataset\Pneumonia-Bacterial\Pneumonia-Bacterial (970).jpg,Pneumonia-Bacterial,test
C:\Users\Admin\Desktop\dataset train\Dataset\Pneumonia-Bacterial\Pneumonia-Bacterial (1466).jpg,Pneumonia-Bacterial,test
C:\Users\Admin\Desktop\dataset train\Dataset\Pneumonia-Viral\Pneumonia-Viral (760).jpg,Pneumonia-Viral,test
C:\Users\Admin\Desktop\dataset train\Dataset\Normal\Normal (2408).jpg,Normal,test
C:\Users\Admin\Desktop\dataset train\Dataset\Normal\Normal (1672).jpg,Normal,test
C:\Users\Admin\Desktop\dataset train\Dataset\Normal\Normal (832).jpg,Normal,test
C:\Users\Admin\Desktop\dataset train\Dataset\Pneumonia-Viral\Pneumonia-Viral (145).jpg,Pneumonia-Viral,test
C:\Users\Admin\Desktop\dataset train\Dataset\Normal\Normal (3043).jpg,Normal,test
C:\Users\Admin\Desktop\dataset train\Dataset\Pneumonia-Bacterial\Pneumonia-Bacterial (2163).jpg,Pneumonia-Bacterial,test
C:\Users\Admin\Desktop\dataset train\Dataset\Pneumonia-Viral\Pneumonia-Viral (697).jpg,Pneumonia-Viral,test
C:\Users\Admin\Desktop\dataset train\Dataset\Normal\Normal (2317).jpg,Normal,test
C:\Users\Admin\Desktop\dataset train\Dataset\Pneumonia-Bacterial\Pneumonia-Bacterial (2007).jpg,Pneumonia-Bacterial,test
C:\Users\Admin\Desktop\dataset train\Dataset\Pneumonia-Bacterial\Pneumonia-Bacterial (52).jpg,Pneumonia-Bacterial,test
C:\Users\Admin\Desktop\dataset train\Dataset\Normal\Normal (2890).jpg,Normal,test
C:\Users\Admin\Desktop\dataset train\Dataset\Pneumonia-Viral\Pneumonia-Viral (1625).jpg,Pneumonia-Viral,test
C:\Users\Admin\Desktop\dataset train\Dataset\Pneumonia-Bacterial\Pneumonia-Bacterial (2279).jpg,Pneumonia-Bacterial,test
C:\Users\Admin\Desktop\dataset train\Dataset\Pneumonia-Viral\Pneumonia-Viral (1597).jpg,Pneumonia-Viral,test
C:\Users\Admin\Desktop\dataset train\Dataset\Pneumonia-Bacterial\Pneumonia-Bacterial (1811).jpg,Pneumonia-Bacterial,test
C:\Users\Admin\Desktop\dataset train\Dataset\Pneumonia-Bacterial\Pneumonia-Bacterial (1877).jpg,Pneumonia-Bacterial,test
C:\Users\Admin\Desktop\dataset train\Dataset\Normal\Normal (98).jpg,Normal,test
C:\Users\Admin\Desktop\dataset train\Dataset\Pneumonia-Bacterial\Pneumonia-Bacterial (2985).jpg,Pneumonia-Bacterial,test
C:\Users\Admin\Desktop\dataset train\Dataset\Pneumonia-Bacterial\Pneumonia-Bacterial (373).jpg,Pneumonia-Bacterial,test
C:\Users\Admin\Desktop\dataset train\Dataset\Normal\Normal (2211).jpg,Normal,test
C:\Users\Admin\Desktop\dataset train\Dataset\Normal\Normal (1193).jpg,Normal,test
C:\Users\Admin\Desktop\dataset train\Dataset\Normal\Normal (186).jpg,Normal,test
C:\Users\Admin\Desktop\dataset train\Dataset\Normal\Normal (322).jpg,Normal,test
C:\Users\Admin\Desktop\dataset train\Dataset\Normal\Normal (1973).jpg,Normal,test
C:\Users\Admin\Desktop\dataset train\Dataset\Pneumonia-Viral\Pneumonia-Viral (808).jpg,Pneumonia-Viral,test
C:\Users\Admin\Desktop\dataset train\Dataset\Normal\Normal (803).jpg,Normal,test
C:\Users\Admin\Desktop\dataset train\Dataset\Normal\Normal (178).jpg,Normal,test
C:\Users\Admin\Desktop\dataset train\Dataset\Pneumonia-Bacterial\Pneumonia-Bacterial (2809).jpg,Pneumonia-Bacterial,test
C:\Users\Admin\Desktop\dataset train\Dataset\COVID\COVID-19 (622).jpg,COVID,test
C:\Users\Admin\Desktop\dataset train\Dataset\Pneumonia-Bacterial\Pneumonia-Bacterial (2094).jpg,Pneumonia-Bacterial,test
C:\Users\Admin\Desktop\dataset train\Dataset\Normal\Normal (2621).jpg,Normal,test
C:\Users\Admin\Desktop\dataset train\Dataset\Pneumonia-Viral\Pneumonia-Viral (993).jpg,Pneumonia-Viral,test
C:\Users\Admin\Desktop\dataset train\Dataset\Normal\Normal (933).jpg,Normal,test
C:\Users\Admin\Desktop\dataset train\Dataset\Pneumonia-Bacterial\Pneumonia-Bacterial (1886).jpg,Pneumonia-Bacterial,test
C:\Users\Admin\Desktop\dataset train\Dataset\Pneumonia-Viral\Pneumonia-Viral (841).jpg,Pneumonia-Viral,test
C:\Users\Admin\Desktop\dataset train\Dataset\Pneumonia-Bacterial\Pneumonia-Bacterial (2202).jpg,Pneumonia-Bacterial,test
C:\Users\Admin\Desktop\dataset train\Dataset\Normal\Normal (2781).jpg,Normal,test
C:\Users\Admin\Desktop\dataset train\Dataset\Pneumonia-Bacterial\Pneumonia-Bacterial (1797).jpg,Pneumonia-Bacterial,test
C:\Users\Admin\Desktop\dataset train\Dataset\Pneumonia-Bacterial\Pneumonia-Bacterial (244).jpg,Pneumonia-Bacterial,test
C:\Users\Admin\Desktop\dataset train\Dataset\Pneumonia-Bacterial\Pneumonia-Bacterial (386).jpg,Pneumonia-Bacterial,test
C:\Users\Admin\Desktop\dataset train\Dataset\Normal\Normal (830).jpg,Normal,test
C:\Users\Admin\Desktop\dataset train\Dataset\Pneumonia-Bacterial\Pneumonia-Bacterial (1120).jpg,Pneumonia-Bacterial,test
C:\Users\Admin\Desktop\dataset train\Dataset\Pneumonia-Bacterial\Pneumonia-Bacterial (899).jpg,Pneumonia-Bacterial,test
C:\Users\Admin\Desktop\dataset train\Dataset\Normal\Normal (2073).jpg,Normal,test
C:\Users\Admin\Desktop\dataset train\Dataset\Normal\Normal (1725).jpg,Normal,test
C:\Users\Admin\Desktop\dataset train\Dataset\COVID\COVID-19 (286).jpg,COVID,test
C:\Users\Admin\Desktop\dataset train\Dataset\Normal\Normal (1032).jpg,Normal,test
C:\Users\Admin\Desktop\dataset train\Dataset\COVID\COVID-19 (765).jpg,COVID,test
C:\Users\Admin\Desktop\dataset train\Dataset\Pneumonia-Bacterial\Pneumonia-Bacterial (2641).jpg,Pneumonia-Bacterial,test
C:\Users\Admin\Desktop\dataset train\Dataset\Pneumonia-Viral\Pneumonia-Viral (203).jpg,Pneumonia-Viral,test
C:\Users\Admin\Desktop\dataset train\Dataset\Pneumonia-Viral\Pneumonia-Viral (1187).jpg,Pneumonia-Viral,test
C:\Users\Admin\Desktop\dataset train\Dataset\Normal\Normal (105).jpg,Normal,test
C:\Users\Admin\Desktop\dataset train\Dataset\COVID\COVID-19 (1021).jpg,COVID,test
C:\Users\Admin\Desktop\dataset train\Dataset\Normal\Normal (429).jpg,Normal,test
C:\Users\Admin\Desktop\dataset train\Dataset\Normal\Normal (2248).jpg,Normal,test
C:\Users\Admin\Desktop\dataset train\Dataset\Pneumonia-Viral\Pneumonia-Viral (708).jpg,Pneumonia-Viral,test
C:\Users\Admin\Desktop\dataset train\Dataset\Pneumonia-Bacterial\Pneumonia-Bacterial (1311).jpg,Pneumonia-Bacterial,test
C:\Users\Admin\Desktop\dataset train\Dataset\COVID\COVID-19 (317).jpg,COVID,test
C:\Users\Admin\Desktop\dataset train\Dataset\Pneumonia-Bacterial\Pneumonia-Bacterial (94).jpg,Pneumonia-Bacterial,test
C:\Users\Admin\Desktop\dataset train\Dataset\Pneumonia-Bacterial\Pneumonia-Bacterial (750).jpg,Pneumonia-Bacterial,test
C:\Users\Admin\Desktop\dataset train\Dataset\Pneumonia-Bacterial\Pneumonia-Bacterial (2937).jpg,Pneumonia-Bacterial,test
C:\Users\Admin\Desktop\dataset train\Dataset\Pneumonia-Bacterial\Pneumonia-Bacterial (1714).jpg,Pneumonia-Bacterial,test
C:\Users\Admin\Desktop\dataset train\Dataset\COVID\COVID-19 (924).jpg,COVID,test
C:\Users\Admin\Desktop\dataset train\Dataset\Normal\Normal (1340).jpg,Normal,test
C:\Users\Admin\Desktop\dataset train\Dataset\Normal\Normal (2588).jpg,Normal,test
C:\Users\Admin\Desktop\dataset train\Dataset\COVID\COVID-19 (6).jpg,COVID,test
C:\Users\Admin\Desktop\dataset train\Dataset\Pneumonia-Bacterial\Pneumonia-Bacterial (188).jpg,Pneumonia-Bacterial,test
C:\Users\Admin\Desktop\dataset train\Dataset\Pneumonia-Bacterial\Pneumonia-Bacterial (1637).jpg,Pneumonia-Bacterial,test
C:\Users\Admin\Desktop\dataset train\Dataset\Normal\Normal (2643).jpg,Normal,test
C:\Users\Admin\Desktop\dataset train\Dataset\Normal\Normal (1566).jpg,Normal,test
C:\Users\Admin\Desktop\dataset train\Dataset\Pneumonia-Viral\Pneumonia-Viral (517).jpg,Pneumonia-Viral,test
C:\Users\Admin\Desktop\dataset train\Dataset\Pneumonia-Bacterial\Pneumonia-Bacterial (660).jpg,Pneumonia-Bacterial,test
C:\Users\Admin\Desktop\dataset train\Dataset\COVID\COVID-19 (629).jpg,COVID,test
C:\Users\Admin\Desktop\dataset train\Dataset\COVID\COVID-19 (1084).jpg,COVID,test
C:\Users\Admin\Desktop\dataset train\Dataset\Pneumonia-Bacterial\Pneumonia-Bacterial (2273).jpg,Pneumonia-Bacterial,test
C:\Users\Admin\Desktop\dataset train\Dataset\Pneumonia-Bacterial\Pneumonia-Bacterial (2718).jpg,Pneumonia-Bacterial,test
C:\Users\Admin\Desktop\dataset train\Dataset\Pneumonia-Bacterial\Pneumonia-Bacterial (1985).jpg,Pneumonia-Bacterial,test
C:\Users\Admin\Desktop\dataset train\Dataset\COVID\COVID-19 (707).jpg,COVID,test
C:\Users\Admin\Desktop\dataset train\Dataset\Pneumonia-Viral\Pneumonia-Viral (1117).jpg,Pneumonia-Viral,test
C:\Users\Admin\Desktop\dataset train\Dataset\Normal\Normal (2168).jpg,Normal,test
C:\Users\Admin\Desktop\dataset train\Dataset\Pneumonia-Bacterial\Pneumonia-Bacterial (2787).jpg,Pneumonia-Bacterial,test
C:\Users\Admin\Desktop\dataset train\Dataset\Pneumonia-Viral\Pneumonia-Viral (1444).jpg,Pneumonia-Viral,test
C:\Users\Admin\Desktop\dataset train\Dataset\Normal\Normal (153).jpg,Normal,test
C:\Users\Admin\Desktop\dataset train\Dataset\Normal\Normal (1523).jpg,Normal,test
C:\Users\Admin\Desktop\dataset train\Dataset\Normal\Normal (2225).jpg,Normal,test
C:\Users\Admin\Desktop\dataset train\Dataset\Pneumonia-Bacterial\Pneumonia-Bacterial (2223).jpg,Pneumonia-Bacterial,test
C:\Users\Admin\Desktop\dataset train\Dataset\Normal\Normal (1711).jpg,Normal,test
C:\Users\Admin\Desktop\dataset train\Dataset\Normal\Normal (1475).jpg,Normal,test
C:\Users\Admin\Desktop\dataset train\Dataset\Pneumonia-Bacterial\Pneumonia-Bacterial (284).jpg,Pneumonia-Bacterial,test
C:\Users\Admin\Desktop\dataset train\Dataset\COVID\COVID-19 (101).jpg,COVID,test
C:\Users\Admin\Desktop\dataset train\Dataset\Pneumonia-Bacterial\Pneumonia-Bacterial (2034).jpg,Pneumonia-Bacterial,test
C:\Users\Admin\Desktop\dataset train\Dataset\COVID\COVID-19 (262).jpg,COVID,test
C:\Users\Admin\Desktop\dataset train\Dataset\Pneumonia-Bacterial\Pneumonia-Bacterial (796).jpg,Pneumonia-Bacterial,test
C:\Users\Admin\Desktop\dataset train\Dataset\COVID\COVID-19 (1240).jpg,COVID,test
C:\Users\Admin\Desktop\dataset train\Dataset\Pneumonia-Bacterial\Pneumonia-Bacterial (367).jpg,Pneumonia-Bacterial,test
C:\Users\Admin\Desktop\dataset train\Dataset\Normal\Normal (1751).jpg,Normal,test
C:\Users\Admin\Desktop\dataset train\Dataset\Normal\Normal (1063).jpg,Normal,test
C:\Users\Admin\Desktop\dataset train\Dataset\Pneumonia-Bacterial\Pneumonia-Bacterial (1725).jpg,Pneumonia-Bacterial,test
C:\Users\Admin\Desktop\dataset train\Dataset\COVID\COVID-19 (917).jpg,COVID,test
C:\Users\Admin\Desktop\dataset train\Dataset\Pneumonia-Bacterial\Pneumonia-Bacterial (1170).jpg,Pneumonia-Bacterial,test
C:\Users\Admin\Desktop\dataset train\Dataset\Pneumonia-Viral\Pneumonia-Viral (395).jpg,Pneumonia-Viral,test
C:\Users\Admin\Desktop\dataset train\Dataset\Pneumonia-Viral\Pneumonia-Viral (1385).jpg,Pneumonia-Viral,test
C:\Users\Admin\Desktop\dataset train\Dataset\Normal\Normal (1324).jpg,Normal,test
C:\Users\Admin\Desktop\dataset train\Dataset\Normal\Normal (136).jpg,Normal,test
C:\Users\Admin\Desktop\dataset train\Dataset\Pneumonia-Bacterial\Pneumonia-Bacterial (213).jpg,Pneumonia-Bacterial,test
C:\Users\Admin\Desktop\dataset train\Dataset\Normal\Normal (1583).jpg,Normal,test
C:\Users\Admin\Desktop\dataset train\Dataset\Pneumonia-Bacterial\Pneumonia-Bacterial (578).jpg,Pneumonia-Bacterial,test
C:\Users\Admin\Desktop\dataset train\Dataset\Normal\Normal (2914).jpg,Normal,test
C:\Users\Admin\Desktop\dataset train\Dataset\Normal\Normal (3175).jpg,Normal,test
C:\Users\Admin\Desktop\dataset train\Dataset\Normal\Normal (701).jpg,Normal,test
C:\Users\Admin\Desktop\dataset train\Dataset\Normal\Normal (1052).jpg,Normal,test
C:\Users\Admin\Desktop\dataset train\Dataset\COVID\COVID-19 (436).jpg,COVID,test
C:\Users\Admin\Desktop\dataset train\Dataset\Normal\Normal (2124).jpg,Normal,test
C:\Users\Admin\Desktop\dataset train\Dataset\Pneumonia-Bacterial\Pneumonia-Bacterial (232).jpg,Pneumonia-Bacterial,test
C:\Users\Admin\Desktop\dataset train\Dataset\Pneumonia-Bacterial\Pneumonia-Bacterial (1435).jpg,Pneumonia-Bacterial,test
C:\Users\Admin\Desktop\dataset train\Dataset\COVID\COVID-19 (461).jpg,COVID,test
C:\Users\Admin\Desktop\dataset train\Dataset\Pneumonia-Bacterial\Pneumonia-Bacterial (1515).jpg,Pneumonia-Bacterial,test
C:\Users\Admin\Desktop\dataset train\Dataset\Pneumonia-Bacterial\Pneumonia-Bacterial (2596).jpg,Pneumonia-Bacterial,test
C:\Users\Admin\Desktop\dataset train\Dataset\Normal\Normal (1763).jpg,Normal,test
C:\Users\Admin\Desktop\dataset train\Dataset\Pneumonia-Bacterial\Pneumonia-Bacterial (170).jpg,Pneumonia-Bacterial,test
C:\Users\Admin\Desktop\dataset train\Dataset\Pneumonia-Bacterial\Pneumonia-Bacterial (2244).jpg,Pneumonia-Bacterial,test
C:\Users\Admin\Desktop\dataset train\Dataset\Pneumonia-Viral\Pneumonia-Viral (1089).jpg,Pneumonia-Viral,test
C:\Users\Admin\Desktop\dataset train\Dataset\Pneumonia-Viral\Pneumonia-Viral (1148).jpg,Pneumonia-Viral,test
C:\Users\Admin\Desktop\dataset train\Dataset\Pneumonia-Viral\Pneumonia-Viral (476).jpg,Pneumonia-Viral,test
C:\Users\Admin\Desktop\dataset train\Dataset\Pneumonia-Bacterial\Pneumonia-Bacterial (680).jpg,Pneumonia-Bacterial,test
C:\Users\Admin\Desktop\dataset train\Dataset\Normal\Normal (1800).jpg,Normal,test
C:\Users\Admin\Desktop\dataset train\Dataset\Pneumonia-Viral\Pneumonia-Viral (512).jpg,Pneumonia-Viral,test
C:\Users\Admin\Desktop\dataset train\Dataset\Pneumonia-Bacterial\Pneumonia-Bacterial (1076).jpg,Pneumonia-Bacterial,test
C:\Users\Admin\Desktop\dataset train\Dataset\Pneumonia-Viral\Pneumonia-Viral (181).jpg,Pneumonia-Viral,test
C:\Users\Admin\Desktop\dataset train\Dataset\Normal\Normal (1762).jpg,Normal,test
C:\Users\Admin\Desktop\dataset train\Dataset\Pneumonia-Viral\Pneumonia-Viral (1319).jpg,Pneumonia-Viral,test
C:\Users\Admin\Desktop\dataset train\Dataset\Pneumonia-Bacterial\Pneumonia-Bacterial (2456).jpg,Pneumonia-Bacterial,test
C:\Users\Admin\Desktop\dataset train\Dataset\Normal\Normal (2283).jpg,Normal,test
C:\Users\Admin\Desktop\dataset train\Dataset\Normal\Normal (2806).jpg,Normal,test
C:\Users\Admin\Desktop\dataset train\Dataset\Normal\Normal (2507).jpg,Normal,test
C:\Users\Admin\Desktop\dataset train\Dataset\Pneumonia-Bacterial\Pneumonia-Bacterial (2840).jpg,Pneumonia-Bacterial,test
C:\Users\Admin\Desktop\dataset train\Dataset\Pneumonia-Viral\Pneumonia-Viral (294).jpg,Pneumonia-Viral,test
C:\Users\Admin\Desktop\dataset train\Dataset\Pneumonia-Bacterial\Pneumonia-Bacterial (1123).jpg,Pneumonia-Bacterial,test
C:\Users\Admin\Desktop\dataset train\Dataset\Normal\Normal (1399).jpg,Normal,test
C:\Users\Admin\Desktop\dataset train\Dataset\Pneumonia-Viral\Pneumonia-Viral (1020).jpg,Pneumonia-Viral,test
C:\Users\Admin\Desktop\dataset train\Dataset\Normal\Normal (2104).jpg,Normal,test
C:\Users\Admin\Desktop\dataset train\Dataset\Pneumonia-Bacterial\Pneumonia-Bacterial (986).jpg,Pneumonia-Bacterial,test
C:\Users\Admin\Desktop\dataset train\Dataset\Pneumonia-Viral\Pneumonia-Viral (758).jpg,Pneumonia-Viral,test
C:\Users\Admin\Desktop\dataset train\Dataset\COVID\COVID-19 (638).jpg,COVID,test
C:\Users\Admin\Desktop\dataset train\Dataset\Normal\Normal (643).jpg,Normal,test
C:\Users\Admin\Desktop\dataset train\Dataset\Pneumonia-Bacterial\Pneumonia-Bacterial (404).jpg,Pneumonia-Bacterial,test
C:\Users\Admin\Desktop\dataset train\Dataset\Pneumonia-Bacterial\Pneumonia-Bacterial (644).jpg,Pneumonia-Bacterial,test
C:\Users\Admin\Desktop\dataset train\Dataset\Normal\Normal (1363).jpg,Normal,test
C:\Users\Admin\Desktop\dataset train\Dataset\Normal\Normal (1887).jpg,Normal,test
C:\Users\Admin\Desktop\dataset train\Dataset\Normal\Normal (1335).jpg,Normal,test
C:\Users\Admin\Desktop\dataset train\Dataset\Pneumonia-Viral\Pneumonia-Viral (1510).jpg,Pneumonia-Viral,test
C:\Users\Admin\Desktop\dataset train\Dataset\Pneumonia-Bacterial\Pneumonia-Bacterial (620).jpg,Pneumonia-Bacterial,test
C:\Users\Admin\Desktop\dataset train\Dataset\Normal\Normal (426).jpg,Normal,test
C:\Users\Admin\Desktop\dataset train\Dataset\Normal\Normal (1516).jpg,Normal,test
C:\Users\Admin\Desktop\dataset train\Dataset\COVID\COVID-19 (1166).jpg,COVID,test
C:\Users\Admin\Desktop\dataset train\Dataset\Normal\Normal (2762).jpg,Normal,test
C:\Users\Admin\Desktop\dataset train\Dataset\Normal\Normal (2165).jpg,Normal,test
C:\Users\Admin\Desktop\dataset train\Dataset\Pneumonia-Bacterial\Pneumonia-Bacterial (768).jpg,Pneumonia-Bacterial,test
C:\Users\Admin\Desktop\dataset train\Dataset\Pneumonia-Viral\Pneumonia-Viral (624).jpg,Pneumonia-Viral,test
C:\Users\Admin\Desktop\dataset train\Dataset\Pneumonia-Viral\Pneumonia-Viral (1470).jpg,Pneumonia-Viral,test
C:\Users\Admin\Desktop\dataset train\Dataset\COVID\COVID-19 (365).jpg,COVID,test
C:\Users\Admin\Desktop\dataset train\Dataset\Pneumonia-Viral\Pneumonia-Viral (527).jpg,Pneumonia-Viral,test
C:\Users\Admin\Desktop\dataset train\Dataset\Pneumonia-Bacterial\Pneumonia-Bacterial (1974).jpg,Pneumonia-Bacterial,test
C:\Users\Admin\Desktop\dataset train\Dataset\COVID\COVID-19 (55).jpg,COVID,test
C:\Users\Admin\Desktop\dataset train\Dataset\Pneumonia-Viral\Pneumonia-Viral (504).jpg,Pneumonia-Viral,test
C:\Users\Admin\Desktop\dataset train\Dataset\Normal\Normal (2592).jpg,Normal,test
C:\Users\Admin\Desktop\dataset train\Dataset\Pneumonia-Bacterial\Pneumonia-Bacterial (1126).jpg,Pneumonia-Bacterial,test
C:\Users\Admin\Desktop\dataset train\Dataset\Normal\Normal (696).jpg,Normal,test
C:\Users\Admin\Desktop\dataset train\Dataset\Normal\Normal (823).jpg,Normal,test
C:\Users\Admin\Desktop\dataset train\Dataset\COVID\COVID-19 (1001).jpg,COVID,test
C:\Users\Admin\Desktop\dataset train\Dataset\Pneumonia-Viral\Pneumonia-Viral (1167).jpg,Pneumonia-Viral,test
C:\Users\Admin\Desktop\dataset train\Dataset\Normal\Normal (2752).jpg,Normal,test
C:\Users\Admin\Desktop\dataset train\Dataset\Pneumonia-Bacterial\Pneumonia-Bacterial (2331).jpg,Pneumonia-Bacterial,test
C:\Users\Admin\Desktop\dataset train\Dataset\Normal\Normal (2754).jpg,Normal,test
C:\Users\Admin\Desktop\dataset train\Dataset\Pneumonia-Viral\Pneumonia-Viral (405).jpg,Pneumonia-Viral,test
C:\Users\Admin\Desktop\dataset train\Dataset\Pneumonia-Bacterial\Pneumonia-Bacterial (376).jpg,Pneumonia-Bacterial,test
C:\Users\Admin\Desktop\dataset train\Dataset\Normal\Normal (1963).jpg,Normal,test
C:\Users\Admin\Desktop\dataset train\Dataset\Pneumonia-Bacterial\Pneumonia-Bacterial (2372).jpg,Pneumonia-Bacterial,test
C:\Users\Admin\Desktop\dataset train\Dataset\Pneumonia-Viral\Pneumonia-Viral (1204).jpg,Pneumonia-Viral,test
C:\Users\Admin\Desktop\dataset train\Dataset\Normal\Normal (2112).jpg,Normal,test
C:\Users\Admin\Desktop\dataset train\Dataset\Pneumonia-Viral\Pneumonia-Viral (454).jpg,Pneumonia-Viral,test
C:\Users\Admin\Desktop\dataset train\Dataset\Normal\Normal (1813).jpg,Normal,test
C:\Users\Admin\Desktop\dataset train\Dataset\Normal\Normal (390).jpg,Normal,test
C:\Users\Admin\Desktop\dataset train\Dataset\COVID\COVID-19 (1119).jpg,COVID,test
C:\Users\Admin\Desktop\dataset train\Dataset\Pneumonia-Bacterial\Pneumonia-Bacterial (688).jpg,Pneumonia-Bacterial,test
C:\Users\Admin\Desktop\dataset train\Dataset\Pneumonia-Bacterial\Pneumonia-Bacterial (2302).jpg,Pneumonia-Bacterial,test
C:\Users\Admin\Desktop\dataset train\Dataset\COVID\COVID-19 (71).jpg,COVID,test
C:\Users\Admin\Desktop\dataset train\Dataset\Pneumonia-Viral\Pneumonia-Viral (1346).jpg,Pneumonia-Viral,test
C:\Users\Admin\Desktop\dataset train\Dataset\Normal\Normal (2984).jpg,Normal,test
C:\Users\Admin\Desktop\dataset train\Dataset\Pneumonia-Bacterial\Pneumonia-Bacterial (33).jpg,Pneumonia-Bacterial,test
C:\Users\Admin\Desktop\dataset train\Dataset\Pneumonia-Viral\Pneumonia-Viral (1313).jpg,Pneumonia-Viral,test
C:\Users\Admin\Desktop\dataset train\Dataset\Normal\Normal (2828).jpg,Normal,test
C:\Users\Admin\Desktop\dataset train\Dataset\Normal\Normal (1269).jpg,Normal,test
C:\Users\Admin\Desktop\dataset train\Dataset\Pneumonia-Viral\Pneumonia-Viral (979).jpg,Pneumonia-Viral,test
C:\Users\Admin\Desktop\dataset train\Dataset\Pneumonia-Bacterial\Pneumonia-Bacterial (766).jpg,Pneumonia-Bacterial,test
C:\Users\Admin\Desktop\dataset train\Dataset\Pneumonia-Viral\Pneumonia-Viral (357).jpg,Pneumonia-Viral,test
C:\Users\Admin\Desktop\dataset train\Dataset\Pneumonia-Viral\Pneumonia-Viral (629).jpg,Pneumonia-Viral,test
C:\Users\Admin\Desktop\dataset train\Dataset\Normal\Normal (2390).jpg,Normal,test
C:\Users\Admin\Desktop\dataset train\Dataset\Pneumonia-Viral\Pneumonia-Viral (958).jpg,Pneumonia-Viral,test
C:\Users\Admin\Desktop\dataset train\Dataset\COVID\COVID-19 (1183).jpg,COVID,test
C:\Users\Admin\Desktop\dataset train\Dataset\Pneumonia-Bacterial\Pneumonia-Bacterial (2578).jpg,Pneumonia-Bacterial,test
C:\Users\Admin\Desktop\dataset train\Dataset\Normal\Normal (31).jpg,Normal,test
C:\Users\Admin\Desktop\dataset train\Dataset\Normal\Normal (510).jpg,Normal,test
C:\Users\Admin\Desktop\dataset train\Dataset\Pneumonia-Bacterial\Pneumonia-Bacterial (1051).jpg,Pneumonia-Bacterial,test
C:\Users\Admin\Desktop\dataset train\Dataset\Pneumonia-Viral\Pneumonia-Viral (1445).jpg,Pneumonia-Viral,test
C:\Users\Admin\Desktop\dataset train\Dataset\Pneumonia-Bacterial\Pneumonia-Bacterial (2005).jpg,Pneumonia-Bacterial,test
C:\Users\Admin\Desktop\dataset train\Dataset\COVID\COVID-19 (795).jpg,COVID,test
C:\Users\Admin\Desktop\dataset train\Dataset\Pneumonia-Bacterial\Pneumonia-Bacterial (1928).jpg,Pneumonia-Bacterial,test
C:\Users\Admin\Desktop\dataset train\Dataset\Normal\Normal (719).jpg,Normal,test
C:\Users\Admin\Desktop\dataset train\Dataset\Pneumonia-Bacterial\Pneumonia-Bacterial (1565).jpg,Pneumonia-Bacterial,test
C:\Users\Admin\Desktop\dataset train\Dataset\Normal\Normal (2542).jpg,Normal,test
C:\Users\Admin\Desktop\dataset train\Dataset\Pneumonia-Bacterial\Pneumonia-Bacterial (2364).jpg,Pneumonia-Bacterial,test
C:\Users\Admin\Desktop\dataset train\Dataset\Normal\Normal (2960).jpg,Normal,test
C:\Users\Admin\Desktop\dataset train\Dataset\Normal\Normal (1510).jpg,Normal,test
C:\Users\Admin\Desktop\dataset train\Dataset\Normal\Normal (1621).jpg,Normal,test
C:\Users\Admin\Desktop\dataset train\Dataset\Pneumonia-Viral\Pneumonia-Viral (502).jpg,Pneumonia-Viral,test
C:\Users\Admin\Desktop\dataset train\Dataset\Pneumonia-Viral\Pneumonia-Viral (1408).jpg,Pneumonia-Viral,test
C:\Users\Admin\Desktop\dataset train\Dataset\Pneumonia-Bacterial\Pneumonia-Bacterial (1321).jpg,Pneumonia-Bacterial,test
C:\Users\Admin\Desktop\dataset train\Dataset\Pneumonia-Viral\Pneumonia-Viral (893).jpg,Pneumonia-Viral,test
C:\Users\Admin\Desktop\dataset train\Dataset\Pneumonia-Bacterial\Pneumonia-Bacterial (2700).jpg,Pneumonia-Bacterial,test
C:\Users\Admin\Desktop\dataset train\Dataset\Normal\Normal (1699).jpg,Normal,test
C:\Users\Admin\Desktop\dataset train\Dataset\Normal\Normal (1824).jpg,Normal,test
C:\Users\Admin\Desktop\dataset train\Dataset\Normal\Normal (746).jpg,Normal,test
C:\Users\Admin\Desktop\dataset train\Dataset\Normal\Normal (246).jpg,Normal,test
C:\Users\Admin\Desktop\dataset train\Dataset\Normal\Normal (159).jpg,Normal,test
C:\Users\Admin\Desktop\dataset train\Dataset\Normal\Normal (2474).jpg,Normal,test
C:\Users\Admin\Desktop\dataset train\Dataset\Normal\Normal (1140).jpg,Normal,test
C:\Users\Admin\Desktop\dataset train\Dataset\Normal\Normal (1616).jpg,Normal,test
C:\Users\Admin\Desktop\dataset train\Dataset\Normal\Normal (636).jpg,Normal,test
C:\Users\Admin\Desktop\dataset train\Dataset\Pneumonia-Viral\Pneumonia-Viral (452).jpg,Pneumonia-Viral,test
C:\Users\Admin\Desktop\dataset train\Dataset\Pneumonia-Bacterial\Pneumonia-Bacterial (911).jpg,Pneumonia-Bacterial,test
C:\Users\Admin\Desktop\dataset train\Dataset\Pneumonia-Bacterial\Pneumonia-Bacterial (1364).jpg,Pneumonia-Bacterial,test
C:\Users\Admin\Desktop\dataset train\Dataset\Pneumonia-Viral\Pneumonia-Viral (1582).jpg,Pneumonia-Viral,test
C:\Users\Admin\Desktop\dataset train\Dataset\Normal\Normal (1717).jpg,Normal,test
C:\Users\Admin\Desktop\dataset train\Dataset\COVID\COVID-19 (1107).jpg,COVID,test
C:\Users\Admin\Desktop\dataset train\Dataset\Normal\Normal (704).jpg,Normal,test
C:\Users\Admin\Desktop\dataset train\Dataset\COVID\COVID-19 (720).jpg,COVID,test
C:\Users\Admin\Desktop\dataset train\Dataset\Normal\Normal (1102).jpg,Normal,test
C:\Users\Admin\Desktop\dataset train\Dataset\Normal\Normal (1126).jpg,Normal,test
C:\Users\Admin\Desktop\dataset train\Dataset\Pneumonia-Viral\Pneumonia-Viral (801).jpg,Pneumonia-Viral,test
C:\Users\Admin\Desktop\dataset train\Dataset\Pneumonia-Viral\Pneumonia-Viral (770).jpg,Pneumonia-Viral,test
C:\Users\Admin\Desktop\dataset train\Dataset\Pneumonia-Bacterial\Pneumonia-Bacterial (1795).jpg,Pneumonia-Bacterial,test
C:\Users\Admin\Desktop\dataset train\Dataset\Normal\Normal (2162).jpg,Normal,test
C:\Users\Admin\Desktop\dataset train\Dataset\Pneumonia-Viral\Pneumonia-Viral (1355).jpg,Pneumonia-Viral,test
C:\Users\Admin\Desktop\dataset train\Dataset\Pneumonia-Bacterial\Pneumonia-Bacterial (2343).jpg,Pneumonia-Bacterial,test
C:\Users\Admin\Desktop\dataset train\Dataset\Pneumonia-Bacterial\Pneumonia-Bacterial (572).jpg,Pneumonia-Bacterial,test
C:\Users\Admin\Desktop\dataset train\Dataset\COVID\COVID-19 (559).jpg,COVID,test
C:\Users\Admin\Desktop\dataset train\Dataset\Pneumonia-Bacterial\Pneumonia-Bacterial (1243).jpg,Pneumonia-Bacterial,test
C:\Users\Admin\Desktop\dataset train\Dataset\Pneumonia-Viral\Pneumonia-Viral (811).jpg,Pneumonia-Viral,test
C:\Users\Admin\Desktop\dataset train\Dataset\COVID\COVID-19 (1127).jpg,COVID,test
C:\Users\Admin\Desktop\dataset train\Dataset\Pneumonia-Bacterial\Pneumonia-Bacterial (877).jpg,Pneumonia-Bacterial,test
C:\Users\Admin\Desktop\dataset train\Dataset\Pneumonia-Bacterial\Pneumonia-Bacterial (20).jpg,Pneumonia-Bacterial,test
C:\Users\Admin\Desktop\dataset train\Dataset\Normal\Normal (2917).jpg,Normal,test
C:\Users\Admin\Desktop\dataset train\Dataset\Normal\Normal (1278).jpg,Normal,test
C:\Users\Admin\Desktop\dataset train\Dataset\Normal\Normal (1083).jpg,Normal,test
C:\Users\Admin\Desktop\dataset train\Dataset\Normal\Normal (399).jpg,Normal,test
C:\Users\Admin\Desktop\dataset train\Dataset\COVID\COVID-19 (877).jpg,COVID,test
C:\Users\Admin\Desktop\dataset train\Dataset\COVID\COVID-19 (1077).jpg,COVID,test
C:\Users\Admin\Desktop\dataset train\Dataset\Pneumonia-Viral\Pneumonia-Viral (1421).jpg,Pneumonia-Viral,test
C:\Users\Admin\Desktop\dataset train\Dataset\Normal\Normal (187).jpg,Normal,test
C:\Users\Admin\Desktop\dataset train\Dataset\Pneumonia-Bacterial\Pneumonia-Bacterial (1442).jpg,Pneumonia-Bacterial,test
C:\Users\Admin\Desktop\dataset train\Dataset\Normal\Normal (458).jpg,Normal,test
C:\Users\Admin\Desktop\dataset train\Dataset\Pneumonia-Viral\Pneumonia-Viral (1158).jpg,Pneumonia-Viral,test
C:\Users\Admin\Desktop\dataset train\Dataset\Pneumonia-Viral\Pneumonia-Viral (636).jpg,Pneumonia-Viral,test
C:\Users\Admin\Desktop\dataset train\Dataset\Normal\Normal (1653).jpg,Normal,test
C:\Users\Admin\Desktop\dataset train\Dataset\Pneumonia-Viral\Pneumonia-Viral (305).jpg,Pneumonia-Viral,test
C:\Users\Admin\Desktop\dataset train\Dataset\Pneumonia-Bacterial\Pneumonia-Bacterial (2144).jpg,Pneumonia-Bacterial,test
C:\Users\Admin\Desktop\dataset train\Dataset\Pneumonia-Bacterial\Pneumonia-Bacterial (2219).jpg,Pneumonia-Bacterial,test
C:\Users\Admin\Desktop\dataset train\Dataset\Normal\Normal (3034).jpg,Normal,test
C:\Users\Admin\Desktop\dataset train\Dataset\Normal\Normal (290).jpg,Normal,test
C:\Users\Admin\Desktop\dataset train\Dataset\Pneumonia-Viral\Pneumonia-Viral (150).jpg,Pneumonia-Viral,test
C:\Users\Admin\Desktop\dataset train\Dataset\Normal\Normal (1395).jpg,Normal,test
C:\Users\Admin\Desktop\dataset train\Dataset\Normal\Normal (2177).jpg,Normal,test
C:\Users\Admin\Desktop\dataset train\Dataset\COVID\COVID-19 (41).jpg,COVID,test
C:\Users\Admin\Desktop\dataset train\Dataset\Pneumonia-Viral\Pneumonia-Viral (428).jpg,Pneumonia-Viral,test
C:\Users\Admin\Desktop\dataset train\Dataset\Pneumonia-Viral\Pneumonia-Viral (391).jpg,Pneumonia-Viral,test
C:\Users\Admin\Desktop\dataset train\Dataset\Normal\Normal (544).jpg,Normal,test
C:\Users\Admin\Desktop\dataset train\Dataset\Pneumonia-Viral\Pneumonia-Viral (522).jpg,Pneumonia-Viral,test
C:\Users\Admin\Desktop\dataset train\Dataset\Pneumonia-Bacterial\Pneumonia-Bacterial (2352).jpg,Pneumonia-Bacterial,test
C:\Users\Admin\Desktop\dataset train\Dataset\Pneumonia-Bacterial\Pneumonia-Bacterial (86).jpg,Pneumonia-Bacterial,test
C:\Users\Admin\Desktop\dataset train\Dataset\COVID\COVID-19 (680).jpg,COVID,test
C:\Users\Admin\Desktop\dataset train\Dataset\Pneumonia-Bacterial\Pneumonia-Bacterial (2289).jpg,Pneumonia-Bacterial,test
C:\Users\Admin\Desktop\dataset train\Dataset\Pneumonia-Bacterial\Pneumonia-Bacterial (1683).jpg,Pneumonia-Bacterial,test
C:\Users\Admin\Desktop\dataset train\Dataset\Pneumonia-Bacterial\Pneumonia-Bacterial (1131).jpg,Pneumonia-Bacterial,test
C:\Users\Admin\Desktop\dataset train\Dataset\Pneumonia-Bacterial\Pneumonia-Bacterial (1363).jpg,Pneumonia-Bacterial,test
C:\Users\Admin\Desktop\dataset train\Dataset\Pneumonia-Bacterial\Pneumonia-Bacterial (2736).jpg,Pneumonia-Bacterial,test
C:\Users\Admin\Desktop\dataset train\Dataset\COVID\COVID-19 (932).jpg,COVID,test
C:\Users\Admin\Desktop\dataset train\Dataset\Pneumonia-Bacterial\Pneumonia-Bacterial (2435).jpg,Pneumonia-Bacterial,test
C:\Users\Admin\Desktop\dataset train\Dataset\Pneumonia-Bacterial\Pneumonia-Bacterial (1151).jpg,Pneumonia-Bacterial,test
C:\Users\Admin\Desktop\dataset train\Dataset\COVID\COVID-19 (1091).jpg,COVID,test
C:\Users\Admin\Desktop\dataset train\Dataset\Normal\Normal (2342).jpg,Normal,test
C:\Users\Admin\Desktop\dataset train\Dataset\Pneumonia-Bacterial\Pneumonia-Bacterial (2583).jpg,Pneumonia-Bacterial,test
C:\Users\Admin\Desktop\dataset train\Dataset\Normal\Normal (1310).jpg,Normal,test
C:\Users\Admin\Desktop\dataset train\Dataset\COVID\COVID-19 (598).jpg,COVID,test
C:\Users\Admin\Desktop\dataset train\Dataset\COVID\COVID-19 (421).jpg,COVID,test
C:\Users\Admin\Desktop\dataset train\Dataset\Normal\Normal (3114).jpg,Normal,test
C:\Users\Admin\Desktop\dataset train\Dataset\Normal\Normal (516).jpg,Normal,test
C:\Users\Admin\Desktop\dataset train\Dataset\Pneumonia-Bacterial\Pneumonia-Bacterial (2066).jpg,Pneumonia-Bacterial,test
C:\Users\Admin\Desktop\dataset train\Dataset\COVID\COVID-19 (590).jpg,COVID,test
C:\Users\Admin\Desktop\dataset train\Dataset\Normal\Normal (1058).jpg,Normal,test
C:\Users\Admin\Desktop\dataset train\Dataset\Normal\Normal (2668).jpg,Normal,test
C:\Users\Admin\Desktop\dataset train\Dataset\Pneumonia-Bacterial\Pneumonia-Bacterial (2766).jpg,Pneumonia-Bacterial,test
C:\Users\Admin\Desktop\dataset train\Dataset\Pneumonia-Bacterial\Pneumonia-Bacterial (854).jpg,Pneumonia-Bacterial,test
C:\Users\Admin\Desktop\dataset train\Dataset\Normal\Normal (668).jpg,Normal,test
C:\Users\Admin\Desktop\dataset train\Dataset\Normal\Normal (2659).jpg,Normal,test
C:\Users\Admin\Desktop\dataset train\Dataset\Normal\Normal (1839).jpg,Normal,test
C:\Users\Admin\Desktop\dataset train\Dataset\Pneumonia-Bacterial\Pneumonia-Bacterial (2771).jpg,Pneumonia-Bacterial,test
C:\Users\Admin\Desktop\dataset train\Dataset\Pneumonia-Bacterial\Pneumonia-Bacterial (787).jpg,Pneumonia-Bacterial,test
C:\Users\Admin\Desktop\dataset train\Dataset\Normal\Normal (2432).jpg,Normal,test
C:\Users\Admin\Desktop\dataset train\Dataset\Pneumonia-Viral\Pneumonia-Viral (1293).jpg,Pneumonia-Viral,test
C:\Users\Admin\Desktop\dataset train\Dataset\Normal\Normal (2730).jpg,Normal,test
C:\Users\Admin\Desktop\dataset train\Dataset\Pneumonia-Viral\Pneumonia-Viral (1255).jpg,Pneumonia-Viral,test
C:\Users\Admin\Desktop\dataset train\Dataset\Pneumonia-Bacterial\Pneumonia-Bacterial (1218).jpg,Pneumonia-Bacterial,test
C:\Users\Admin\Desktop\dataset train\Dataset\Normal\Normal (1244).jpg,Normal,test
C:\Users\Admin\Desktop\dataset train\Dataset\Normal\Normal (2085).jpg,Normal,test
C:\Users\Admin\Desktop\dataset train\Dataset\Pneumonia-Bacterial\Pneumonia-Bacterial (446).jpg,Pneumonia-Bacterial,test
C:\Users\Admin\Desktop\dataset train\Dataset\Normal\Normal (1043).jpg,Normal,test
C:\Users\Admin\Desktop\dataset train\Dataset\Pneumonia-Viral\Pneumonia-Viral (1611).jpg,Pneumonia-Viral,test
C:\Users\Admin\Desktop\dataset train\Dataset\Pneumonia-Bacterial\Pneumonia-Bacterial (2852).jpg,Pneumonia-Bacterial,test
C:\Users\Admin\Desktop\dataset train\Dataset\Pneumonia-Bacterial\Pneumonia-Bacterial (598).jpg,Pneumonia-Bacterial,test
C:\Users\Admin\Desktop\dataset train\Dataset\Pneumonia-Viral\Pneumonia-Viral (380).jpg,Pneumonia-Viral,test
C:\Users\Admin\Desktop\dataset train\Dataset\Normal\Normal (432).jpg,Normal,test
C:\Users\Admin\Desktop\dataset train\Dataset\Normal\Normal (168).jpg,Normal,test
C:\Users\Admin\Desktop\dataset train\Dataset\Normal\Normal (1035).jpg,Normal,test
C:\Users\Admin\Desktop\dataset train\Dataset\Normal\Normal (1749).jpg,Normal,test
C:\Users\Admin\Desktop\dataset train\Dataset\Normal\Normal (494).jpg,Normal,test
C:\Users\Admin\Desktop\dataset train\Dataset\Pneumonia-Viral\Pneumonia-Viral (1185).jpg,Pneumonia-Viral,test
C:\Users\Admin\Desktop\dataset train\Dataset\Pneumonia-Viral\Pneumonia-Viral (904).jpg,Pneumonia-Viral,test
C:\Users\Admin\Desktop\dataset train\Dataset\Pneumonia-Viral\Pneumonia-Viral (1642).jpg,Pneumonia-Viral,test
C:\Users\Admin\Desktop\dataset train\Dataset\Pneumonia-Bacterial\Pneumonia-Bacterial (1608).jpg,Pneumonia-Bacterial,test
C:\Users\Admin\Desktop\dataset train\Dataset\COVID\COVID-19 (902).jpg,COVID,test
C:\Users\Admin\Desktop\dataset train\Dataset\Normal\Normal (2510).jpg,Normal,test
C:\Users\Admin\Desktop\dataset train\Dataset\Normal\Normal (376).jpg,Normal,test
C:\Users\Admin\Desktop\dataset train\Dataset\Pneumonia-Viral\Pneumonia-Viral (1250).jpg,Pneumonia-Viral,test
C:\Users\Admin\Desktop\dataset train\Dataset\Pneumonia-Bacterial\Pneumonia-Bacterial (2609).jpg,Pneumonia-Bacterial,test
C:\Users\Admin\Desktop\dataset train\Dataset\Normal\Normal (2571).jpg,Normal,test
C:\Users\Admin\Desktop\dataset train\Dataset\COVID\COVID-19 (63).jpg,COVID,test
C:\Users\Admin\Desktop\dataset train\Dataset\Pneumonia-Bacterial\Pneumonia-Bacterial (984).jpg,Pneumonia-Bacterial,test
C:\Users\Admin\Desktop\dataset train\Dataset\Pneumonia-Bacterial\Pneumonia-Bacterial (765).jpg,Pneumonia-Bacterial,test
C:\Users\Admin\Desktop\dataset train\Dataset\Pneumonia-Bacterial\Pneumonia-Bacterial (2943).jpg,Pneumonia-Bacterial,test
C:\Users\Admin\Desktop\dataset train\Dataset\Pneumonia-Viral\Pneumonia-Viral (1188).jpg,Pneumonia-Viral,test
C:\Users\Admin\Desktop\dataset train\Dataset\COVID\COVID-19 (701).jpg,COVID,test
C:\Users\Admin\Desktop\dataset train\Dataset\Pneumonia-Bacterial\Pneumonia-Bacterial (2140).jpg,Pneumonia-Bacterial,test
C:\Users\Admin\Desktop\dataset train\Dataset\Pneumonia-Viral\Pneumonia-Viral (686).jpg,Pneumonia-Viral,test
C:\Users\Admin\Desktop\dataset train\Dataset\COVID\COVID-19 (1005).jpg,COVID,test
C:\Users\Admin\Desktop\dataset train\Dataset\Normal\Normal (67).jpg,Normal,test
C:\Users\Admin\Desktop\dataset train\Dataset\COVID\COVID-19 (757).jpg,COVID,test
C:\Users\Admin\Desktop\dataset train\Dataset\Pneumonia-Bacterial\Pneumonia-Bacterial (667).jpg,Pneumonia-Bacterial,test
C:\Users\Admin\Desktop\dataset train\Dataset\Normal\Normal (501).jpg,Normal,test
C:\Users\Admin\Desktop\dataset train\Dataset\Pneumonia-Viral\Pneumonia-Viral (1123).jpg,Pneumonia-Viral,test
C:\Users\Admin\Desktop\dataset train\Dataset\Pneumonia-Bacterial\Pneumonia-Bacterial (1499).jpg,Pneumonia-Bacterial,test
C:\Users\Admin\Desktop\dataset train\Dataset\Pneumonia-Bacterial\Pneumonia-Bacterial (1855).jpg,Pneumonia-Bacterial,test
C:\Users\Admin\Desktop\dataset train\Dataset\Pneumonia-Viral\Pneumonia-Viral (1539).jpg,Pneumonia-Viral,test
C:\Users\Admin\Desktop\dataset train\Dataset\Normal\Normal (1114).jpg,Normal,test
C:\Users\Admin\Desktop\dataset train\Dataset\Normal\Normal (2879).jpg,Normal,test
C:\Users\Admin\Desktop\dataset train\Dataset\Pneumonia-Viral\Pneumonia-Viral (559).jpg,Pneumonia-Viral,test
C:\Users\Admin\Desktop\dataset train\Dataset\Pneumonia-Viral\Pneumonia-Viral (902).jpg,Pneumonia-Viral,test
C:\Users\Admin\Desktop\dataset train\Dataset\Pneumonia-Bacterial\Pneumonia-Bacterial (1079).jpg,Pneumonia-Bacterial,test
C:\Users\Admin\Desktop\dataset train\Dataset\COVID\COVID-19 (563).jpg,COVID,test
C:\Users\Admin\Desktop\dataset train\Dataset\Normal\Normal (2314).jpg,Normal,test
C:\Users\Admin\Desktop\dataset train\Dataset\Pneumonia-Bacterial\Pneumonia-Bacterial (1343).jpg,Pneumonia-Bacterial,test
C:\Users\Admin\Desktop\dataset train\Dataset\Normal\Normal (1305).jpg,Normal,test
C:\Users\Admin\Desktop\dataset train\Dataset\Pneumonia-Viral\Pneumonia-Viral (756).jpg,Pneumonia-Viral,test
C:\Users\Admin\Desktop\dataset train\Dataset\COVID\COVID-19 (1169).jpg,COVID,test
C:\Users\Admin\Desktop\dataset train\Dataset\Pneumonia-Viral\Pneumonia-Viral (872).jpg,Pneumonia-Viral,test
C:\Users\Admin\Desktop\dataset train\Dataset\Pneumonia-Bacterial\Pneumonia-Bacterial (19).jpg,Pneumonia-Bacterial,test
C:\Users\Admin\Desktop\dataset train\Dataset\Normal\Normal (1381).jpg,Normal,test
C:\Users\Admin\Desktop\dataset train\Dataset\COVID\COVID-19 (832).jpg,COVID,test
C:\Users\Admin\Desktop\dataset train\Dataset\Pneumonia-Bacterial\Pneumonia-Bacterial (2906).jpg,Pneumonia-Bacterial,test
C:\Users\Admin\Desktop\dataset train\Dataset\COVID\COVID-19 (1043).jpg,COVID,test
C:\Users\Admin\Desktop\dataset train\Dataset\Pneumonia-Viral\Pneumonia-Viral (832).jpg,Pneumonia-Viral,test
C:\Users\Admin\Desktop\dataset train\Dataset\Pneumonia-Viral\Pneumonia-Viral (967).jpg,Pneumonia-Viral,test
C:\Users\Admin\Desktop\dataset train\Dataset\Pneumonia-Bacterial\Pneumonia-Bacterial (527).jpg,Pneumonia-Bacterial,test
C:\Users\Admin\Desktop\dataset train\Dataset\Pneumonia-Bacterial\Pneumonia-Bacterial (2325).jpg,Pneumonia-Bacterial,test
C:\Users\Admin\Desktop\dataset train\Dataset\Pneumonia-Bacterial\Pneumonia-Bacterial (2688).jpg,Pneumonia-Bacterial,test
C:\Users\Admin\Desktop\dataset train\Dataset\Normal\Normal (3169).jpg,Normal,test
C:\Users\Admin\Desktop\dataset train\Dataset\Pneumonia-Bacterial\Pneumonia-Bacterial (2301).jpg,Pneumonia-Bacterial,test
C:\Users\Admin\Desktop\dataset train\Dataset\Normal\Normal (821).jpg,Normal,test
C:\Users\Admin\Desktop\dataset train\Dataset\COVID\COVID-19 (588).jpg,COVID,test
C:\Users\Admin\Desktop\dataset train\Dataset\Normal\Normal (1565).jpg,Normal,test
C:\Users\Admin\Desktop\dataset train\Dataset\Normal\Normal (2780).jpg,Normal,test
C:\Users\Admin\Desktop\dataset train\Dataset\Pneumonia-Bacterial\Pneumonia-Bacterial (2885).jpg,Pneumonia-Bacterial,test
C:\Users\Admin\Desktop\dataset train\Dataset\Pneumonia-Viral\Pneumonia-Viral (1424).jpg,Pneumonia-Viral,test
C:\Users\Admin\Desktop\dataset train\Dataset\Pneumonia-Bacterial\Pneumonia-Bacterial (656).jpg,Pneumonia-Bacterial,test
C:\Users\Admin\Desktop\dataset train\Dataset\Pneumonia-Viral\Pneumonia-Viral (120).jpg,Pneumonia-Viral,test
C:\Users\Admin\Desktop\dataset train\Dataset\Pneumonia-Bacterial\Pneumonia-Bacterial (2546).jpg,Pneumonia-Bacterial,test
C:\Users\Admin\Desktop\dataset train\Dataset\Normal\Normal (2).jpg,Normal,test
C:\Users\Admin\Desktop\dataset train\Dataset\Pneumonia-Bacterial\Pneumonia-Bacterial (510).jpg,Pneumonia-Bacterial,test
C:\Users\Admin\Desktop\dataset train\Dataset\Pneumonia-Bacterial\Pneumonia-Bacterial (929).jpg,Pneumonia-Bacterial,test
C:\Users\Admin\Desktop\dataset train\Dataset\Normal\Normal (531).jpg,Normal,test
C:\Users\Admin\Desktop\dataset train\Dataset\Pneumonia-Viral\Pneumonia-Viral (275).jpg,Pneumonia-Viral,test
C:\Users\Admin\Desktop\dataset train\Dataset\Pneumonia-Viral\Pneumonia-Viral (15).jpg,Pneumonia-Viral,test
C:\Users\Admin\Desktop\dataset train\Dataset\Pneumonia-Bacterial\Pneumonia-Bacterial (120).jpg,Pneumonia-Bacterial,test
C:\Users\Admin\Desktop\dataset train\Dataset\Normal\Normal (1943).jpg,Normal,test
C:\Users\Admin\Desktop\dataset train\Dataset\Normal\Normal (251).jpg,Normal,test
C:\Users\Admin\Desktop\dataset train\Dataset\Normal\Normal (1662).jpg,Normal,test
C:\Users\Admin\Desktop\dataset train\Dataset\Pneumonia-Viral\Pneumonia-Viral (293).jpg,Pneumonia-Viral,test
C:\Users\Admin\Desktop\dataset train\Dataset\COVID\COVID-19 (1134).jpg,COVID,test
C:\Users\Admin\Desktop\dataset train\Dataset\Pneumonia-Bacterial\Pneumonia-Bacterial (2129).jpg,Pneumonia-Bacterial,test
C:\Users\Admin\Desktop\dataset train\Dataset\Normal\Normal (994).jpg,Normal,test
C:\Users\Admin\Desktop\dataset train\Dataset\Normal\Normal (1348).jpg,Normal,test
C:\Users\Admin\Desktop\dataset train\Dataset\Pneumonia-Viral\Pneumonia-Viral (299).jpg,Pneumonia-Viral,test
C:\Users\Admin\Desktop\dataset train\Dataset\Pneumonia-Viral\Pneumonia-Viral (635).jpg,Pneumonia-Viral,test
C:\Users\Admin\Desktop\dataset train\Dataset\Pneumonia-Bacterial\Pneumonia-Bacterial (1173).jpg,Pneumonia-Bacterial,test
C:\Users\Admin\Desktop\dataset train\Dataset\Pneumonia-Bacterial\Pneumonia-Bacterial (2161).jpg,Pneumonia-Bacterial,test
C:\Users\Admin\Desktop\dataset train\Dataset\Normal\Normal (2640).jpg,Normal,test
C:\Users\Admin\Desktop\dataset train\Dataset\Normal\Normal (173).jpg,Normal,test
C:\Users\Admin\Desktop\dataset train\Dataset\Normal\Normal (1527).jpg,Normal,test
C:\Users\Admin\Desktop\dataset train\Dataset\Pneumonia-Bacterial\Pneumonia-Bacterial (1856).jpg,Pneumonia-Bacterial,test
C:\Users\Admin\Desktop\dataset train\Dataset\COVID\COVID-19 (648).jpg,COVID,test
C:\Users\Admin\Desktop\dataset train\Dataset\Pneumonia-Bacterial\Pneumonia-Bacterial (1264).jpg,Pneumonia-Bacterial,test
C:\Users\Admin\Desktop\dataset train\Dataset\Normal\Normal (2584).jpg,Normal,test
C:\Users\Admin\Desktop\dataset train\Dataset\COVID\COVID-19 (970).jpg,COVID,test
C:\Users\Admin\Desktop\dataset train\Dataset\Normal\Normal (286).jpg,Normal,test
C:\Users\Admin\Desktop\dataset train\Dataset\Normal\Normal (3158).jpg,Normal,test
C:\Users\Admin\Desktop\dataset train\Dataset\Normal\Normal (2220).jpg,Normal,test
C:\Users\Admin\Desktop\dataset train\Dataset\COVID\COVID-19 (705).jpg,COVID,test
C:\Users\Admin\Desktop\dataset train\Dataset\COVID\COVID-19 (984).jpg,COVID,test
C:\Users\Admin\Desktop\dataset train\Dataset\COVID\COVID-19 (586).jpg,COVID,test
C:\Users\Admin\Desktop\dataset train\Dataset\Normal\Normal (893).jpg,Normal,test
C:\Users\Admin\Desktop\dataset train\Dataset\Normal\Normal (2693).jpg,Normal,test
C:\Users\Admin\Desktop\dataset train\Dataset\COVID\COVID-19 (850).jpg,COVID,test
C:\Users\Admin\Desktop\dataset train\Dataset\Pneumonia-Bacterial\Pneumonia-Bacterial (1931).jpg,Pneumonia-Bacterial,test
C:\Users\Admin\Desktop\dataset train\Dataset\Normal\Normal (1283).jpg,Normal,test
C:\Users\Admin\Desktop\dataset train\Dataset\Pneumonia-Bacterial\Pneumonia-Bacterial (269).jpg,Pneumonia-Bacterial,test
C:\Users\Admin\Desktop\dataset train\Dataset\Pneumonia-Viral\Pneumonia-Viral (1485).jpg,Pneumonia-Viral,test
C:\Users\Admin\Desktop\dataset train\Dataset\Normal\Normal (1906).jpg,Normal,test
C:\Users\Admin\Desktop\dataset train\Dataset\Pneumonia-Bacterial\Pneumonia-Bacterial (450).jpg,Pneumonia-Bacterial,test
C:\Users\Admin\Desktop\dataset train\Dataset\Pneumonia-Viral\Pneumonia-Viral (997).jpg,Pneumonia-Viral,test
C:\Users\Admin\Desktop\dataset train\Dataset\Normal\Normal (2364).jpg,Normal,test
C:\Users\Admin\Desktop\dataset train\Dataset\Normal\Normal (1007).jpg,Normal,test
C:\Users\Admin\Desktop\dataset train\Dataset\COVID\COVID-19 (1264).jpg,COVID,test
C:\Users\Admin\Desktop\dataset train\Dataset\Normal\Normal (1603).jpg,Normal,test
C:\Users\Admin\Desktop\dataset train\Dataset\Normal\Normal (1883).jpg,Normal,test
C:\Users\Admin\Desktop\dataset train\Dataset\Pneumonia-Viral\Pneumonia-Viral (732).jpg,Pneumonia-Viral,test
C:\Users\Admin\Desktop\dataset train\Dataset\Normal\Normal (1847).jpg,Normal,test
C:\Users\Admin\Desktop\dataset train\Dataset\Pneumonia-Bacterial\Pneumonia-Bacterial (2020).jpg,Pneumonia-Bacterial,test
C:\Users\Admin\Desktop\dataset train\Dataset\Pneumonia-Bacterial\Pneumonia-Bacterial (1882).jpg,Pneumonia-Bacterial,test
C:\Users\Admin\Desktop\dataset train\Dataset\Normal\Normal (3166).jpg,Normal,test
C:\Users\Admin\Desktop\dataset train\Dataset\Pneumonia-Bacterial\Pneumonia-Bacterial (1527).jpg,Pneumonia-Bacterial,test
C:\Users\Admin\Desktop\dataset train\Dataset\Normal\Normal (1698).jpg,Normal,test
C:\Users\Admin\Desktop\dataset train\Dataset\Pneumonia-Bacterial\Pneumonia-Bacterial (273).jpg,Pneumonia-Bacterial,test
C:\Users\Admin\Desktop\dataset train\Dataset\COVID\COVID-19 (354).jpg,COVID,test
C:\Users\Admin\Desktop\dataset train\Dataset\Pneumonia-Viral\Pneumonia-Viral (871).jpg,Pneumonia-Viral,test
C:\Users\Admin\Desktop\dataset train\Dataset\Normal\Normal (1185).jpg,Normal,test
C:\Users\Admin\Desktop\dataset train\Dataset\Normal\Normal (2076).jpg,Normal,test
C:\Users\Admin\Desktop\dataset train\Dataset\Pneumonia-Bacterial\Pneumonia-Bacterial (710).jpg,Pneumonia-Bacterial,test
C:\Users\Admin\Desktop\dataset train\Dataset\Pneumonia-Viral\Pneumonia-Viral (709).jpg,Pneumonia-Viral,test
C:\Users\Admin\Desktop\dataset train\Dataset\Normal\Normal (1840).jpg,Normal,test
C:\Users\Admin\Desktop\dataset train\Dataset\Pneumonia-Viral\Pneumonia-Viral (101).jpg,Pneumonia-Viral,test
C:\Users\Admin\Desktop\dataset train\Dataset\Normal\Normal (1680).jpg,Normal,test
C:\Users\Admin\Desktop\dataset train\Dataset\Normal\Normal (2206).jpg,Normal,test
C:\Users\Admin\Desktop\dataset train\Dataset\Pneumonia-Bacterial\Pneumonia-Bacterial (843).jpg,Pneumonia-Bacterial,test
C:\Users\Admin\Desktop\dataset train\Dataset\COVID\COVID-19 (903).jpg,COVID,test
C:\Users\Admin\Desktop\dataset train\Dataset\COVID\COVID-19 (640).jpg,COVID,test
C:\Users\Admin\Desktop\dataset train\Dataset\Pneumonia-Bacterial\Pneumonia-Bacterial (2433).jpg,Pneumonia-Bacterial,test
C:\Users\Admin\Desktop\dataset train\Dataset\Pneumonia-Bacterial\Pneumonia-Bacterial (714).jpg,Pneumonia-Bacterial,test
C:\Users\Admin\Desktop\dataset train\Dataset\Pneumonia-Bacterial\Pneumonia-Bacterial (81).jpg,Pneumonia-Bacterial,test
C:\Users\Admin\Desktop\dataset train\Dataset\COVID\COVID-19 (135).jpg,COVID,test
C:\Users\Admin\Desktop\dataset train\Dataset\Pneumonia-Bacterial\Pneumonia-Bacterial (1128).jpg,Pneumonia-Bacterial,test
C:\Users\Admin\Desktop\dataset train\Dataset\Pneumonia-Bacterial\Pneumonia-Bacterial (1144).jpg,Pneumonia-Bacterial,test
C:\Users\Admin\Desktop\dataset train\Dataset\Normal\Normal (2493).jpg,Normal,test
C:\Users\Admin\Desktop\dataset train\Dataset\Normal\Normal (1336).jpg,Normal,test
C:\Users\Admin\Desktop\dataset train\Dataset\Pneumonia-Bacterial\Pneumonia-Bacterial (2324).jpg,Pneumonia-Bacterial,test
C:\Users\Admin\Desktop\dataset train\Dataset\Pneumonia-Viral\Pneumonia-Viral (1535).jpg,Pneumonia-Viral,test
C:\Users\Admin\Desktop\dataset train\Dataset\COVID\COVID-19 (473).jpg,COVID,test
C:\Users\Admin\Desktop\dataset train\Dataset\Pneumonia-Viral\Pneumonia-Viral (205).jpg,Pneumonia-Viral,test
C:\Users\Admin\Desktop\dataset train\Dataset\Normal\Normal (2675).jpg,Normal,test
C:\Users\Admin\Desktop\dataset train\Dataset\Pneumonia-Viral\Pneumonia-Viral (935).jpg,Pneumonia-Viral,test
C:\Users\Admin\Desktop\dataset train\Dataset\Pneumonia-Bacterial\Pneumonia-Bacterial (2208).jpg,Pneumonia-Bacterial,test
C:\Users\Admin\Desktop\dataset train\Dataset\COVID\COVID-19 (978).jpg,COVID,test
C:\Users\Admin\Desktop\dataset train\Dataset\Pneumonia-Viral\Pneumonia-Viral (115).jpg,Pneumonia-Viral,test
C:\Users\Admin\Desktop\dataset train\Dataset\Normal\Normal (3025).jpg,Normal,test
C:\Users\Admin\Desktop\dataset train\Dataset\Normal\Normal (751).jpg,Normal,test
C:\Users\Admin\Desktop\dataset train\Dataset\Pneumonia-Viral\Pneumonia-Viral (1443).jpg,Pneumonia-Viral,test
C:\Users\Admin\Desktop\dataset train\Dataset\Pneumonia-Viral\Pneumonia-Viral (1458).jpg,Pneumonia-Viral,test
C:\Users\Admin\Desktop\dataset train\Dataset\Normal\Normal (421).jpg,Normal,test
C:\Users\Admin\Desktop\dataset train\Dataset\Pneumonia-Bacterial\Pneumonia-Bacterial (417).jpg,Pneumonia-Bacterial,test
C:\Users\Admin\Desktop\dataset train\Dataset\Normal\Normal (2416).jpg,Normal,test
C:\Users\Admin\Desktop\dataset train\Dataset\Normal\Normal (1925).jpg,Normal,test
C:\Users\Admin\Desktop\dataset train\Dataset\Pneumonia-Viral\Pneumonia-Viral (1369).jpg,Pneumonia-Viral,test
C:\Users\Admin\Desktop\dataset train\Dataset\Normal\Normal (2805).jpg,Normal,test
C:\Users\Admin\Desktop\dataset train\Dataset\Pneumonia-Bacterial\Pneumonia-Bacterial (2977).jpg,Pneumonia-Bacterial,test
C:\Users\Admin\Desktop\dataset train\Dataset\Normal\Normal (1424).jpg,Normal,test
C:\Users\Admin\Desktop\dataset train\Dataset\Pneumonia-Bacterial\Pneumonia-Bacterial (1246).jpg,Pneumonia-Bacterial,test
C:\Users\Admin\Desktop\dataset train\Dataset\Pneumonia-Bacterial\Pneumonia-Bacterial (2345).jpg,Pneumonia-Bacterial,test
C:\Users\Admin\Desktop\dataset train\Dataset\Pneumonia-Viral\Pneumonia-Viral (190).jpg,Pneumonia-Viral,test
C:\Users\Admin\Desktop\dataset train\Dataset\Normal\Normal (1115).jpg,Normal,test
C:\Users\Admin\Desktop\dataset train\Dataset\Normal\Normal (1617).jpg,Normal,test
C:\Users\Admin\Desktop\dataset train\Dataset\Pneumonia-Bacterial\Pneumonia-Bacterial (2470).jpg,Pneumonia-Bacterial,test
C:\Users\Admin\Desktop\dataset train\Dataset\Pneumonia-Bacterial\Pneumonia-Bacterial (2916).jpg,Pneumonia-Bacterial,test
C:\Users\Admin\Desktop\dataset train\Dataset\Pneumonia-Bacterial\Pneumonia-Bacterial (248).jpg,Pneumonia-Bacterial,test
C:\Users\Admin\Desktop\dataset train\Dataset\Pneumonia-Bacterial\Pneumonia-Bacterial (58).jpg,Pneumonia-Bacterial,test
C:\Users\Admin\Desktop\dataset train\Dataset\Normal\Normal (359).jpg,Normal,test
C:\Users\Admin\Desktop\dataset train\Dataset\Pneumonia-Viral\Pneumonia-Viral (1407).jpg,Pneumonia-Viral,test
C:\Users\Admin\Desktop\dataset train\Dataset\Normal\Normal (1471).jpg,Normal,test
C:\Users\Admin\Desktop\dataset train\Dataset\Pneumonia-Bacterial\Pneumonia-Bacterial (782).jpg,Pneumonia-Bacterial,test
C:\Users\Admin\Desktop\dataset train\Dataset\Normal\Normal (32).jpg,Normal,test
C:\Users\Admin\Desktop\dataset train\Dataset\Normal\Normal (621).jpg,Normal,test
C:\Users\Admin\Desktop\dataset train\Dataset\Normal\Normal (2279).jpg,Normal,test
C:\Users\Admin\Desktop\dataset train\Dataset\Normal\Normal (2217).jpg,Normal,test
C:\Users\Admin\Desktop\dataset train\Dataset\Pneumonia-Viral\Pneumonia-Viral (995).jpg,Pneumonia-Viral,test
C:\Users\Admin\Desktop\dataset train\Dataset\Pneumonia-Bacterial\Pneumonia-Bacterial (252).jpg,Pneumonia-Bacterial,test
C:\Users\Admin\Desktop\dataset train\Dataset\Pneumonia-Bacterial\Pneumonia-Bacterial (1012).jpg,Pneumonia-Bacterial,test
C:\Users\Admin\Desktop\dataset train\Dataset\Pneumonia-Bacterial\Pneumonia-Bacterial (2415).jpg,Pneumonia-Bacterial,test
C:\Users\Admin\Desktop\dataset train\Dataset\Pneumonia-Bacterial\Pneumonia-Bacterial (2950).jpg,Pneumonia-Bacterial,test
C:\Users\Admin\Desktop\dataset train\Dataset\Pneumonia-Viral\Pneumonia-Viral (1114).jpg,Pneumonia-Viral,test
C:\Users\Admin\Desktop\dataset train\Dataset\Pneumonia-Bacterial\Pneumonia-Bacterial (2999).jpg,Pneumonia-Bacterial,test
C:\Users\Admin\Desktop\dataset train\Dataset\Pneumonia-Bacterial\Pneumonia-Bacterial (1762).jpg,Pneumonia-Bacterial,test
C:\Users\Admin\Desktop\dataset train\Dataset\Pneumonia-Bacterial\Pneumonia-Bacterial (1430).jpg,Pneumonia-Bacterial,test
C:\Users\Admin\Desktop\dataset train\Dataset\Normal\Normal (1215).jpg,Normal,test
C:\Users\Admin\Desktop\dataset train\Dataset\Pneumonia-Viral\Pneumonia-Viral (1333).jpg,Pneumonia-Viral,test
C:\Users\Admin\Desktop\dataset train\Dataset\Pneumonia-Bacterial\Pneumonia-Bacterial (1946).jpg,Pneumonia-Bacterial,test
C:\Users\Admin\Desktop\dataset train\Dataset\COVID\COVID-19 (581).jpg,COVID,test
C:\Users\Admin\Desktop\dataset train\Dataset\Normal\Normal (284).jpg,Normal,test
C:\Users\Admin\Desktop\dataset train\Dataset\COVID\COVID-19 (272).jpg,COVID,test
C:\Users\Admin\Desktop\dataset train\Dataset\Pneumonia-Bacterial\Pneumonia-Bacterial (2814).jpg,Pneumonia-Bacterial,test
C:\Users\Admin\Desktop\dataset train\Dataset\Normal\Normal (1481).jpg,Normal,test
C:\Users\Admin\Desktop\dataset train\Dataset\Pneumonia-Viral\Pneumonia-Viral (835).jpg,Pneumonia-Viral,test
C:\Users\Admin\Desktop\dataset train\Dataset\Pneumonia-Bacterial\Pneumonia-Bacterial (1062).jpg,Pneumonia-Bacterial,test
C:\Users\Admin\Desktop\dataset train\Dataset\Pneumonia-Bacterial\Pneumonia-Bacterial (762).jpg,Pneumonia-Bacterial,test
C:\Users\Admin\Desktop\dataset train\Dataset\Pneumonia-Bacterial\Pneumonia-Bacterial (824).jpg,Pneumonia-Bacterial,test
C:\Users\Admin\Desktop\dataset train\Dataset\COVID\COVID-19 (561).jpg,COVID,test
C:\Users\Admin\Desktop\dataset train\Dataset\COVID\COVID-19 (1204).jpg,COVID,test
C:\Users\Admin\Desktop\dataset train\Dataset\COVID\COVID-19 (414).jpg,COVID,test
C:\Users\Admin\Desktop\dataset train\Dataset\COVID\COVID-19 (583).jpg,COVID,test
C:\Users\Admin\Desktop\dataset train\Dataset\COVID\COVID-19 (129).jpg,COVID,test
C:\Users\Admin\Desktop\dataset train\Dataset\Pneumonia-Bacterial\Pneumonia-Bacterial (1387).jpg,Pneumonia-Bacterial,test
C:\Users\Admin\Desktop\dataset train\Dataset\Normal\Normal (158).jpg,Normal,test
C:\Users\Admin\Desktop\dataset train\Dataset\Pneumonia-Viral\Pneumonia-Viral (1265).jpg,Pneumonia-Viral,test
C:\Users\Admin\Desktop\dataset train\Dataset\Normal\Normal (2202).jpg,Normal,test
C:\Users\Admin\Desktop\dataset train\Dataset\Pneumonia-Viral\Pneumonia-Viral (109).jpg,Pneumonia-Viral,test
C:\Users\Admin\Desktop\dataset train\Dataset\Pneumonia-Viral\Pneumonia-Viral (1160).jpg,Pneumonia-Viral,test
C:\Users\Admin\Desktop\dataset train\Dataset\Normal\Normal (2523).jpg,Normal,test
C:\Users\Admin\Desktop\dataset train\Dataset\Normal\Normal (692).jpg,Normal,test
C:\Users\Admin\Desktop\dataset train\Dataset\Pneumonia-Viral\Pneumonia-Viral (868).jpg,Pneumonia-Viral,test
C:\Users\Admin\Desktop\dataset train\Dataset\COVID\COVID-19 (113).jpg,COVID,test
C:\Users\Admin\Desktop\dataset train\Dataset\Normal\Normal (1275).jpg,Normal,test
C:\Users\Admin\Desktop\dataset train\Dataset\Normal\Normal (2637).jpg,Normal,test
C:\Users\Admin\Desktop\dataset train\Dataset\Pneumonia-Bacterial\Pneumonia-Bacterial (1755).jpg,Pneumonia-Bacterial,test
